Posture Code,Start ,End,Duration,Task Code,Stool Usage,Sitting,Bed Code,Patient Code,Location
1,4:08:34 PM,4:03:58 PM,00:29,TVH (Transvaginal hysterectomy),No,No,1,1,Right
17,4:03:58 PM,4:04:03 PM,00:05,TVH (Transvaginal hysterectomy),No,No,1,1,Right
1,4:04:03 PM,4:04:11 PM,00:08,TVH (Transvaginal hysterectomy),No,No,1,1,Right
2,4:04:11 PM,4:04:52 PM,00:41,TVH (Transvaginal hysterectomy),No,No,1,1,Right
10,4:04:52 PM,4:04:58 PM,00:06,TVH (Transvaginal hysterectomy),No,No,1,1,Right
2,4:04:58 PM,4:05:36 PM,00:38,TVH (Transvaginal hysterectomy),No,No,1,1,Right
18,4:05:36 PM,4:05:41 PM,00:05,TVH (Transvaginal hysterectomy),No,No,1,1,Right
2,4:05:41 PM,4:05:47 PM,00:06,TVH (Transvaginal hysterectomy),No,No,1,1,Right
10,4:05:47 PM,4:06:07 PM,00:20,TVH (Transvaginal hysterectomy),No,No,1,1,Right
2,4:06:07 PM,4:06:10 PM,00:03,TVH (Transvaginal hysterectomy),No,No,1,1,Right
10,4:06:10 PM,4:06:31 PM,00:21,TVH (Transvaginal hysterectomy),No,No,1,1,Right
12,4:06:31 PM,4:06:31 PM,00:00,TVH (Transvaginal hysterectomy),No,No,1,1,Right
10,4:06:31 PM,4:06:32 PM,00:01,TVH (Transvaginal hysterectomy),No,No,1,1,Right
14,4:06:32 PM,4:06:43 PM,00:11,TVH (Transvaginal hysterectomy),No,No,1,1,Right
6,4:06:43 PM,4:06:46 PM,00:03,TVH (Transvaginal hysterectomy),No,No,1,1,Right
5,4:06:46 PM,4:06:47 PM,00:01,TVH (Transvaginal hysterectomy),No,No,1,1,Right
1,4:06:47 PM,4:07:19 PM,00:32,TVH (Transvaginal hysterectomy),No,No,1,1,Right
5,4:07:19 PM,4:08:37 PM,01:18,TVH (Transvaginal hysterectomy),No,No,1,1,Right
9,4:08:37 PM,4:08:47 PM,00:10,TVH (Transvaginal hysterectomy),No,No,1,1,Right
25,4:08:47 PM,4:08:48 PM,00:01,TVH (Transvaginal hysterectomy),No,No,1,1,Right
9,4:08:48 PM,4:08:52 PM,00:04,TVH (Transvaginal hysterectomy),No,No,1,1,Right
10,4:08:52 PM,4:09:18 PM,00:26,TVH (Transvaginal hysterectomy),No,No,1,1,Right
9,4:09:18 PM,4:09:21 PM,00:03,TVH (Transvaginal hysterectomy),No,No,1,1,Right
1,4:09:21 PM,4:09:26 PM,00:05,TVH (Transvaginal hysterectomy),No,No,1,1,Right
9,4:09:26 PM,4:09:54 PM,00:28,TVH (Transvaginal hysterectomy),No,No,1,1,Right
10,4:09:54 PM,4:09:58 PM,00:04,TVH (Transvaginal hysterectomy),No,No,1,1,Right
14,4:09:58 PM,4:10:10 PM,00:12,TVH (Transvaginal hysterectomy),No,No,1,1,Right
30,4:10:10 PM,4:10:13 PM,00:03,TVH (Transvaginal hysterectomy),No,No,1,1,Right
14,4:10:13 PM,4:10:15 PM,00:02,TVH (Transvaginal hysterectomy),No,No,1,1,Right
16,4:10:15 PM,4:10:31 PM,00:16,TVH (Transvaginal hysterectomy),No,No,1,1,Right
14,4:10:31 PM,4:10:36 PM,00:05,TVH (Transvaginal hysterectomy),No,No,1,1,Right
10,4:10:36 PM,4:10:54 PM,00:18,TVH (Transvaginal hysterectomy),No,No,1,1,Right
26,4:10:54 PM,4:10:55 PM,00:01,TVH (Transvaginal hysterectomy),No,No,1,1,Right
10,4:10:55 PM,4:10:59 PM,00:04,TVH (Transvaginal hysterectomy),No,No,1,1,Right
14,4:10:59 PM,4:11:00 PM,00:01,TVH (Transvaginal hysterectomy),No,No,1,1,Right
10,4:11:00 PM,4:11:43 PM,00:43,TVH (Transvaginal hysterectomy),No,No,1,1,Right
26,4:11:43 PM,4:11:56 PM,00:13,TVH (Transvaginal hysterectomy),No,No,1,1,Right
10,4:11:56 PM,4:12:11 PM,00:15,TVH (Transvaginal hysterectomy),No,No,1,1,Right
2,4:12:11 PM,4:12:17 PM,00:06,TVH (Transvaginal hysterectomy),No,No,1,1,Right
1,4:12:17 PM,4:12:37 PM,00:20,TVH (Transvaginal hysterectomy),No,No,1,1,Right
3,4:12:37 PM,4:12:38 PM,00:01,TVH (Transvaginal hysterectomy),No,No,1,1,Right
7,4:12:38 PM,4:12:38 PM,00:00,TVH (Transvaginal hysterectomy),No,No,1,1,Right
8,4:12:38 PM,4:12:42 PM,00:04,TVH (Transvaginal hysterectomy),No,No,1,1,Right
16,4:12:42 PM,4:12:43 PM,00:01,TVH (Transvaginal hysterectomy),No,No,1,1,Right
32,4:12:43 PM,4:13:01 PM,00:18,TVH (Transvaginal hysterectomy),No,No,1,1,Right
30,4:13:01 PM,4:13:01 PM,00:00,TVH (Transvaginal hysterectomy),No,No,1,1,Right
26,4:13:01 PM,4:13:03 PM,00:02,TVH (Transvaginal hysterectomy),No,No,1,1,Right
10,4:13:03 PM,4:13:13 PM,00:10,TVH (Transvaginal hysterectomy),No,No,1,1,Right
26,4:13:13 PM,4:13:18 PM,00:05,TVH (Transvaginal hysterectomy),No,No,1,1,Right
25,4:13:18 PM,4:13:24 PM,00:06,TVH (Transvaginal hysterectomy),No,No,1,1,Right
9,4:13:24 PM,4:13:37 PM,00:13,TVH (Transvaginal hysterectomy),No,No,1,1,Right
25,4:13:37 PM,4:13:39 PM,00:02,TVH (Transvaginal hysterectomy),No,No,1,1,Right
26,4:13:39 PM,4:13:41 PM,00:02,TVH (Transvaginal hysterectomy),No,No,1,1,Right
30,4:13:41 PM,4:14:22 PM,00:41,TVH (Transvaginal hysterectomy),No,No,1,1,Right
26,4:14:22 PM,4:14:24 PM,00:02,TVH (Transvaginal hysterectomy),No,No,1,1,Right
10,4:14:24 PM,4:14:54 PM,00:30,TVH (Transvaginal hysterectomy),No,No,1,1,Right
12,4:14:54 PM,4:14:59 PM,00:05,TVH (Transvaginal hysterectomy),No,No,1,1,Right
28,4:14:59 PM,4:15:53 PM,00:54,TVH (Transvaginal hysterectomy),No,No,1,1,Right
12,4:15:53 PM,4:15:57 PM,00:04,TVH (Transvaginal hysterectomy),No,No,1,1,Right
10,4:15:57 PM,4:16:09 PM,00:12,TVH (Transvaginal hysterectomy),No,No,1,1,Right
26,4:16:09 PM,4:16:12 PM,00:03,TVH (Transvaginal hysterectomy),No,No,1,1,Right
30,4:16:12 PM,4:16:42 PM,00:30,TVH (Transvaginal hysterectomy),No,No,1,1,Right
26,4:16:42 PM,4:16:45 PM,00:03,TVH (Transvaginal hysterectomy),No,No,1,1,Right
10,4:16:45 PM,4:16:50 PM,00:05,TVH (Transvaginal hysterectomy),No,No,1,1,Right
26,4:16:50 PM,4:16:52 PM,00:02,TVH (Transvaginal hysterectomy),No,No,1,1,Right
10,4:16:52 PM,4:16:56 PM,00:04,TVH (Transvaginal hysterectomy),No,No,1,1,Right
26,4:16:56 PM,4:16:58 PM,00:02,TVH (Transvaginal hysterectomy),No,No,1,1,Right
10,4:16:58 PM,4:17:04 PM,00:06,TVH (Transvaginal hysterectomy),No,No,1,1,Right
2,4:17:04 PM,4:17:06 PM,00:02,TVH (Transvaginal hysterectomy),No,No,1,1,Right
10,4:17:06 PM,4:17:17 PM,00:11,TVH (Transvaginal hysterectomy),No,No,1,1,Right
14,4:17:17 PM,4:17:18 PM,00:01,TVH (Transvaginal hysterectomy),No,No,1,1,Right
10,4:17:18 PM,4:17:20 PM,00:02,TVH (Transvaginal hysterectomy),No,No,1,1,Right
26,4:17:20 PM,4:17:25 PM,00:05,TVH (Transvaginal hysterectomy),No,No,1,1,Right
10,4:17:25 PM,4:18:04 PM,00:39,TVH (Transvaginal hysterectomy),No,No,1,1,Right
2,4:18:04 PM,4:18:46 PM,00:42,TVH (Transvaginal hysterectomy),No,No,1,1,Right
10,4:18:46 PM,4:19:05 PM,00:19,TVH (Transvaginal hysterectomy),No,No,1,1,Right
2,4:19:05 PM,4:19:12 PM,00:07,TVH (Transvaginal hysterectomy),No,No,1,1,Right
18,4:19:12 PM,4:19:17 PM,00:05,TVH (Transvaginal hysterectomy),No,No,1,1,Right
22,4:19:17 PM,4:19:20 PM,00:03,TVH (Transvaginal hysterectomy),No,No,1,1,Right
18,4:19:20 PM,4:19:27 PM,00:07,TVH (Transvaginal hysterectomy),No,No,1,1,Right
22,4:19:27 PM,4:19:28 PM,00:01,TVH (Transvaginal hysterectomy),No,No,1,1,Right
18,4:19:28 PM,4:19:32 PM,00:04,TVH (Transvaginal hysterectomy),No,No,1,1,Right
2,4:19:32 PM,4:20:21 PM,00:49,TVH (Transvaginal hysterectomy),No,No,1,1,Right
10,4:20:21 PM,4:21:30 PM,01:09,TVH (Transvaginal hysterectomy),No,No,1,1,Right
14,4:21:30 PM,4:21:35 PM,00:05,TVH (Transvaginal hysterectomy),No,No,1,1,Right
6,4:21:35 PM,4:21:35 PM,00:00,TVH (Transvaginal hysterectomy),No,No,1,1,Right
2,4:21:35 PM,4:21:40 PM,00:05,TVH (Transvaginal hysterectomy),No,No,1,1,Right
10,4:21:40 PM,4:21:47 PM,00:07,TVH (Transvaginal hysterectomy),No,No,1,1,Right
26,4:21:47 PM,4:21:50 PM,00:03,TVH (Transvaginal hysterectomy),No,No,1,1,Right
18,4:21:50 PM,4:21:51 PM,00:01,TVH (Transvaginal hysterectomy),No,No,1,1,Right
2,4:21:51 PM,4:21:56 PM,00:05,TVH (Transvaginal hysterectomy),No,No,1,1,Right
10,4:21:56 PM,4:21:57 PM,00:01,TVH (Transvaginal hysterectomy),No,No,1,1,Right
26,4:21:57 PM,4:21:58 PM,00:01,TVH (Transvaginal hysterectomy),No,No,1,1,Right
10,4:21:58 PM,4:22:31 PM,00:33,TVH (Transvaginal hysterectomy),No,No,1,1,Right
2,4:22:31 PM,4:22:47 PM,00:16,TVH (Transvaginal hysterectomy),No,No,1,1,Right
18,4:22:47 PM,4:22:54 PM,00:07,TVH (Transvaginal hysterectomy),No,No,1,1,Right
26,4:22:54 PM,4:22:55 PM,00:01,TVH (Transvaginal hysterectomy),No,No,1,1,Right
10,4:22:55 PM,4:22:58 PM,00:03,TVH (Transvaginal hysterectomy),No,No,1,1,Right
2,4:22:58 PM,4:23:45 PM,00:47,TVH (Transvaginal hysterectomy),No,No,1,1,Right
1,4:23:45 PM,4:23:50 PM,00:05,TVH (Transvaginal hysterectomy),No,No,1,1,Right
2,4:23:50 PM,4:24:03 PM,00:13,TVH (Transvaginal hysterectomy),No,No,1,1,Right
18,4:24:03 PM,4:24:04 PM,00:01,TVH (Transvaginal hysterectomy),No,No,1,1,Right
2,4:24:04 PM,4:24:40 PM,00:36,TVH (Transvaginal hysterectomy),No,No,1,1,Right
18,4:24:40 PM,4:24:42 PM,00:02,TVH (Transvaginal hysterectomy),No,No,1,1,Right
2,4:24:42 PM,4:25:15 PM,00:33,TVH (Transvaginal hysterectomy),No,No,1,1,Right
6,4:25:15 PM,4:25:39 PM,00:24,TVH (Transvaginal hysterectomy),No,No,1,1,Right
2,4:25:39 PM,4:25:43 PM,00:04,TVH (Transvaginal hysterectomy),No,No,1,1,Right
6,4:25:43 PM,4:25:43 PM,00:00,TVH (Transvaginal hysterectomy),No,No,1,1,Right
14,4:25:43 PM,4:25:45 PM,00:02,TVH (Transvaginal hysterectomy),No,No,1,1,Right
6,4:25:45 PM,4:25:47 PM,00:02,TVH (Transvaginal hysterectomy),No,No,1,1,Right
2,4:25:47 PM,4:25:49 PM,00:02,TVH (Transvaginal hysterectomy),No,No,1,1,Right
1,4:25:49 PM,4:25:50 PM,00:01,TVH (Transvaginal hysterectomy),No,No,1,1,Right
2,4:25:50 PM,4:26:48 PM,00:58,TVH (Transvaginal hysterectomy),No,No,1,1,Right
6,4:26:48 PM,4:26:51 PM,00:03,TVH (Transvaginal hysterectomy),No,No,1,1,Right
2,4:26:51 PM,4:26:52 PM,00:01,TVH (Transvaginal hysterectomy),No,No,1,1,Right
4,4:26:52 PM,4:26:54 PM,00:02,TVH (Transvaginal hysterectomy),No,No,1,1,Right
2,4:26:54 PM,4:27:08 PM,00:14,TVH (Transvaginal hysterectomy),No,No,1,1,Right
1,4:27:08 PM,4:27:11 PM,00:03,TVH (Transvaginal hysterectomy),No,No,1,1,Right
2,4:27:11 PM,4:27:16 PM,00:05,TVH (Transvaginal hysterectomy),No,No,1,1,Right
1,4:27:16 PM,4:27:45 PM,00:29,TVH (Transvaginal hysterectomy),No,No,1,1,Right
9,4:27:45 PM,4:27:51 PM,00:06,TVH (Transvaginal hysterectomy),No,No,1,1,Right
10,4:27:51 PM,4:27:53 PM,00:02,TVH (Transvaginal hysterectomy),No,No,1,1,Right
26,4:27:53 PM,4:29:28 PM,01:35,TVH (Transvaginal hysterectomy),No,No,1,1,Right
10,4:29:28 PM,4:29:31 PM,00:03,TVH (Transvaginal hysterectomy),No,No,1,1,Right
9,4:29:31 PM,4:29:41 PM,00:10,TVH (Transvaginal hysterectomy),No,No,1,1,Right
25,4:29:41 PM,4:29:44 PM,00:03,TVH (Transvaginal hysterectomy),No,No,1,1,Right
27,4:29:44 PM,4:29:48 PM,00:04,TVH (Transvaginal hysterectomy),No,No,1,1,Right
28,4:29:48 PM,4:30:07 PM,00:19,TVH (Transvaginal hysterectomy),No,No,1,1,Right
12,4:30:07 PM,4:30:27 PM,00:20,TVH (Transvaginal hysterectomy),No,No,1,1,Right
10,4:30:27 PM,4:30:45 PM,00:18,TVH (Transvaginal hysterectomy),No,No,1,1,Right
26,4:30:45 PM,4:30:50 PM,00:05,TVH (Transvaginal hysterectomy),No,No,1,1,Right
10,4:30:50 PM,4:31:01 PM,00:11,TVH (Transvaginal hysterectomy),No,No,1,1,Right
26,4:31:01 PM,4:31:03 PM,00:02,TVH (Transvaginal hysterectomy),No,No,1,1,Right
10,4:31:03 PM,4:31:52 PM,00:49,TVH (Transvaginal hysterectomy),No,No,1,1,Right
26,4:31:52 PM,4:32:00 PM,00:08,TVH (Transvaginal hysterectomy),No,No,1,1,Right
10,4:32:00 PM,4:32:03 PM,00:03,TVH (Transvaginal hysterectomy),No,No,1,1,Right
2,4:32:03 PM,4:32:55 PM,00:52,TVH (Transvaginal hysterectomy),No,No,1,1,Right
18,4:32:55 PM,4:32:59 PM,00:04,TVH (Transvaginal hysterectomy),No,No,1,1,Right
2,4:32:59 PM,4:33:07 PM,00:08,TVH (Transvaginal hysterectomy),No,No,1,1,Right
10,4:33:07 PM,4:33:19 PM,00:12,TVH (Transvaginal hysterectomy),No,No,1,1,Right
12,4:33:19 PM,4:34:10 PM,00:51,TVH (Transvaginal hysterectomy),No,No,1,1,Right
10,4:34:10 PM,4:34:13 PM,00:03,TVH (Transvaginal hysterectomy),No,No,1,1,Right
12,4:34:13 PM,4:34:14 PM,00:01,TVH (Transvaginal hysterectomy),No,No,1,1,Right
16,4:34:14 PM,4:34:26 PM,00:12,TVH (Transvaginal hysterectomy),No,No,1,1,Right
12,4:34:26 PM,4:34:27 PM,00:01,TVH (Transvaginal hysterectomy),No,No,1,1,Right
10,4:34:27 PM,4:34:36 PM,00:09,TVH (Transvaginal hysterectomy),No,No,1,1,Right
2,4:34:36 PM,4:34:49 PM,00:13,TVH (Transvaginal hysterectomy),No,No,1,1,Right
18,4:34:49 PM,4:35:02 PM,00:13,TVH (Transvaginal hysterectomy),No,No,1,1,Right
2,4:35:02 PM,4:35:27 PM,00:25,TVH (Transvaginal hysterectomy),No,No,1,1,Right
10,4:35:27 PM,4:36:52 PM,01:25,TVH (Transvaginal hysterectomy),No,No,1,1,Right
14,4:36:52 PM,4:36:56 PM,00:04,TVH (Transvaginal hysterectomy),No,No,1,1,Right
10,4:36:56 PM,4:37:03 PM,00:07,TVH (Transvaginal hysterectomy),No,No,1,1,Right
2,4:37:03 PM,4:37:06 PM,00:03,TVH (Transvaginal hysterectomy),No,No,1,1,Right
1,4:37:06 PM,4:37:18 PM,00:12,TVH (Transvaginal hysterectomy),No,No,1,1,Right
17,4:37:18 PM,4:37:20 PM,00:02,TVH (Transvaginal hysterectomy),No,No,1,1,Right
1,4:37:20 PM,4:37:24 PM,00:04,TVH (Transvaginal hysterectomy),No,No,1,1,Right
17,4:37:24 PM,4:37:29 PM,00:05,TVH (Transvaginal hysterectomy),No,No,1,1,Right
25,4:37:29 PM,4:37:33 PM,00:04,TVH (Transvaginal hysterectomy),No,No,1,1,Right
29,4:37:33 PM,4:37:45 PM,00:12,TVH (Transvaginal hysterectomy),No,No,1,1,Right
25,4:37:45 PM,4:37:47 PM,00:02,TVH (Transvaginal hysterectomy),No,No,1,1,Right
17,4:37:47 PM,4:37:48 PM,00:01,TVH (Transvaginal hysterectomy),No,No,1,1,Right
1,4:37:48 PM,4:38:01 PM,00:13,TVH (Transvaginal hysterectomy),No,No,1,1,Right
2,4:38:01 PM,4:38:05 PM,00:04,TVH (Transvaginal hysterectomy),No,No,1,1,Right
10,4:38:05 PM,4:39:29 PM,01:24,TVH (Transvaginal hysterectomy),No,No,1,1,Right
9,4:39:29 PM,4:39:29 PM,00:00,TVH (Transvaginal hysterectomy),No,No,1,1,Right
10,4:39:29 PM,4:39:40 PM,00:11,TVH (Transvaginal hysterectomy),No,No,1,1,Right
2,4:39:40 PM,4:39:56 PM,00:16,TVH (Transvaginal hysterectomy),No,No,1,1,Right
10,4:39:56 PM,4:40:53 PM,00:57,TVH (Transvaginal hysterectomy),No,No,1,1,Right
26,4:40:53 PM,4:40:55 PM,00:02,TVH (Transvaginal hysterectomy),No,No,1,1,Right
30,4:40:55 PM,4:41:00 PM,00:05,TVH (Transvaginal hysterectomy),No,No,1,1,Right
26,4:41:00 PM,4:41:05 PM,00:05,TVH (Transvaginal hysterectomy),No,No,1,1,Right
25,4:41:05 PM,4:41:08 PM,00:03,TVH (Transvaginal hysterectomy),No,No,1,1,Right
26,4:41:08 PM,4:41:09 PM,00:01,TVH (Transvaginal hysterectomy),No,No,1,1,Right
10,4:41:09 PM,4:41:31 PM,00:22,TVH (Transvaginal hysterectomy),No,No,1,1,Right
14,4:41:31 PM,4:42:10 PM,00:39,TVH (Transvaginal hysterectomy),No,No,1,1,Right
16,4:42:10 PM,4:42:16 PM,00:06,TVH (Transvaginal hysterectomy),No,No,1,1,Right
14,4:42:16 PM,4:42:18 PM,00:02,TVH (Transvaginal hysterectomy),No,No,1,1,Right
10,4:42:18 PM,4:42:28 PM,00:10,TVH (Transvaginal hysterectomy),No,No,1,1,Right
14,4:42:28 PM,4:42:30 PM,00:02,TVH (Transvaginal hysterectomy),No,No,1,1,Right
13,4:42:30 PM,4:42:34 PM,00:04,TVH (Transvaginal hysterectomy),No,No,1,1,Right
14,4:42:34 PM,4:42:35 PM,00:01,TVH (Transvaginal hysterectomy),No,No,1,1,Right
13,4:42:35 PM,4:42:36 PM,00:01,TVH (Transvaginal hysterectomy),No,No,1,1,Right
9,4:42:36 PM,4:44:09 PM,01:33,TVH (Transvaginal hysterectomy),No,No,1,1,Right
25,4:44:09 PM,4:44:09 PM,00:00,TVH (Transvaginal hysterectomy),No,No,2,1,Right
26,4:44:09 PM,4:44:37 PM,00:28,TVH (Transvaginal hysterectomy),No,No,2,1,Right
10,4:44:37 PM,4:44:45 PM,00:08,TVH (Transvaginal hysterectomy),No,No,2,1,Right
26,4:44:45 PM,4:44:46 PM,00:01,TVH (Transvaginal hysterectomy),No,No,2,1,Right
10,4:44:46 PM,4:44:52 PM,00:06,TVH (Transvaginal hysterectomy),No,No,2,1,Right
12,4:44:52 PM,4:45:07 PM,00:15,TVH (Transvaginal hysterectomy),No,No,2,1,Right
10,4:45:07 PM,4:45:34 PM,00:27,TVH (Transvaginal hysterectomy),No,No,2,1,Right
12,4:45:34 PM,4:45:35 PM,00:01,TVH (Transvaginal hysterectomy),No,No,2,1,Right
10,4:45:35 PM,4:45:35 PM,00:00,TVH (Transvaginal hysterectomy),No,No,2,1,Right
14,4:45:35 PM,4:46:23 PM,00:48,TVH (Transvaginal hysterectomy),No,No,2,1,Right
10,4:46:23 PM,4:46:26 PM,00:03,TVH (Transvaginal hysterectomy),No,No,2,1,Right
26,4:46:26 PM,4:46:36 PM,00:10,TVH (Transvaginal hysterectomy),No,No,2,1,Right
10,4:46:36 PM,4:47:14 PM,00:38,TVH (Transvaginal hysterectomy),No,No,2,1,Right
14,4:47:14 PM,4:47:24 PM,00:10,TVH (Transvaginal hysterectomy),No,No,2,1,Right
10,4:47:24 PM,4:47:57 PM,00:33,TVH (Transvaginal hysterectomy),No,No,2,1,Right
12,4:47:57 PM,4:48:07 PM,00:10,TVH (Transvaginal hysterectomy),No,No,2,1,Right
10,4:48:07 PM,4:48:22 PM,00:15,TVH (Transvaginal hysterectomy),No,No,2,1,Right
2,4:48:22 PM,4:48:31 PM,00:09,TVH (Transvaginal hysterectomy),No,No,2,1,Right
4,4:48:31 PM,4:48:32 PM,00:01,TVH (Transvaginal hysterectomy),No,No,2,1,Right
8,4:48:32 PM,4:49:24 PM,00:52,TVH (Transvaginal hysterectomy),No,No,2,1,Right
6,4:49:24 PM,4:49:25 PM,00:01,TVH (Transvaginal hysterectomy),No,No,2,1,Right
2,4:49:25 PM,4:49:26 PM,00:01,TVH (Transvaginal hysterectomy),No,No,2,1,Right
4,4:49:26 PM,4:49:26 PM,00:00,TVH (Transvaginal hysterectomy),No,No,2,1,Right
8,4:49:26 PM,4:49:43 PM,00:17,TVH (Transvaginal hysterectomy),No,No,2,1,Right
6,4:49:43 PM,4:49:46 PM,00:03,TVH (Transvaginal hysterectomy),No,No,2,1,Right
2,4:49:46 PM,4:49:50 PM,00:04,TVH (Transvaginal hysterectomy),No,No,2,1,Right
18,4:49:50 PM,4:49:55 PM,00:05,TVH (Transvaginal hysterectomy),No,No,2,1,Right
2,4:49:55 PM,4:50:00 PM,00:05,TVH (Transvaginal hysterectomy),No,No,2,1,Right
4,4:50:00 PM,4:50:46 PM,00:46,TVH (Transvaginal hysterectomy),No,No,2,1,Right
2,4:50:46 PM,4:51:31 PM,00:45,TVH (Transvaginal hysterectomy),No,No,2,1,Right
18,4:51:31 PM,4:51:33 PM,00:02,TVH (Transvaginal hysterectomy),No,No,2,1,Right
2,4:51:33 PM,4:52:08 PM,00:35,TVH (Transvaginal hysterectomy),No,No,2,1,Right
6,4:52:08 PM,4:52:09 PM,00:01,TVH (Transvaginal hysterectomy),No,No,2,1,Right
2,4:52:09 PM,4:52:14 PM,00:05,TVH (Transvaginal hysterectomy),No,No,2,1,Right
4,4:52:14 PM,4:52:16 PM,00:02,TVH (Transvaginal hysterectomy),No,No,2,1,Right
2,4:52:16 PM,4:52:30 PM,00:14,TVH (Transvaginal hysterectomy),No,No,2,1,Right
18,4:52:30 PM,4:52:33 PM,00:03,TVH (Transvaginal hysterectomy),No,No,2,1,Right
2,4:52:33 PM,4:52:51 PM,00:18,TVH (Transvaginal hysterectomy),No,No,2,1,Right
10,4:52:51 PM,4:52:56 PM,00:05,TVH (Transvaginal hysterectomy),No,No,2,1,Right
12,4:52:56 PM,4:52:58 PM,00:02,TVH (Transvaginal hysterectomy),No,No,2,1,Right
10,4:52:58 PM,4:53:03 PM,00:05,TVH (Transvaginal hysterectomy),No,No,2,1,Right
26,4:53:03 PM,4:53:07 PM,00:04,TVH (Transvaginal hysterectomy),No,No,2,1,Right
25,4:53:07 PM,4:53:11 PM,00:04,TVH (Transvaginal hysterectomy),No,No,2,1,Right
26,4:53:11 PM,4:53:23 PM,00:12,TVH (Transvaginal hysterectomy),No,No,2,1,Right
10,4:53:23 PM,4:53:36 PM,00:13,TVH (Transvaginal hysterectomy),No,No,2,1,Right
2,4:53:36 PM,4:53:44 PM,00:08,TVH (Transvaginal hysterectomy),No,No,2,1,Right
10,4:53:44 PM,4:53:46 PM,00:02,TVH (Transvaginal hysterectomy),No,No,2,1,Right
2,4:53:46 PM,4:53:55 PM,00:09,TVH (Transvaginal hysterectomy),No,No,2,1,Right
4,4:53:55 PM,4:54:23 PM,00:28,TVH (Transvaginal hysterectomy),No,No,2,1,Right
2,4:54:23 PM,4:54:26 PM,00:03,TVH (Transvaginal hysterectomy),No,No,2,1,Right
10,4:54:26 PM,4:54:51 PM,00:25,TVH (Transvaginal hysterectomy),No,No,2,1,Right
12,4:54:51 PM,4:54:53 PM,00:02,TVH (Transvaginal hysterectomy),No,No,2,1,Right
10,4:54:53 PM,4:54:56 PM,00:03,TVH (Transvaginal hysterectomy),No,No,2,1,Right
12,4:54:56 PM,4:55:11 PM,00:15,TVH (Transvaginal hysterectomy),No,No,2,1,Right
10,4:55:11 PM,4:55:14 PM,00:03,TVH (Transvaginal hysterectomy),No,No,2,1,Right
12,4:55:14 PM,4:55:43 PM,00:29,TVH (Transvaginal hysterectomy),No,No,2,1,Right
4,4:55:43 PM,4:55:44 PM,00:01,TVH (Transvaginal hysterectomy),No,No,2,1,Right
2,4:55:44 PM,4:55:50 PM,00:06,TVH (Transvaginal hysterectomy),No,No,2,1,Right
10,4:55:50 PM,4:55:51 PM,00:01,TVH (Transvaginal hysterectomy),No,No,2,1,Right
12,4:55:51 PM,4:56:08 PM,00:17,TVH (Transvaginal hysterectomy),No,No,2,1,Right
28,4:56:08 PM,4:56:10 PM,00:02,TVH (Transvaginal hysterectomy),No,No,2,1,Right
26,4:56:10 PM,4:56:12 PM,00:02,TVH (Transvaginal hysterectomy),No,No,2,1,Right
18,4:56:12 PM,4:56:13 PM,00:01,TVH (Transvaginal hysterectomy),No,No,2,1,Right
2,4:56:13 PM,4:56:16 PM,00:03,TVH (Transvaginal hysterectomy),No,No,2,1,Right
10,4:56:16 PM,4:56:25 PM,00:09,TVH (Transvaginal hysterectomy),No,No,2,1,Right
2,4:56:25 PM,4:56:27 PM,00:02,TVH (Transvaginal hysterectomy),No,No,2,1,Right
10,4:56:27 PM,4:58:27 PM,02:00,TVH (Transvaginal hysterectomy),No,No,2,1,Right
12,4:58:27 PM,4:58:31 PM,00:04,TVH (Transvaginal hysterectomy),No,No,2,1,Right
10,4:58:31 PM,4:59:05 PM,00:34,TVH (Transvaginal hysterectomy),No,No,2,1,Right
12,4:59:05 PM,4:59:07 PM,00:02,TVH (Transvaginal hysterectomy),No,No,2,1,Right
10,4:59:07 PM,4:59:08 PM,00:01,TVH (Transvaginal hysterectomy),No,No,2,1,Right
14,4:59:08 PM,4:59:11 PM,00:03,TVH (Transvaginal hysterectomy),No,No,2,1,Right
10,4:59:11 PM,4:59:14 PM,00:03,TVH (Transvaginal hysterectomy),No,No,2,1,Right
12,4:59:14 PM,4:59:15 PM,00:01,TVH (Transvaginal hysterectomy),No,No,2,1,Right
16,4:59:15 PM,5:00:03 PM,00:48,TVH (Transvaginal hysterectomy),No,No,2,1,Right
12,5:00:03 PM,5:00:06 PM,00:03,TVH (Transvaginal hysterectomy),No,No,2,1,Right
28,5:00:06 PM,5:00:17 PM,00:11,TVH (Transvaginal hysterectomy),No,No,2,1,Right
32,5:00:17 PM,5:00:19 PM,00:02,TVH (Transvaginal hysterectomy),No,No,2,1,Right
28,5:00:19 PM,5:00:21 PM,00:02,TVH (Transvaginal hysterectomy),No,No,2,1,Right
32,5:00:21 PM,5:00:22 PM,00:01,TVH (Transvaginal hysterectomy),No,No,2,1,Right
28,5:00:22 PM,5:00:28 PM,00:06,TVH (Transvaginal hysterectomy),No,No,2,1,Right
12,5:00:28 PM,5:00:33 PM,00:05,TVH (Transvaginal hysterectomy),No,No,2,1,Right
10,5:00:33 PM,5:00:35 PM,00:02,TVH (Transvaginal hysterectomy),No,No,2,1,Right
12,5:00:35 PM,5:01:03 PM,00:28,TVH (Transvaginal hysterectomy),No,No,2,1,Right
28,5:01:03 PM,5:01:09 PM,00:06,TVH (Transvaginal hysterectomy),No,No,2,1,Right
12,5:01:09 PM,5:01:12 PM,00:03,TVH (Transvaginal hysterectomy),No,No,2,1,Right
10,5:01:12 PM,5:01:13 PM,00:01,TVH (Transvaginal hysterectomy),No,No,2,1,Right
12,5:01:13 PM,5:01:33 PM,00:20,TVH (Transvaginal hysterectomy),No,No,2,1,Right
28,5:01:33 PM,5:01:35 PM,00:02,TVH (Transvaginal hysterectomy),No,No,2,1,Right
12,5:01:35 PM,5:01:45 PM,00:10,TVH (Transvaginal hysterectomy),No,No,2,1,Right
10,5:01:45 PM,5:01:51 PM,00:06,TVH (Transvaginal hysterectomy),No,No,2,1,Right
9,5:01:51 PM,5:01:53 PM,00:02,TVH (Transvaginal hysterectomy),No,No,2,1,Right
25,5:01:53 PM,5:01:55 PM,00:02,TVH (Transvaginal hysterectomy),No,No,2,1,Right
26,5:01:55 PM,5:01:55 PM,00:00,TVH (Transvaginal hysterectomy),No,No,2,1,Right
10,5:01:55 PM,5:01:56 PM,00:01,TVH (Transvaginal hysterectomy),No,No,2,1,Right
26,5:01:56 PM,5:02:01 PM,00:05,TVH (Transvaginal hysterectomy),No,No,2,1,Right
25,5:02:01 PM,5:02:01 PM,00:00,TVH (Transvaginal hysterectomy),No,No,2,1,Right
9,5:02:01 PM,5:02:01 PM,00:00,TVH (Transvaginal hysterectomy),No,No,2,1,Right
1,5:02:01 PM,5:02:01 PM,00:00,TVH (Transvaginal hysterectomy),No,No,2,1,Right
3,5:04:24 PM,5:04:27 PM,00:03,Unilateral salpingectomy,No,No,4,2,Right
11,5:04:27 PM,5:04:27 PM,00:00,Unilateral salpingectomy,No,No,4,2,Right
12,5:04:27 PM,5:04:36 PM,00:09,Unilateral salpingectomy,No,No,4,2,Right
28,5:04:36 PM,5:04:39 PM,00:03,Unilateral salpingectomy,No,No,4,2,Right
27,5:04:39 PM,5:04:49 PM,00:10,Unilateral salpingectomy,No,No,4,2,Right
11,5:04:49 PM,5:04:50 PM,00:01,Unilateral salpingectomy,No,No,4,2,Right
12,5:04:50 PM,5:05:06 PM,00:16,Unilateral salpingectomy,No,No,4,2,Right
4,5:05:06 PM,5:05:08 PM,00:02,Unilateral salpingectomy,No,No,4,2,Right
20,5:05:08 PM,5:05:11 PM,00:03,Unilateral salpingectomy,No,No,4,2,Right
4,5:05:11 PM,5:05:13 PM,00:02,Unilateral salpingectomy,No,No,4,2,Right
12,5:05:13 PM,5:05:17 PM,00:04,Unilateral salpingectomy,No,No,4,2,Right
4,5:05:17 PM,5:05:22 PM,00:05,Unilateral salpingectomy,No,No,4,2,Right
12,5:05:22 PM,5:05:25 PM,00:03,Unilateral salpingectomy,No,No,4,2,Right
4,5:05:25 PM,5:05:27 PM,00:02,Unilateral salpingectomy,No,No,4,2,Right
3,5:05:27 PM,5:05:36 PM,00:09,Unilateral salpingectomy,No,No,4,2,Right
1,5:05:36 PM,5:05:54 PM,00:18,Unilateral salpingectomy,No,No,4,2,Right
9,5:11:53 PM,5:11:54 PM,00:01,USLS (Uterosacral ligament suspension),No,No,5,3,Right
11,5:11:54 PM,5:11:56 PM,00:02,USLS (Uterosacral ligament suspension),No,No,5,3,Right
12,5:11:56 PM,5:12:51 PM,00:55,USLS (Uterosacral ligament suspension),No,No,5,3,Right
10,5:12:51 PM,5:12:53 PM,00:02,USLS (Uterosacral ligament suspension),No,No,5,3,Right
9,5:12:53 PM,5:13:27 PM,00:34,USLS (Uterosacral ligament suspension),No,No,5,3,Right
10,5:13:27 PM,5:13:35 PM,00:08,USLS (Uterosacral ligament suspension),No,No,5,3,Right
9,5:13:35 PM,5:14:06 PM,00:31,USLS (Uterosacral ligament suspension),No,No,5,3,Right
10,5:14:06 PM,5:15:26 PM,01:20,USLS (Uterosacral ligament suspension),No,No,5,3,Right
9,5:15:26 PM,5:15:59 PM,00:33,USLS (Uterosacral ligament suspension),No,No,5,3,Right
10,5:15:59 PM,5:17:12 PM,01:13,USLS (Uterosacral ligament suspension),No,No,5,3,Right
14,5:17:12 PM,5:17:52 PM,00:40,USLS (Uterosacral ligament suspension),No,No,5,3,Right
10,5:17:52 PM,5:18:41 PM,00:49,USLS (Uterosacral ligament suspension),No,No,5,3,Right
26,5:18:41 PM,5:18:48 PM,00:07,USLS (Uterosacral ligament suspension),No,No,5,3,Right
10,5:18:48 PM,5:19:39 PM,00:51,USLS (Uterosacral ligament suspension),No,No,5,3,Right
2,5:19:39 PM,5:19:43 PM,00:04,USLS (Uterosacral ligament suspension),No,No,5,3,Right
1,5:19:43 PM,5:19:58 PM,00:15,USLS (Uterosacral ligament suspension),No,No,5,3,Right
2,5:19:58 PM,5:20:08 PM,00:10,USLS (Uterosacral ligament suspension),No,No,5,3,Right
18,5:20:08 PM,5:20:15 PM,00:07,USLS (Uterosacral ligament suspension),No,No,5,3,Right
22,5:20:15 PM,5:20:18 PM,00:03,USLS (Uterosacral ligament suspension),No,No,5,3,Right
30,5:20:18 PM,5:20:19 PM,00:01,USLS (Uterosacral ligament suspension),No,No,5,3,Right
14,5:20:19 PM,5:20:20 PM,00:01,USLS (Uterosacral ligament suspension),No,No,5,3,Right
30,5:20:20 PM,5:20:24 PM,00:04,USLS (Uterosacral ligament suspension),No,No,5,3,Right
14,5:20:24 PM,5:20:25 PM,00:01,USLS (Uterosacral ligament suspension),No,No,5,3,Right
10,5:20:25 PM,5:20:29 PM,00:04,USLS (Uterosacral ligament suspension),No,No,5,3,Right
9,5:20:29 PM,5:20:31 PM,00:02,USLS (Uterosacral ligament suspension),No,No,5,3,Right
1,5:20:31 PM,5:20:42 PM,00:11,USLS (Uterosacral ligament suspension),No,No,5,3,Right
2,5:30:34 PM,5:31:08 PM,00:34,USLS (Uterosacral ligament suspension),No,No,7,5,Right
18,5:31:08 PM,5:31:10 PM,00:02,USLS (Uterosacral ligament suspension),No,No,7,5,Right
2,5:31:10 PM,5:31:50 PM,00:40,USLS (Uterosacral ligament suspension),No,No,7,5,Right
18,5:31:50 PM,5:31:51 PM,00:01,USLS (Uterosacral ligament suspension),No,No,7,5,Right
2,5:31:51 PM,5:31:54 PM,00:03,USLS (Uterosacral ligament suspension),No,No,7,5,Right
18,5:31:54 PM,5:31:57 PM,00:03,USLS (Uterosacral ligament suspension),No,No,7,5,Right
26,5:31:57 PM,5:32:07 PM,00:10,USLS (Uterosacral ligament suspension),No,No,7,5,Right
18,5:32:07 PM,5:32:10 PM,00:03,USLS (Uterosacral ligament suspension),No,No,7,5,Right
2,5:32:10 PM,5:32:49 PM,00:39,USLS (Uterosacral ligament suspension),No,No,7,5,Right
10,5:32:49 PM,5:32:51 PM,00:02,USLS (Uterosacral ligament suspension),No,No,7,5,Right
9,5:32:51 PM,5:32:54 PM,00:03,USLS (Uterosacral ligament suspension),No,No,7,5,Right
10,5:32:54 PM,5:32:59 PM,00:05,USLS (Uterosacral ligament suspension),No,No,7,5,Right
9,5:32:59 PM,5:33:01 PM,00:02,USLS (Uterosacral ligament suspension),No,No,7,5,Right
10,5:33:01 PM,5:33:27 PM,00:26,USLS (Uterosacral ligament suspension),No,No,7,5,Right
26,5:33:27 PM,5:33:30 PM,00:03,USLS (Uterosacral ligament suspension),No,No,7,5,Right
18,5:33:30 PM,5:33:32 PM,00:02,USLS (Uterosacral ligament suspension),No,No,7,5,Right
2,5:33:32 PM,5:33:40 PM,00:08,USLS (Uterosacral ligament suspension),No,No,7,5,Right
1,5:33:40 PM,5:33:42 PM,00:02,USLS (Uterosacral ligament suspension),No,No,7,5,Right
17,5:33:42 PM,5:33:49 PM,00:07,USLS (Uterosacral ligament suspension),No,No,7,5,Right
18,5:33:49 PM,5:33:52 PM,00:03,USLS (Uterosacral ligament suspension),No,No,7,5,Right
2,5:33:52 PM,5:34:02 PM,00:10,USLS (Uterosacral ligament suspension),No,No,7,5,Right
18,5:34:02 PM,5:34:08 PM,00:06,USLS (Uterosacral ligament suspension),No,No,7,5,Right
2,5:34:08 PM,5:34:19 PM,00:11,USLS (Uterosacral ligament suspension),No,No,7,5,Right
6,5:34:19 PM,5:34:24 PM,00:05,USLS (Uterosacral ligament suspension),No,No,7,5,Right
2,5:34:24 PM,5:34:37 PM,00:13,USLS (Uterosacral ligament suspension),No,No,7,5,Right
1,5:34:37 PM,5:34:44 PM,00:07,USLS (Uterosacral ligament suspension),No,No,7,5,Right
3,5:34:44 PM,5:34:47 PM,00:03,USLS (Uterosacral ligament suspension),No,No,7,5,Right
1,5:34:47 PM,5:34:54 PM,00:07,USLS (Uterosacral ligament suspension),No,No,7,5,Right
17,5:34:54 PM,5:34:55 PM,00:01,USLS (Uterosacral ligament suspension),No,No,7,5,Right
18,5:34:55 PM,5:34:57 PM,00:02,USLS (Uterosacral ligament suspension),No,No,7,5,Right
2,5:34:57 PM,5:35:26 PM,00:29,USLS (Uterosacral ligament suspension),No,No,7,5,Right
6,5:35:26 PM,5:35:37 PM,00:11,USLS (Uterosacral ligament suspension),No,No,7,5,Right
2,5:35:37 PM,5:35:39 PM,00:02,USLS (Uterosacral ligament suspension),No,No,7,5,Right
1,5:35:39 PM,5:35:46 PM,00:07,USLS (Uterosacral ligament suspension),No,No,7,5,Right
9,5:35:46 PM,5:35:47 PM,00:01,USLS (Uterosacral ligament suspension),No,No,7,5,Right
1,5:35:47 PM,5:35:48 PM,00:01,USLS (Uterosacral ligament suspension),No,No,7,5,Right
2,5:35:48 PM,5:35:58 PM,00:10,USLS (Uterosacral ligament suspension),No,No,7,5,Right
6,5:35:58 PM,5:36:06 PM,00:08,USLS (Uterosacral ligament suspension),No,No,7,5,Right
22,5:36:06 PM,5:36:07 PM,00:01,USLS (Uterosacral ligament suspension),No,No,7,5,Right
21,5:36:07 PM,5:36:23 PM,00:16,USLS (Uterosacral ligament suspension),No,No,7,5,Right
5,5:36:23 PM,5:36:56 PM,00:33,USLS (Uterosacral ligament suspension),No,No,7,5,Right
1,5:36:56 PM,5:37:06 PM,00:10,USLS (Uterosacral ligament suspension),No,No,7,5,Right
2,5:37:06 PM,5:37:56 PM,00:50,USLS (Uterosacral ligament suspension),No,No,7,5,Right
6,5:37:56 PM,5:37:56 PM,00:00,USLS (Uterosacral ligament suspension),No,No,7,5,Right
2,5:37:56 PM,5:37:59 PM,00:03,USLS (Uterosacral ligament suspension),No,No,7,5,Right
4,5:37:59 PM,5:38:01 PM,00:02,USLS (Uterosacral ligament suspension),No,No,7,5,Right
2,5:38:01 PM,5:38:02 PM,00:01,USLS (Uterosacral ligament suspension),No,No,7,5,Right
1,5:38:02 PM,5:38:04 PM,00:02,USLS (Uterosacral ligament suspension),No,No,7,5,Right
2,5:38:04 PM,5:38:14 PM,00:10,USLS (Uterosacral ligament suspension),No,No,7,5,Right
1,5:38:14 PM,5:38:17 PM,00:03,USLS (Uterosacral ligament suspension),No,No,7,5,Right
17,5:38:17 PM,5:38:18 PM,00:01,USLS (Uterosacral ligament suspension),No,No,7,5,Right
1,5:38:18 PM,5:38:22 PM,00:04,USLS (Uterosacral ligament suspension),No,No,7,5,Right
17,5:38:22 PM,5:38:23 PM,00:01,USLS (Uterosacral ligament suspension),No,No,7,5,Right
1,5:38:23 PM,5:38:33 PM,00:10,USLS (Uterosacral ligament suspension),No,No,7,5,Right
17,5:38:33 PM,5:38:34 PM,00:01,USLS (Uterosacral ligament suspension),No,No,7,5,Right
18,5:38:34 PM,5:38:41 PM,00:07,USLS (Uterosacral ligament suspension),No,No,7,5,Right
22,5:38:41 PM,5:38:44 PM,00:03,USLS (Uterosacral ligament suspension),No,No,7,5,Right
18,5:38:44 PM,5:38:47 PM,00:03,USLS (Uterosacral ligament suspension),No,No,7,5,Right
2,5:38:47 PM,5:39:31 PM,00:44,USLS (Uterosacral ligament suspension),No,No,7,5,Right
4,5:39:31 PM,5:39:50 PM,00:19,USLS (Uterosacral ligament suspension),No,No,7,5,Right
2,5:39:50 PM,5:39:59 PM,00:09,USLS (Uterosacral ligament suspension),No,No,7,5,Right
10,5:39:59 PM,5:40:18 PM,00:19,USLS (Uterosacral ligament suspension),No,No,7,5,Right
2,5:40:18 PM,5:40:18 PM,00:00,USLS (Uterosacral ligament suspension),No,No,7,5,Right
1,5:40:18 PM,5:40:38 PM,00:20,USLS (Uterosacral ligament suspension),No,No,7,5,Right
2,5:40:38 PM,5:40:41 PM,00:03,USLS (Uterosacral ligament suspension),No,No,7,5,Right
6,5:40:41 PM,5:40:43 PM,00:02,USLS (Uterosacral ligament suspension),No,No,7,5,Right
8,5:40:43 PM,5:40:46 PM,00:03,USLS (Uterosacral ligament suspension),No,No,7,5,Right
6,5:40:46 PM,5:40:50 PM,00:04,USLS (Uterosacral ligament suspension),No,No,7,5,Right
2,5:40:50 PM,5:40:54 PM,00:04,USLS (Uterosacral ligament suspension),No,No,7,5,Right
1,5:40:54 PM,5:41:00 PM,00:06,USLS (Uterosacral ligament suspension),No,No,7,5,Right
2,5:41:00 PM,5:41:01 PM,00:01,USLS (Uterosacral ligament suspension),No,No,7,5,Right
18,5:41:01 PM,5:41:04 PM,00:03,USLS (Uterosacral ligament suspension),No,No,7,5,Right
2,5:41:04 PM,5:41:07 PM,00:03,USLS (Uterosacral ligament suspension),No,No,7,5,Right
4,5:41:07 PM,5:41:26 PM,00:19,USLS (Uterosacral ligament suspension),No,No,7,5,Right
8,5:41:26 PM,5:41:29 PM,00:03,USLS (Uterosacral ligament suspension),No,No,7,5,Right
16,5:41:29 PM,5:41:36 PM,00:07,USLS (Uterosacral ligament suspension),No,No,7,5,Right
14,5:41:36 PM,5:41:38 PM,00:02,USLS (Uterosacral ligament suspension),No,No,7,5,Right
10,5:41:38 PM,5:41:39 PM,00:01,USLS (Uterosacral ligament suspension),No,No,7,5,Right
12,5:41:39 PM,5:41:58 PM,00:19,USLS (Uterosacral ligament suspension),No,No,7,5,Right
10,5:41:58 PM,5:42:00 PM,00:02,USLS (Uterosacral ligament suspension),No,No,7,5,Right
2,5:42:00 PM,5:42:33 PM,00:33,USLS (Uterosacral ligament suspension),No,No,7,5,Right
1,5:42:33 PM,5:42:45 PM,00:12,USLS (Uterosacral ligament suspension),No,No,7,5,Right
9,5:42:45 PM,5:42:48 PM,00:03,USLS (Uterosacral ligament suspension),No,No,7,5,Right
1,5:42:48 PM,5:43:23 PM,00:35,USLS (Uterosacral ligament suspension),No,No,7,5,Right
2,5:43:23 PM,5:43:31 PM,00:08,USLS (Uterosacral ligament suspension),No,No,7,5,Right
1,5:43:31 PM,5:43:32 PM,00:01,USLS (Uterosacral ligament suspension),No,No,7,5,Right
3,5:43:32 PM,5:43:34 PM,00:02,USLS (Uterosacral ligament suspension),No,No,7,5,Right
1,5:43:34 PM,5:43:46 PM,00:12,USLS (Uterosacral ligament suspension),No,No,7,5,Right
2,5:43:46 PM,5:43:48 PM,00:02,USLS (Uterosacral ligament suspension),No,No,7,5,Right
1,5:43:48 PM,5:43:55 PM,00:07,USLS (Uterosacral ligament suspension),No,No,7,5,Right
2,5:43:55 PM,5:44:39 PM,00:44,USLS (Uterosacral ligament suspension),No,No,7,5,Right
1,5:44:39 PM,5:45:09 PM,00:30,USLS (Uterosacral ligament suspension),No,No,7,5,Right
2,5:45:09 PM,5:45:21 PM,00:12,USLS (Uterosacral ligament suspension),No,No,7,5,Right
18,5:45:21 PM,5:45:23 PM,00:02,USLS (Uterosacral ligament suspension),No,No,7,5,Right
2,5:45:23 PM,5:45:25 PM,00:02,USLS (Uterosacral ligament suspension),No,No,7,5,Right
1,5:45:25 PM,5:45:28 PM,00:03,USLS (Uterosacral ligament suspension),No,No,7,5,Right
2,5:45:28 PM,5:45:38 PM,00:10,USLS (Uterosacral ligament suspension),No,No,7,5,Right
1,5:45:38 PM,5:45:42 PM,00:04,USLS (Uterosacral ligament suspension),No,No,7,5,Right
2,5:45:42 PM,5:45:43 PM,00:01,USLS (Uterosacral ligament suspension),No,No,7,5,Right
4,5:45:43 PM,5:45:45 PM,00:02,USLS (Uterosacral ligament suspension),No,No,7,5,Right
2,5:45:45 PM,5:45:49 PM,00:04,USLS (Uterosacral ligament suspension),No,No,7,5,Right
4,5:45:49 PM,5:45:52 PM,00:03,USLS (Uterosacral ligament suspension),No,No,7,5,Right
2,5:45:52 PM,5:45:55 PM,00:03,USLS (Uterosacral ligament suspension),No,No,7,5,Right
4,5:45:55 PM,5:45:57 PM,00:02,USLS (Uterosacral ligament suspension),No,No,7,5,Right
8,5:45:57 PM,5:45:58 PM,00:01,USLS (Uterosacral ligament suspension),No,No,7,5,Right
4,5:45:58 PM,5:46:02 PM,00:04,USLS (Uterosacral ligament suspension),No,No,7,5,Right
3,5:46:02 PM,5:46:04 PM,00:02,USLS (Uterosacral ligament suspension),No,No,7,5,Right
4,5:46:04 PM,5:46:07 PM,00:03,USLS (Uterosacral ligament suspension),No,No,7,5,Right
3,5:46:07 PM,5:46:20 PM,00:13,USLS (Uterosacral ligament suspension),No,No,7,5,Right
1,5:46:20 PM,5:46:34 PM,00:14,USLS (Uterosacral ligament suspension),No,No,7,5,Right
2,5:46:34 PM,5:46:45 PM,00:11,USLS (Uterosacral ligament suspension),No,No,7,5,Right
1,5:46:45 PM,5:46:54 PM,00:09,USLS (Uterosacral ligament suspension),No,No,7,5,Right
9,5:46:54 PM,5:46:56 PM,00:02,USLS (Uterosacral ligament suspension),No,No,7,5,Right
10,5:46:56 PM,5:47:03 PM,00:07,USLS (Uterosacral ligament suspension),No,No,7,5,Right
12,5:47:03 PM,5:47:08 PM,00:05,USLS (Uterosacral ligament suspension),No,No,7,5,Right
28,5:47:08 PM,5:47:14 PM,00:06,USLS (Uterosacral ligament suspension),No,No,7,5,Right
27,5:47:14 PM,5:47:15 PM,00:01,USLS (Uterosacral ligament suspension),No,No,7,5,Right
25,5:47:15 PM,5:47:16 PM,00:01,USLS (Uterosacral ligament suspension),No,No,7,5,Right
9,5:47:16 PM,5:47:17 PM,00:01,USLS (Uterosacral ligament suspension),No,No,7,5,Right
1,5:47:17 PM,5:48:02 PM,00:45,USLS (Uterosacral ligament suspension),No,No,7,5,Right
2,5:52:45 PM,5:52:50 PM,00:05,USLS (Uterosacral ligament suspension),No,No,11,8,Right
6,5:52:50 PM,5:52:51 PM,00:01,USLS (Uterosacral ligament suspension),No,No,11,8,Right
8,5:52:51 PM,5:52:56 PM,00:05,USLS (Uterosacral ligament suspension),No,No,11,8,Right
16,5:52:56 PM,5:53:01 PM,00:05,USLS (Uterosacral ligament suspension),No,No,11,8,Right
32,5:53:01 PM,5:53:03 PM,00:02,USLS (Uterosacral ligament suspension),No,No,11,8,Right
30,5:53:03 PM,5:53:04 PM,00:01,USLS (Uterosacral ligament suspension),No,No,11,8,Right
26,5:53:04 PM,5:53:06 PM,00:02,USLS (Uterosacral ligament suspension),No,No,11,8,Right
10,5:53:06 PM,5:53:09 PM,00:03,USLS (Uterosacral ligament suspension),No,No,11,8,Right
12,5:53:09 PM,5:53:10 PM,00:01,USLS (Uterosacral ligament suspension),No,No,11,8,Right
16,5:53:10 PM,5:53:18 PM,00:08,USLS (Uterosacral ligament suspension),No,No,11,8,Right
12,5:53:18 PM,5:53:26 PM,00:08,USLS (Uterosacral ligament suspension),No,No,11,8,Right
28,5:53:26 PM,5:53:30 PM,00:04,USLS (Uterosacral ligament suspension),No,No,11,8,Right
32,5:53:30 PM,5:53:32 PM,00:02,USLS (Uterosacral ligament suspension),No,No,11,8,Right
16,5:53:32 PM,5:53:45 PM,00:13,USLS (Uterosacral ligament suspension),No,No,11,8,Right
12,5:53:45 PM,5:53:46 PM,00:01,USLS (Uterosacral ligament suspension),No,No,11,8,Right
10,5:53:46 PM,5:53:50 PM,00:04,USLS (Uterosacral ligament suspension),No,No,11,8,Right
14,5:53:50 PM,5:53:55 PM,00:05,USLS (Uterosacral ligament suspension),No,No,11,8,Right
16,5:53:55 PM,5:53:56 PM,00:01,USLS (Uterosacral ligament suspension),No,No,11,8,Right
14,5:53:56 PM,5:53:57 PM,00:01,USLS (Uterosacral ligament suspension),No,No,11,8,Right
16,5:53:57 PM,5:53:58 PM,00:01,USLS (Uterosacral ligament suspension),No,No,11,8,Right
12,5:53:58 PM,5:54:05 PM,00:07,USLS (Uterosacral ligament suspension),No,No,11,8,Right
11,5:54:05 PM,5:54:10 PM,00:05,USLS (Uterosacral ligament suspension),No,No,11,8,Right
9,5:54:10 PM,5:54:13 PM,00:03,USLS (Uterosacral ligament suspension),No,No,11,8,Right
10,5:54:13 PM,5:54:15 PM,00:02,USLS (Uterosacral ligament suspension),No,No,11,8,Right
12,5:54:15 PM,5:54:22 PM,00:07,USLS (Uterosacral ligament suspension),No,No,11,8,Right
10,5:54:22 PM,5:54:23 PM,00:01,USLS (Uterosacral ligament suspension),No,No,11,8,Right
9,5:54:23 PM,5:54:25 PM,00:02,USLS (Uterosacral ligament suspension),No,No,11,8,Right
11,5:54:25 PM,5:54:27 PM,00:02,USLS (Uterosacral ligament suspension),No,No,11,8,Right
12,5:54:27 PM,5:54:32 PM,00:05,USLS (Uterosacral ligament suspension),No,No,11,8,Right
16,5:54:32 PM,5:54:32 PM,00:00,USLS (Uterosacral ligament suspension),No,No,11,8,Right
14,5:54:32 PM,5:54:37 PM,00:05,USLS (Uterosacral ligament suspension),No,No,11,8,Right
10,5:54:37 PM,5:54:39 PM,00:02,USLS (Uterosacral ligament suspension),No,No,11,8,Right
12,5:54:39 PM,5:54:41 PM,00:02,USLS (Uterosacral ligament suspension),No,No,11,8,Right
10,5:54:41 PM,5:54:42 PM,00:01,USLS (Uterosacral ligament suspension),No,No,11,8,Right
9,5:54:42 PM,5:54:43 PM,00:01,USLS (Uterosacral ligament suspension),No,No,11,8,Right
10,5:54:43 PM,5:54:44 PM,00:01,USLS (Uterosacral ligament suspension),No,No,11,8,Right
12,5:54:44 PM,5:54:53 PM,00:09,USLS (Uterosacral ligament suspension),No,No,11,8,Right
11,5:54:53 PM,5:54:54 PM,00:01,USLS (Uterosacral ligament suspension),No,No,11,8,Right
9,5:54:54 PM,5:55:00 PM,00:06,USLS (Uterosacral ligament suspension),No,No,11,8,Right
11,5:55:00 PM,5:55:01 PM,00:01,USLS (Uterosacral ligament suspension),No,No,11,8,Right
12,5:55:01 PM,5:55:14 PM,00:13,USLS (Uterosacral ligament suspension),No,No,11,8,Right
11,5:55:14 PM,5:55:15 PM,00:01,USLS (Uterosacral ligament suspension),No,No,11,8,Right
9,5:55:15 PM,5:55:16 PM,00:01,USLS (Uterosacral ligament suspension),No,No,11,8,Right
10,5:55:16 PM,5:55:17 PM,00:01,USLS (Uterosacral ligament suspension),No,No,11,8,Right
9,5:55:17 PM,5:55:23 PM,00:06,USLS (Uterosacral ligament suspension),No,No,11,8,Right
10,5:55:23 PM,5:55:25 PM,00:02,USLS (Uterosacral ligament suspension),No,No,11,8,Right
9,5:55:25 PM,5:55:27 PM,00:02,USLS (Uterosacral ligament suspension),No,No,11,8,Right
25,5:55:27 PM,5:55:30 PM,00:03,USLS (Uterosacral ligament suspension),No,No,11,8,Right
9,5:55:30 PM,5:55:38 PM,00:08,USLS (Uterosacral ligament suspension),No,No,11,8,Right
10,5:55:38 PM,5:55:39 PM,00:01,USLS (Uterosacral ligament suspension),No,No,11,8,Right
12,5:55:39 PM,5:55:47 PM,00:08,USLS (Uterosacral ligament suspension),No,No,11,8,Right
11,5:55:47 PM,5:55:48 PM,00:01,USLS (Uterosacral ligament suspension),No,No,11,8,Right
9,5:55:48 PM,5:55:52 PM,00:04,USLS (Uterosacral ligament suspension),No,No,11,8,Right
10,5:55:52 PM,5:55:53 PM,00:01,USLS (Uterosacral ligament suspension),No,No,11,8,Right
14,5:55:53 PM,5:55:56 PM,00:03,USLS (Uterosacral ligament suspension),No,No,11,8,Right
10,5:55:56 PM,5:56:00 PM,00:04,USLS (Uterosacral ligament suspension),No,No,11,8,Right
12,5:56:00 PM,5:56:06 PM,00:06,USLS (Uterosacral ligament suspension),No,No,11,8,Right
10,5:56:06 PM,5:56:08 PM,00:02,USLS (Uterosacral ligament suspension),No,No,11,8,Right
9,5:56:08 PM,5:56:09 PM,00:01,USLS (Uterosacral ligament suspension),No,No,11,8,Right
11,5:56:09 PM,5:56:11 PM,00:02,USLS (Uterosacral ligament suspension),No,No,11,8,Right
12,5:56:11 PM,5:56:13 PM,00:02,USLS (Uterosacral ligament suspension),No,No,11,8,Right
10,5:56:13 PM,5:56:17 PM,00:04,USLS (Uterosacral ligament suspension),No,No,11,8,Right
9,5:56:17 PM,5:56:28 PM,00:11,USLS (Uterosacral ligament suspension),No,No,11,8,Right
25,5:56:28 PM,5:56:29 PM,00:01,USLS (Uterosacral ligament suspension),No,No,11,8,Right
9,5:56:29 PM,5:56:31 PM,00:02,USLS (Uterosacral ligament suspension),No,No,11,8,Right
11,5:56:31 PM,5:56:32 PM,00:01,USLS (Uterosacral ligament suspension),No,No,11,8,Right
12,5:56:32 PM,5:56:37 PM,00:05,USLS (Uterosacral ligament suspension),No,No,11,8,Right
10,5:56:37 PM,5:56:39 PM,00:02,USLS (Uterosacral ligament suspension),No,No,11,8,Right
9,5:56:39 PM,5:56:42 PM,00:03,USLS (Uterosacral ligament suspension),No,No,11,8,Right
25,5:56:42 PM,5:56:44 PM,00:02,USLS (Uterosacral ligament suspension),No,No,11,8,Right
9,5:56:44 PM,5:56:45 PM,00:01,USLS (Uterosacral ligament suspension),No,No,11,8,Right
10,5:56:45 PM,5:56:49 PM,00:04,USLS (Uterosacral ligament suspension),No,No,11,8,Right
2,5:56:49 PM,5:56:53 PM,00:04,USLS (Uterosacral ligament suspension),No,No,11,8,Right
6,5:56:53 PM,5:56:56 PM,00:03,USLS (Uterosacral ligament suspension),No,No,11,8,Right
2,5:56:56 PM,5:56:58 PM,00:02,USLS (Uterosacral ligament suspension),No,No,11,8,Right
6,5:56:58 PM,5:56:59 PM,00:01,USLS (Uterosacral ligament suspension),No,No,11,8,Right
8,5:56:59 PM,5:57:03 PM,00:04,USLS (Uterosacral ligament suspension),No,No,11,8,Right
4,5:57:03 PM,5:57:04 PM,00:01,USLS (Uterosacral ligament suspension),No,No,11,8,Right
2,5:57:04 PM,5:57:18 PM,00:14,USLS (Uterosacral ligament suspension),No,No,11,8,Right
18,5:57:18 PM,5:57:19 PM,00:01,USLS (Uterosacral ligament suspension),No,No,11,8,Right
2,5:57:19 PM,5:57:21 PM,00:02,USLS (Uterosacral ligament suspension),No,No,11,8,Right
6,5:57:21 PM,5:57:33 PM,00:12,USLS (Uterosacral ligament suspension),No,No,11,8,Right
2,5:57:33 PM,5:57:33 PM,00:00,USLS (Uterosacral ligament suspension),No,No,11,8,Right
1,5:57:33 PM,5:57:35 PM,00:02,USLS (Uterosacral ligament suspension),No,No,11,8,Right
3,5:57:35 PM,5:57:40 PM,00:05,USLS (Uterosacral ligament suspension),No,No,11,8,Right
1,5:57:40 PM,5:57:46 PM,00:06,USLS (Uterosacral ligament suspension),No,No,11,8,Right
5,5:57:46 PM,5:57:56 PM,00:10,USLS (Uterosacral ligament suspension),No,No,11,8,Right
6,5:57:56 PM,5:58:02 PM,00:06,USLS (Uterosacral ligament suspension),No,No,11,8,Right
2,5:58:02 PM,5:58:04 PM,00:02,USLS (Uterosacral ligament suspension),No,No,11,8,Right
1,5:58:04 PM,5:58:05 PM,00:01,USLS (Uterosacral ligament suspension),No,No,11,8,Right
2,5:58:05 PM,5:58:05 PM,00:00,USLS (Uterosacral ligament suspension),No,No,11,8,Right
4,5:58:05 PM,5:58:10 PM,00:05,USLS (Uterosacral ligament suspension),No,No,11,8,Right
2,5:58:10 PM,5:58:16 PM,00:06,USLS (Uterosacral ligament suspension),No,No,11,8,Right
4,5:58:16 PM,5:58:23 PM,00:07,USLS (Uterosacral ligament suspension),No,No,11,8,Right
2,5:58:23 PM,5:58:28 PM,00:05,USLS (Uterosacral ligament suspension),No,No,11,8,Right
6,5:58:28 PM,5:58:29 PM,00:01,USLS (Uterosacral ligament suspension),No,No,11,8,Right
2,5:58:29 PM,5:58:34 PM,00:05,USLS (Uterosacral ligament suspension),No,No,11,8,Right
1,5:58:34 PM,5:58:37 PM,00:03,USLS (Uterosacral ligament suspension),No,No,11,8,Right
2,5:58:37 PM,5:58:39 PM,00:02,USLS (Uterosacral ligament suspension),No,No,11,8,Right
6,5:58:39 PM,5:58:40 PM,00:01,USLS (Uterosacral ligament suspension),No,No,11,8,Right
2,5:58:40 PM,5:58:42 PM,00:02,USLS (Uterosacral ligament suspension),No,No,11,8,Right
1,5:58:42 PM,5:58:46 PM,00:04,USLS (Uterosacral ligament suspension),No,No,11,8,Right
5,5:58:46 PM,5:58:47 PM,00:01,USLS (Uterosacral ligament suspension),No,No,11,8,Right
1,5:58:47 PM,5:58:53 PM,00:06,USLS (Uterosacral ligament suspension),No,No,11,8,Right
3,5:58:53 PM,5:58:55 PM,00:02,USLS (Uterosacral ligament suspension),No,No,11,8,Right
4,5:58:55 PM,5:58:58 PM,00:03,USLS (Uterosacral ligament suspension),No,No,11,8,Right
3,5:58:58 PM,5:58:59 PM,00:01,USLS (Uterosacral ligament suspension),No,No,11,8,Right
1,5:58:59 PM,5:59:01 PM,00:02,USLS (Uterosacral ligament suspension),No,No,11,8,Right
5,5:59:01 PM,5:59:03 PM,00:02,USLS (Uterosacral ligament suspension),No,No,11,8,Right
7,5:59:03 PM,5:59:04 PM,00:01,USLS (Uterosacral ligament suspension),No,No,11,8,Right
8,5:59:04 PM,5:59:06 PM,00:02,USLS (Uterosacral ligament suspension),No,No,11,8,Right
16,5:59:06 PM,5:59:16 PM,00:10,USLS (Uterosacral ligament suspension),No,No,11,8,Right
12,5:59:16 PM,5:59:17 PM,00:01,USLS (Uterosacral ligament suspension),No,No,11,8,Right
10,5:59:17 PM,5:59:19 PM,00:02,USLS (Uterosacral ligament suspension),No,No,11,8,Right
9,5:59:19 PM,5:59:25 PM,00:06,USLS (Uterosacral ligament suspension),No,No,11,8,Right
1,5:59:25 PM,5:59:33 PM,00:08,USLS (Uterosacral ligament suspension),No,No,11,8,Right
9,5:59:33 PM,5:59:33 PM,00:00,USLS (Uterosacral ligament suspension),No,No,11,8,Right
25,5:59:33 PM,5:59:38 PM,00:05,USLS (Uterosacral ligament suspension),No,No,11,8,Right
17,5:59:38 PM,5:59:38 PM,00:00,USLS (Uterosacral ligament suspension),No,No,11,8,Right
1,5:59:38 PM,5:59:51 PM,00:13,USLS (Uterosacral ligament suspension),No,No,11,8,Right
