Posture Code,Start ,End,Duration,Task Code,Stool Usage,Sitting,Bed Code,Patient Code,Location
1,4:03:53 PM,4:04:01 PM,00:08,TVH (Transvaginal hysterectomy),No,Yes,1,1,Center
2,4:04:01 PM,4:04:06 PM,00:05,TVH (Transvaginal hysterectomy),No,Yes,1,1,Center
1,4:04:06 PM,4:04:17 PM,00:11,TVH (Transvaginal hysterectomy),No,Yes,1,1,Center
5,4:04:17 PM,4:04:32 PM,00:15,TVH (Transvaginal hysterectomy),No,Yes,1,1,Center
1,4:04:32 PM,4:04:58 PM,00:26,TVH (Transvaginal hysterectomy),No,Yes,1,1,Center
3,4:04:58 PM,4:05:00 PM,00:02,TVH (Transvaginal hysterectomy),No,Yes,1,1,Center
4,4:05:00 PM,4:05:03 PM,00:03,TVH (Transvaginal hysterectomy),No,Yes,1,1,Center
20,4:05:03 PM,4:05:15 PM,00:12,TVH (Transvaginal hysterectomy),No,Yes,1,1,Center
4,4:05:15 PM,4:05:15 PM,00:00,TVH (Transvaginal hysterectomy),No,Yes,1,1,Center
3,4:05:15 PM,4:05:16 PM,00:01,TVH (Transvaginal hysterectomy),No,Yes,1,1,Center
1,4:05:16 PM,4:05:21 PM,00:05,TVH (Transvaginal hysterectomy),No,Yes,1,1,Center
2,4:05:21 PM,4:05:22 PM,00:01,TVH (Transvaginal hysterectomy),No,Yes,1,1,Center
4,4:05:22 PM,4:05:43 PM,00:21,TVH (Transvaginal hysterectomy),No,Yes,1,1,Center
2,4:05:43 PM,4:05:46 PM,00:03,TVH (Transvaginal hysterectomy),No,Yes,1,1,Center
1,4:05:46 PM,4:05:51 PM,00:05,TVH (Transvaginal hysterectomy),No,Yes,1,1,Center
2,4:05:51 PM,4:05:56 PM,00:05,TVH (Transvaginal hysterectomy),No,Yes,1,1,Center
1,4:05:56 PM,4:06:10 PM,00:14,TVH (Transvaginal hysterectomy),No,Yes,1,1,Center
2,4:06:10 PM,4:06:17 PM,00:07,TVH (Transvaginal hysterectomy),No,Yes,1,1,Center
4,4:06:17 PM,4:06:26 PM,00:09,TVH (Transvaginal hysterectomy),No,Yes,1,1,Center
2,4:06:26 PM,4:06:27 PM,00:01,TVH (Transvaginal hysterectomy),No,Yes,1,1,Center
1,4:06:27 PM,4:06:29 PM,00:02,TVH (Transvaginal hysterectomy),No,Yes,1,1,Center
2,4:06:29 PM,4:06:31 PM,00:02,TVH (Transvaginal hysterectomy),No,Yes,1,1,Center
1,4:06:31 PM,4:06:53 PM,00:22,TVH (Transvaginal hysterectomy),No,Yes,1,1,Center
17,4:06:53 PM,4:06:56 PM,00:03,TVH (Transvaginal hysterectomy),No,Yes,1,1,Center
1,4:06:56 PM,4:07:10 PM,00:14,TVH (Transvaginal hysterectomy),No,Yes,1,1,Center
2,4:07:10 PM,4:07:12 PM,00:02,TVH (Transvaginal hysterectomy),No,Yes,1,1,Center
1,4:07:12 PM,4:07:43 PM,00:31,TVH (Transvaginal hysterectomy),No,Yes,1,1,Center
3,4:07:43 PM,4:07:47 PM,00:04,TVH (Transvaginal hysterectomy),No,Yes,1,1,Center
4,4:07:47 PM,4:07:53 PM,00:06,TVH (Transvaginal hysterectomy),No,Yes,1,1,Center
3,4:07:53 PM,4:07:59 PM,00:06,TVH (Transvaginal hysterectomy),No,Yes,1,1,Center
4,4:07:59 PM,4:08:09 PM,00:10,TVH (Transvaginal hysterectomy),No,Yes,1,1,Center
3,4:08:09 PM,4:08:23 PM,00:14,TVH (Transvaginal hysterectomy),No,Yes,1,1,Center
4,4:08:23 PM,4:08:26 PM,00:03,TVH (Transvaginal hysterectomy),No,Yes,1,1,Center
3,4:08:26 PM,4:08:28 PM,00:02,TVH (Transvaginal hysterectomy),No,Yes,1,1,Center
1,4:08:28 PM,4:08:39 PM,00:11,TVH (Transvaginal hysterectomy),No,Yes,1,1,Center
17,4:08:39 PM,4:08:45 PM,00:06,TVH (Transvaginal hysterectomy),No,Yes,1,1,Center
1,4:08:45 PM,4:08:46 PM,00:01,TVH (Transvaginal hysterectomy),No,Yes,1,1,Center
17,4:08:46 PM,4:09:04 PM,00:18,TVH (Transvaginal hysterectomy),No,Yes,1,1,Center
1,4:09:04 PM,4:09:14 PM,00:10,TVH (Transvaginal hysterectomy),No,Yes,1,1,Center
9,4:09:14 PM,4:09:16 PM,00:02,TVH (Transvaginal hysterectomy),No,Yes,1,1,Center
1,4:09:16 PM,4:09:24 PM,00:08,TVH (Transvaginal hysterectomy),No,Yes,1,1,Center
17,4:09:24 PM,4:09:43 PM,00:19,TVH (Transvaginal hysterectomy),No,Yes,1,1,Center
1,4:09:43 PM,4:09:47 PM,00:04,TVH (Transvaginal hysterectomy),No,Yes,1,1,Center
17,4:09:47 PM,4:09:54 PM,00:07,TVH (Transvaginal hysterectomy),No,Yes,1,1,Center
1,4:09:54 PM,4:09:56 PM,00:02,TVH (Transvaginal hysterectomy),No,Yes,1,1,Center
17,4:09:56 PM,4:09:59 PM,00:03,TVH (Transvaginal hysterectomy),No,Yes,1,1,Center
1,4:09:59 PM,4:10:01 PM,00:02,TVH (Transvaginal hysterectomy),No,Yes,1,1,Center
17,4:10:01 PM,4:10:08 PM,00:07,TVH (Transvaginal hysterectomy),No,Yes,1,1,Center
1,4:10:08 PM,4:10:21 PM,00:13,TVH (Transvaginal hysterectomy),No,Yes,1,1,Center
17,4:10:21 PM,4:10:32 PM,00:11,TVH (Transvaginal hysterectomy),No,Yes,1,1,Center
1,4:10:32 PM,4:11:01 PM,00:29,TVH (Transvaginal hysterectomy),No,Yes,1,1,Center
17,4:11:01 PM,4:11:02 PM,00:01,TVH (Transvaginal hysterectomy),No,Yes,1,1,Center
18,4:11:02 PM,4:11:18 PM,00:16,TVH (Transvaginal hysterectomy),No,Yes,1,1,Center
17,4:11:18 PM,4:11:34 PM,00:16,TVH (Transvaginal hysterectomy),No,Yes,1,1,Center
21,4:11:34 PM,4:11:36 PM,00:02,TVH (Transvaginal hysterectomy),No,Yes,1,1,Center
17,4:11:36 PM,4:11:40 PM,00:04,TVH (Transvaginal hysterectomy),No,Yes,1,1,Center
1,4:11:40 PM,4:11:53 PM,00:13,TVH (Transvaginal hysterectomy),No,Yes,1,1,Center
17,4:11:53 PM,4:12:00 PM,00:07,TVH (Transvaginal hysterectomy),No,Yes,1,1,Center
25,4:12:00 PM,4:12:15 PM,00:15,TVH (Transvaginal hysterectomy),No,Yes,1,1,Center
9,4:12:15 PM,4:12:36 PM,00:21,TVH (Transvaginal hysterectomy),No,Yes,1,1,Center
1,4:12:36 PM,4:12:40 PM,00:04,TVH (Transvaginal hysterectomy),No,Yes,1,1,Center
17,4:12:40 PM,4:12:46 PM,00:06,TVH (Transvaginal hysterectomy),No,Yes,1,1,Center
1,4:12:46 PM,4:12:50 PM,00:04,TVH (Transvaginal hysterectomy),No,Yes,1,1,Center
2,4:12:50 PM,4:12:51 PM,00:01,TVH (Transvaginal hysterectomy),No,Yes,1,1,Center
1,4:12:51 PM,4:13:06 PM,00:15,TVH (Transvaginal hysterectomy),No,Yes,1,1,Center
2,4:13:06 PM,4:13:10 PM,00:04,TVH (Transvaginal hysterectomy),No,Yes,1,1,Center
18,4:13:10 PM,4:13:12 PM,00:02,TVH (Transvaginal hysterectomy),No,Yes,1,1,Center
2,4:13:12 PM,4:13:13 PM,00:01,TVH (Transvaginal hysterectomy),No,Yes,1,1,Center
1,4:13:13 PM,4:13:24 PM,00:11,TVH (Transvaginal hysterectomy),No,Yes,1,1,Center
2,4:13:24 PM,4:13:27 PM,00:03,TVH (Transvaginal hysterectomy),No,Yes,1,1,Center
1,4:13:27 PM,4:13:30 PM,00:03,TVH (Transvaginal hysterectomy),No,Yes,1,1,Center
17,4:13:30 PM,4:13:32 PM,00:02,TVH (Transvaginal hysterectomy),No,Yes,1,1,Center
25,4:13:32 PM,4:13:36 PM,00:04,TVH (Transvaginal hysterectomy),No,Yes,1,1,Center
29,4:13:36 PM,4:13:37 PM,00:01,TVH (Transvaginal hysterectomy),No,Yes,1,1,Center
25,4:13:37 PM,4:13:39 PM,00:02,TVH (Transvaginal hysterectomy),No,Yes,1,1,Center
9,4:13:39 PM,4:13:44 PM,00:05,TVH (Transvaginal hysterectomy),No,Yes,1,1,Center
10,4:13:44 PM,4:13:46 PM,00:02,TVH (Transvaginal hysterectomy),No,Yes,1,1,Center
9,4:13:46 PM,4:13:48 PM,00:02,TVH (Transvaginal hysterectomy),No,Yes,1,1,Center
25,4:13:48 PM,4:14:02 PM,00:14,TVH (Transvaginal hysterectomy),No,Yes,1,1,Center
17,4:14:02 PM,4:14:10 PM,00:08,TVH (Transvaginal hysterectomy),No,Yes,1,1,Center
1,4:14:10 PM,4:14:23 PM,00:13,TVH (Transvaginal hysterectomy),No,Yes,1,1,Center
17,4:14:23 PM,4:14:25 PM,00:02,TVH (Transvaginal hysterectomy),No,Yes,1,1,Center
25,4:14:25 PM,4:14:29 PM,00:04,TVH (Transvaginal hysterectomy),No,Yes,1,1,Center
9,4:14:29 PM,4:14:29 PM,00:00,TVH (Transvaginal hysterectomy),No,Yes,1,1,Center
25,4:14:29 PM,4:14:29 PM,00:00,TVH (Transvaginal hysterectomy),No,Yes,1,1,Center
9,4:14:29 PM,4:14:31 PM,00:02,TVH (Transvaginal hysterectomy),No,Yes,1,1,Center
1,4:14:31 PM,4:14:40 PM,00:09,TVH (Transvaginal hysterectomy),No,Yes,1,1,Center
9,4:14:40 PM,4:14:43 PM,00:03,TVH (Transvaginal hysterectomy),No,Yes,1,1,Center
25,4:14:43 PM,4:15:06 PM,00:23,TVH (Transvaginal hysterectomy),No,Yes,1,1,Center
17,4:15:06 PM,4:15:07 PM,00:01,TVH (Transvaginal hysterectomy),No,Yes,1,1,Center
1,4:15:07 PM,4:15:21 PM,00:14,TVH (Transvaginal hysterectomy),No,Yes,1,1,Center
17,4:15:21 PM,4:15:25 PM,00:04,TVH (Transvaginal hysterectomy),No,Yes,1,1,Center
1,4:15:25 PM,4:15:37 PM,00:12,TVH (Transvaginal hysterectomy),No,Yes,1,1,Center
17,4:15:37 PM,4:15:56 PM,00:19,TVH (Transvaginal hysterectomy),No,Yes,1,1,Center
21,4:15:56 PM,4:16:27 PM,00:31,TVH (Transvaginal hysterectomy),No,Yes,1,1,Center
17,4:16:27 PM,4:16:28 PM,00:01,TVH (Transvaginal hysterectomy),No,Yes,1,1,Center
1,4:16:28 PM,4:16:35 PM,00:07,TVH (Transvaginal hysterectomy),No,Yes,1,1,Center
2,4:16:35 PM,4:16:37 PM,00:02,TVH (Transvaginal hysterectomy),No,Yes,1,1,Center
10,4:16:37 PM,4:16:44 PM,00:07,TVH (Transvaginal hysterectomy),No,Yes,1,1,Center
2,4:16:44 PM,4:16:46 PM,00:02,TVH (Transvaginal hysterectomy),No,Yes,1,1,Center
1,4:16:46 PM,4:16:49 PM,00:03,TVH (Transvaginal hysterectomy),No,Yes,1,1,Center
17,4:16:49 PM,4:16:50 PM,00:01,TVH (Transvaginal hysterectomy),No,Yes,1,1,Center
1,4:16:50 PM,4:16:55 PM,00:05,TVH (Transvaginal hysterectomy),No,Yes,1,1,Center
2,4:16:55 PM,4:17:01 PM,00:06,TVH (Transvaginal hysterectomy),No,Yes,1,1,Center
18,4:17:01 PM,4:17:01 PM,00:00,TVH (Transvaginal hysterectomy),No,Yes,1,1,Center
17,4:17:01 PM,4:17:20 PM,00:19,TVH (Transvaginal hysterectomy),No,Yes,1,1,Center
18,4:17:20 PM,4:17:35 PM,00:15,TVH (Transvaginal hysterectomy),No,Yes,1,1,Center
17,4:17:35 PM,4:17:38 PM,00:03,TVH (Transvaginal hysterectomy),No,Yes,1,1,Center
1,4:17:38 PM,4:17:40 PM,00:02,TVH (Transvaginal hysterectomy),No,Yes,1,1,Center
17,4:17:40 PM,4:17:47 PM,00:07,TVH (Transvaginal hysterectomy),No,Yes,1,1,Center
18,4:17:47 PM,4:17:58 PM,00:11,TVH (Transvaginal hysterectomy),No,Yes,1,1,Center
26,4:17:58 PM,4:17:59 PM,00:01,TVH (Transvaginal hysterectomy),No,Yes,1,1,Center
18,4:17:59 PM,4:18:01 PM,00:02,TVH (Transvaginal hysterectomy),No,Yes,1,1,Center
2,4:18:01 PM,4:18:02 PM,00:01,TVH (Transvaginal hysterectomy),No,Yes,1,1,Center
1,4:18:02 PM,4:18:05 PM,00:03,TVH (Transvaginal hysterectomy),No,Yes,1,1,Center
17,4:18:05 PM,4:18:17 PM,00:12,TVH (Transvaginal hysterectomy),No,Yes,1,1,Center
1,4:18:17 PM,4:18:39 PM,00:22,TVH (Transvaginal hysterectomy),No,Yes,1,1,Center
17,4:18:39 PM,4:18:47 PM,00:08,TVH (Transvaginal hysterectomy),No,Yes,1,1,Center
25,4:18:47 PM,4:19:07 PM,00:20,TVH (Transvaginal hysterectomy),No,Yes,1,1,Center
17,4:19:07 PM,4:19:08 PM,00:01,TVH (Transvaginal hysterectomy),No,Yes,1,1,Center
1,4:19:08 PM,4:19:14 PM,00:06,TVH (Transvaginal hysterectomy),No,Yes,1,1,Center
9,4:19:14 PM,4:19:19 PM,00:05,TVH (Transvaginal hysterectomy),No,Yes,1,1,Center
10,4:19:19 PM,4:19:21 PM,00:02,TVH (Transvaginal hysterectomy),No,Yes,1,1,Center
12,4:19:21 PM,4:19:23 PM,00:02,TVH (Transvaginal hysterectomy),No,Yes,1,1,Center
28,4:19:23 PM,4:19:34 PM,00:11,TVH (Transvaginal hysterectomy),No,Yes,1,1,Center
20,4:19:34 PM,4:19:48 PM,00:14,TVH (Transvaginal hysterectomy),No,Yes,1,1,Center
19,4:19:48 PM,4:19:56 PM,00:08,TVH (Transvaginal hysterectomy),No,Yes,1,1,Center
3,4:19:56 PM,4:20:04 PM,00:08,TVH (Transvaginal hysterectomy),No,Yes,1,1,Center
19,4:20:04 PM,4:20:05 PM,00:01,TVH (Transvaginal hysterectomy),No,Yes,1,1,Center
27,4:20:05 PM,4:20:08 PM,00:03,TVH (Transvaginal hysterectomy),No,Yes,1,1,Center
25,4:20:08 PM,4:20:18 PM,00:10,TVH (Transvaginal hysterectomy),No,Yes,1,1,Center
26,4:20:18 PM,4:20:19 PM,00:01,TVH (Transvaginal hysterectomy),No,Yes,1,1,Center
25,4:20:19 PM,4:20:21 PM,00:02,TVH (Transvaginal hysterectomy),No,Yes,1,1,Center
17,4:20:21 PM,4:20:22 PM,00:01,TVH (Transvaginal hysterectomy),No,Yes,1,1,Center
1,4:20:22 PM,4:20:23 PM,00:01,TVH (Transvaginal hysterectomy),No,Yes,1,1,Center
17,4:20:23 PM,4:20:26 PM,00:03,TVH (Transvaginal hysterectomy),No,Yes,1,1,Center
19,4:20:26 PM,4:20:38 PM,00:12,TVH (Transvaginal hysterectomy),No,Yes,1,1,Center
3,4:20:38 PM,4:20:39 PM,00:01,TVH (Transvaginal hysterectomy),No,Yes,1,1,Center
1,4:20:39 PM,4:20:40 PM,00:01,TVH (Transvaginal hysterectomy),No,Yes,1,1,Center
17,4:20:40 PM,4:20:52 PM,00:12,TVH (Transvaginal hysterectomy),No,Yes,1,1,Center
1,4:20:52 PM,4:21:06 PM,00:14,TVH (Transvaginal hysterectomy),No,Yes,1,1,Center
17,4:21:06 PM,4:21:06 PM,00:00,TVH (Transvaginal hysterectomy),No,Yes,1,1,Center
25,4:21:06 PM,4:21:38 PM,00:32,TVH (Transvaginal hysterectomy),No,Yes,1,1,Center
17,4:21:38 PM,4:21:39 PM,00:01,TVH (Transvaginal hysterectomy),No,Yes,1,1,Center
1,4:21:39 PM,4:21:57 PM,00:18,TVH (Transvaginal hysterectomy),No,Yes,1,1,Center
17,4:21:57 PM,4:22:06 PM,00:09,TVH (Transvaginal hysterectomy),No,Yes,1,1,Center
18,4:22:06 PM,4:22:16 PM,00:10,TVH (Transvaginal hysterectomy),No,Yes,1,1,Center
2,4:22:16 PM,4:22:17 PM,00:01,TVH (Transvaginal hysterectomy),No,Yes,1,1,Center
1,4:22:17 PM,4:22:23 PM,00:06,TVH (Transvaginal hysterectomy),No,Yes,1,1,Center
3,4:22:23 PM,4:22:25 PM,00:02,TVH (Transvaginal hysterectomy),No,Yes,1,1,Center
19,4:22:25 PM,4:22:48 PM,00:23,TVH (Transvaginal hysterectomy),No,Yes,1,1,Center
17,4:22:48 PM,4:23:09 PM,00:21,TVH (Transvaginal hysterectomy),No,Yes,1,1,Center
1,4:23:09 PM,4:23:39 PM,00:30,TVH (Transvaginal hysterectomy),No,Yes,1,1,Center
2,4:23:39 PM,4:23:49 PM,00:10,TVH (Transvaginal hysterectomy),No,Yes,1,1,Center
1,4:23:49 PM,4:24:11 PM,00:22,TVH (Transvaginal hysterectomy),No,Yes,1,1,Center
17,4:24:11 PM,4:24:12 PM,00:01,TVH (Transvaginal hysterectomy),No,Yes,1,1,Center
18,4:24:12 PM,4:24:26 PM,00:14,TVH (Transvaginal hysterectomy),No,Yes,1,1,Center
17,4:24:26 PM,4:24:39 PM,00:13,TVH (Transvaginal hysterectomy),No,Yes,1,1,Center
1,4:24:39 PM,4:25:00 PM,00:21,TVH (Transvaginal hysterectomy),No,Yes,1,1,Center
9,4:25:00 PM,4:25:02 PM,00:02,TVH (Transvaginal hysterectomy),No,Yes,1,1,Center
25,4:25:02 PM,4:25:09 PM,00:07,TVH (Transvaginal hysterectomy),No,Yes,1,1,Center
17,4:25:09 PM,4:25:11 PM,00:02,TVH (Transvaginal hysterectomy),No,Yes,1,1,Center
25,4:25:11 PM,4:25:29 PM,00:18,TVH (Transvaginal hysterectomy),No,Yes,1,1,Center
9,4:25:29 PM,4:25:31 PM,00:02,TVH (Transvaginal hysterectomy),No,Yes,1,1,Center
1,4:25:31 PM,4:25:38 PM,00:07,TVH (Transvaginal hysterectomy),No,Yes,1,1,Center
17,4:25:38 PM,4:25:38 PM,00:00,TVH (Transvaginal hysterectomy),No,Yes,1,1,Center
25,4:25:38 PM,4:25:38 PM,00:00,TVH (Transvaginal hysterectomy),No,Yes,1,1,Center
26,4:25:38 PM,4:25:41 PM,00:03,TVH (Transvaginal hysterectomy),No,Yes,1,1,Center
30,4:25:41 PM,4:25:43 PM,00:02,TVH (Transvaginal hysterectomy),No,Yes,1,1,Center
26,4:25:43 PM,4:25:59 PM,00:16,TVH (Transvaginal hysterectomy),No,Yes,1,1,Center
25,4:25:59 PM,4:26:09 PM,00:10,TVH (Transvaginal hysterectomy),No,Yes,1,1,Center
9,4:26:09 PM,4:26:10 PM,00:01,TVH (Transvaginal hysterectomy),No,Yes,1,1,Center
1,4:26:10 PM,4:26:14 PM,00:04,TVH (Transvaginal hysterectomy),No,Yes,1,1,Center
17,4:26:14 PM,4:26:20 PM,00:06,TVH (Transvaginal hysterectomy),No,Yes,1,1,Center
25,4:26:20 PM,4:26:22 PM,00:02,TVH (Transvaginal hysterectomy),No,Yes,1,1,Center
26,4:26:22 PM,4:26:28 PM,00:06,TVH (Transvaginal hysterectomy),No,Yes,1,1,Center
18,4:26:28 PM,4:26:36 PM,00:08,TVH (Transvaginal hysterectomy),No,Yes,1,1,Center
17,4:26:36 PM,4:26:42 PM,00:06,TVH (Transvaginal hysterectomy),No,Yes,1,1,Center
1,4:26:42 PM,4:26:51 PM,00:09,TVH (Transvaginal hysterectomy),No,Yes,1,1,Center
17,4:26:51 PM,4:26:55 PM,00:04,TVH (Transvaginal hysterectomy),No,Yes,1,1,Center
18,4:26:55 PM,4:27:05 PM,00:10,TVH (Transvaginal hysterectomy),No,Yes,1,1,Center
17,4:27:05 PM,4:27:08 PM,00:03,TVH (Transvaginal hysterectomy),No,Yes,1,1,Center
19,4:27:08 PM,4:27:21 PM,00:13,TVH (Transvaginal hysterectomy),No,Yes,1,1,Center
27,4:27:21 PM,4:27:22 PM,00:01,TVH (Transvaginal hysterectomy),No,Yes,1,1,Center
19,4:27:22 PM,4:27:23 PM,00:01,TVH (Transvaginal hysterectomy),No,Yes,1,1,Center
3,4:27:23 PM,4:27:25 PM,00:02,TVH (Transvaginal hysterectomy),No,Yes,1,1,Center
1,4:27:25 PM,4:27:31 PM,00:06,TVH (Transvaginal hysterectomy),No,Yes,1,1,Center
9,4:27:31 PM,4:27:34 PM,00:03,TVH (Transvaginal hysterectomy),No,Yes,1,1,Center
25,4:27:34 PM,4:27:49 PM,00:15,TVH (Transvaginal hysterectomy),No,Yes,1,1,Center
9,4:27:49 PM,4:27:50 PM,00:01,TVH (Transvaginal hysterectomy),No,Yes,1,1,Center
25,4:27:50 PM,4:27:52 PM,00:02,TVH (Transvaginal hysterectomy),No,Yes,1,1,Center
17,4:27:52 PM,4:27:53 PM,00:01,TVH (Transvaginal hysterectomy),No,Yes,1,1,Center
1,4:27:53 PM,4:27:54 PM,00:01,TVH (Transvaginal hysterectomy),No,Yes,1,1,Center
17,4:27:54 PM,4:27:58 PM,00:04,TVH (Transvaginal hysterectomy),No,Yes,1,1,Center
1,4:27:58 PM,4:28:06 PM,00:08,TVH (Transvaginal hysterectomy),No,Yes,1,1,Center
9,4:28:06 PM,4:28:16 PM,00:10,TVH (Transvaginal hysterectomy),No,Yes,1,1,Center
1,4:28:16 PM,4:28:25 PM,00:09,TVH (Transvaginal hysterectomy),No,Yes,1,1,Center
9,4:28:25 PM,4:28:28 PM,00:03,TVH (Transvaginal hysterectomy),No,Yes,1,1,Center
1,4:28:28 PM,4:28:33 PM,00:05,TVH (Transvaginal hysterectomy),No,Yes,1,1,Center
3,4:28:33 PM,4:28:34 PM,00:01,TVH (Transvaginal hysterectomy),No,Yes,1,1,Center
19,4:28:34 PM,4:28:45 PM,00:11,TVH (Transvaginal hysterectomy),No,Yes,1,1,Center
3,4:28:45 PM,4:28:50 PM,00:05,TVH (Transvaginal hysterectomy),No,Yes,1,1,Center
19,4:28:50 PM,4:28:58 PM,00:08,TVH (Transvaginal hysterectomy),No,Yes,1,1,Center
3,4:28:58 PM,4:28:58 PM,00:00,TVH (Transvaginal hysterectomy),No,Yes,1,1,Center
1,4:28:58 PM,4:29:04 PM,00:06,TVH (Transvaginal hysterectomy),No,Yes,1,1,Center
2,4:29:04 PM,4:29:05 PM,00:01,TVH (Transvaginal hysterectomy),No,Yes,1,1,Center
1,4:29:05 PM,4:29:30 PM,00:25,TVH (Transvaginal hysterectomy),No,Yes,1,1,Center
17,4:29:30 PM,4:29:41 PM,00:11,TVH (Transvaginal hysterectomy),No,Yes,1,1,Center
18,4:29:41 PM,4:29:49 PM,00:08,TVH (Transvaginal hysterectomy),No,Yes,1,1,Center
17,4:29:49 PM,4:29:56 PM,00:07,TVH (Transvaginal hysterectomy),No,Yes,1,1,Center
1,4:29:56 PM,4:30:12 PM,00:16,TVH (Transvaginal hysterectomy),No,Yes,1,1,Center
17,4:30:12 PM,4:30:14 PM,00:02,TVH (Transvaginal hysterectomy),No,Yes,1,1,Center
1,4:30:14 PM,4:30:16 PM,00:02,TVH (Transvaginal hysterectomy),No,Yes,1,1,Center
17,4:30:16 PM,4:30:44 PM,00:28,TVH (Transvaginal hysterectomy),No,Yes,1,1,Center
21,4:30:44 PM,4:30:46 PM,00:02,TVH (Transvaginal hysterectomy),No,Yes,1,1,Center
17,4:30:46 PM,4:30:47 PM,00:01,TVH (Transvaginal hysterectomy),No,Yes,1,1,Center
1,4:30:47 PM,4:30:50 PM,00:03,TVH (Transvaginal hysterectomy),No,Yes,1,1,Center
3,4:30:50 PM,4:30:59 PM,00:09,TVH (Transvaginal hysterectomy),No,Yes,1,1,Center
4,4:30:59 PM,4:31:01 PM,00:02,TVH (Transvaginal hysterectomy),No,Yes,1,1,Center
3,4:31:01 PM,4:31:06 PM,00:05,TVH (Transvaginal hysterectomy),No,Yes,1,1,Center
19,4:31:06 PM,4:31:13 PM,00:07,TVH (Transvaginal hysterectomy),No,Yes,1,1,Center
3,4:31:13 PM,4:31:18 PM,00:05,TVH (Transvaginal hysterectomy),No,Yes,1,1,Center
1,4:31:18 PM,4:31:35 PM,00:17,TVH (Transvaginal hysterectomy),No,Yes,1,1,Center
3,4:31:35 PM,4:31:59 PM,00:24,TVH (Transvaginal hysterectomy),No,Yes,1,1,Center
4,4:31:59 PM,4:32:00 PM,00:01,TVH (Transvaginal hysterectomy),No,Yes,1,1,Center
3,4:32:00 PM,4:32:14 PM,00:14,TVH (Transvaginal hysterectomy),No,Yes,1,1,Center
4,4:32:14 PM,4:32:15 PM,00:01,TVH (Transvaginal hysterectomy),No,Yes,1,1,Center
3,4:32:15 PM,4:32:15 PM,00:00,TVH (Transvaginal hysterectomy),No,Yes,1,1,Center
4,4:32:15 PM,4:32:22 PM,00:07,TVH (Transvaginal hysterectomy),No,Yes,1,1,Center
3,4:32:22 PM,4:32:23 PM,00:01,TVH (Transvaginal hysterectomy),No,Yes,1,1,Center
1,4:32:23 PM,4:32:53 PM,00:30,TVH (Transvaginal hysterectomy),No,Yes,1,1,Center
17,4:32:53 PM,4:32:56 PM,00:03,TVH (Transvaginal hysterectomy),No,Yes,1,1,Center
19,4:32:56 PM,4:32:57 PM,00:01,TVH (Transvaginal hysterectomy),No,Yes,1,1,Center
17,4:32:57 PM,4:33:04 PM,00:07,TVH (Transvaginal hysterectomy),No,Yes,1,1,Center
1,4:33:04 PM,4:34:00 PM,00:56,TVH (Transvaginal hysterectomy),No,Yes,1,1,Center
17,4:34:00 PM,4:34:06 PM,00:06,TVH (Transvaginal hysterectomy),No,Yes,1,1,Center
1,4:34:06 PM,4:34:22 PM,00:16,TVH (Transvaginal hysterectomy),No,Yes,1,1,Center
17,4:34:22 PM,4:34:30 PM,00:08,TVH (Transvaginal hysterectomy),No,Yes,1,1,Center
1,4:34:30 PM,4:35:38 PM,01:08,TVH (Transvaginal hysterectomy),No,Yes,1,1,Center
2,4:35:38 PM,4:35:39 PM,00:01,TVH (Transvaginal hysterectomy),No,Yes,1,1,Center
1,4:35:39 PM,4:35:49 PM,00:10,TVH (Transvaginal hysterectomy),No,Yes,1,1,Center
17,4:35:49 PM,4:35:52 PM,00:03,TVH (Transvaginal hysterectomy),No,Yes,1,1,Center
1,4:35:52 PM,4:35:57 PM,00:05,TVH (Transvaginal hysterectomy),No,Yes,1,1,Center
2,4:35:57 PM,4:35:59 PM,00:02,TVH (Transvaginal hysterectomy),No,Yes,1,1,Center
1,4:35:59 PM,4:36:01 PM,00:02,TVH (Transvaginal hysterectomy),No,Yes,1,1,Center
17,4:36:01 PM,4:36:08 PM,00:07,TVH (Transvaginal hysterectomy),No,Yes,1,1,Center
1,4:36:08 PM,4:36:19 PM,00:11,TVH (Transvaginal hysterectomy),No,Yes,1,1,Center
17,4:36:19 PM,4:36:21 PM,00:02,TVH (Transvaginal hysterectomy),No,Yes,1,1,Center
1,4:36:21 PM,4:36:22 PM,00:01,TVH (Transvaginal hysterectomy),No,Yes,1,1,Center
3,4:36:22 PM,4:36:24 PM,00:02,TVH (Transvaginal hysterectomy),No,Yes,1,1,Center
19,4:36:24 PM,4:36:34 PM,00:10,TVH (Transvaginal hysterectomy),No,Yes,1,1,Center
27,4:36:34 PM,4:36:36 PM,00:02,TVH (Transvaginal hysterectomy),No,Yes,1,1,Center
11,4:36:36 PM,4:36:42 PM,00:06,TVH (Transvaginal hysterectomy),No,Yes,1,1,Center
27,4:36:42 PM,4:36:50 PM,00:08,TVH (Transvaginal hysterectomy),No,Yes,1,1,Center
19,4:36:50 PM,4:36:58 PM,00:08,TVH (Transvaginal hysterectomy),No,Yes,1,1,Center
3,4:36:58 PM,4:37:00 PM,00:02,TVH (Transvaginal hysterectomy),No,Yes,1,1,Center
1,4:37:00 PM,4:37:16 PM,00:16,TVH (Transvaginal hysterectomy),No,Yes,1,1,Center
17,4:37:16 PM,4:37:17 PM,00:01,TVH (Transvaginal hysterectomy),No,Yes,1,1,Center
1,4:37:17 PM,4:37:26 PM,00:09,TVH (Transvaginal hysterectomy),No,Yes,1,1,Center
9,4:37:26 PM,4:37:26 PM,00:00,TVH (Transvaginal hysterectomy),No,Yes,1,1,Center
1,4:37:26 PM,4:37:30 PM,00:04,TVH (Transvaginal hysterectomy),No,Yes,1,1,Center
17,4:37:30 PM,4:37:33 PM,00:03,TVH (Transvaginal hysterectomy),No,Yes,1,1,Center
1,4:37:33 PM,4:37:41 PM,00:08,TVH (Transvaginal hysterectomy),No,Yes,1,1,Center
17,4:37:41 PM,4:37:44 PM,00:03,TVH (Transvaginal hysterectomy),No,Yes,1,1,Center
1,4:37:44 PM,4:38:02 PM,00:18,TVH (Transvaginal hysterectomy),No,Yes,1,1,Center
17,4:38:02 PM,4:38:06 PM,00:04,TVH (Transvaginal hysterectomy),No,Yes,1,1,Center
18,4:38:06 PM,4:38:10 PM,00:04,TVH (Transvaginal hysterectomy),No,Yes,1,1,Center
26,4:38:10 PM,4:38:14 PM,00:04,TVH (Transvaginal hysterectomy),No,Yes,1,1,Center
10,4:38:14 PM,4:38:16 PM,00:02,TVH (Transvaginal hysterectomy),No,Yes,1,1,Center
2,4:38:16 PM,4:38:17 PM,00:01,TVH (Transvaginal hysterectomy),No,Yes,1,1,Center
1,4:38:17 PM,4:38:19 PM,00:02,TVH (Transvaginal hysterectomy),No,Yes,1,1,Center
17,4:38:19 PM,4:38:21 PM,00:02,TVH (Transvaginal hysterectomy),No,Yes,1,1,Center
25,4:38:21 PM,4:38:24 PM,00:03,TVH (Transvaginal hysterectomy),No,Yes,1,1,Center
26,4:38:24 PM,4:38:37 PM,00:13,TVH (Transvaginal hysterectomy),No,Yes,1,1,Center
25,4:38:37 PM,4:38:43 PM,00:06,TVH (Transvaginal hysterectomy),No,Yes,1,1,Center
17,4:38:43 PM,4:39:06 PM,00:23,TVH (Transvaginal hysterectomy),No,Yes,1,1,Center
1,4:39:06 PM,4:39:27 PM,00:21,TVH (Transvaginal hysterectomy),No,Yes,1,1,Center
17,4:39:27 PM,4:39:32 PM,00:05,TVH (Transvaginal hysterectomy),No,Yes,1,1,Center
25,4:39:32 PM,4:39:40 PM,00:08,TVH (Transvaginal hysterectomy),No,Yes,1,1,Center
26,4:39:40 PM,4:39:47 PM,00:07,TVH (Transvaginal hysterectomy),No,Yes,1,1,Center
10,4:39:47 PM,4:39:49 PM,00:02,TVH (Transvaginal hysterectomy),No,Yes,1,1,Center
2,4:39:49 PM,4:39:51 PM,00:02,TVH (Transvaginal hysterectomy),No,Yes,1,1,Center
1,4:39:51 PM,4:39:52 PM,00:01,TVH (Transvaginal hysterectomy),No,Yes,1,1,Center
9,4:39:52 PM,4:39:55 PM,00:03,TVH (Transvaginal hysterectomy),No,Yes,1,1,Center
25,4:39:55 PM,4:40:02 PM,00:07,TVH (Transvaginal hysterectomy),No,Yes,1,1,Center
9,4:40:02 PM,4:40:03 PM,00:01,TVH (Transvaginal hysterectomy),No,Yes,1,1,Center
1,4:40:03 PM,4:40:17 PM,00:14,TVH (Transvaginal hysterectomy),No,Yes,1,1,Center
2,4:40:17 PM,4:40:23 PM,00:06,TVH (Transvaginal hysterectomy),No,Yes,1,1,Center
10,4:40:23 PM,4:40:28 PM,00:05,TVH (Transvaginal hysterectomy),No,Yes,1,1,Center
26,4:40:28 PM,4:40:32 PM,00:04,TVH (Transvaginal hysterectomy),No,Yes,1,1,Center
25,4:40:32 PM,4:40:33 PM,00:01,TVH (Transvaginal hysterectomy),No,Yes,1,1,Center
9,4:40:33 PM,4:40:35 PM,00:02,TVH (Transvaginal hysterectomy),No,Yes,1,1,Center
1,4:40:35 PM,4:40:38 PM,00:03,TVH (Transvaginal hysterectomy),No,Yes,1,1,Center
17,4:40:38 PM,4:40:52 PM,00:14,TVH (Transvaginal hysterectomy),No,Yes,1,1,Center
1,4:40:52 PM,4:40:56 PM,00:04,TVH (Transvaginal hysterectomy),No,Yes,1,1,Center
17,4:40:56 PM,4:40:58 PM,00:02,TVH (Transvaginal hysterectomy),No,Yes,1,1,Center
19,4:40:58 PM,4:41:00 PM,00:02,TVH (Transvaginal hysterectomy),No,Yes,1,1,Center
17,4:41:00 PM,4:41:03 PM,00:03,TVH (Transvaginal hysterectomy),No,Yes,1,1,Center
19,4:41:03 PM,4:41:06 PM,00:03,TVH (Transvaginal hysterectomy),No,Yes,1,1,Center
20,4:41:06 PM,4:41:10 PM,00:04,TVH (Transvaginal hysterectomy),No,Yes,1,1,Center
19,4:41:10 PM,4:41:14 PM,00:04,TVH (Transvaginal hysterectomy),No,Yes,1,1,Center
3,4:41:14 PM,4:41:15 PM,00:01,TVH (Transvaginal hysterectomy),No,Yes,1,1,Center
19,4:41:15 PM,4:41:26 PM,00:11,TVH (Transvaginal hysterectomy),No,Yes,1,1,Center
17,4:41:26 PM,4:41:37 PM,00:11,TVH (Transvaginal hysterectomy),No,Yes,1,1,Center
25,4:41:37 PM,4:41:39 PM,00:02,TVH (Transvaginal hysterectomy),No,Yes,1,1,Center
26,4:41:39 PM,4:41:49 PM,00:10,TVH (Transvaginal hysterectomy),No,Yes,1,1,Center
25,4:41:49 PM,4:42:03 PM,00:14,TVH (Transvaginal hysterectomy),No,Yes,1,1,Center
9,4:42:03 PM,4:42:04 PM,00:01,TVH (Transvaginal hysterectomy),No,Yes,1,1,Center
1,4:42:04 PM,4:42:10 PM,00:06,TVH (Transvaginal hysterectomy),No,Yes,1,1,Center
2,4:42:10 PM,4:42:13 PM,00:03,TVH (Transvaginal hysterectomy),No,Yes,1,1,Center
1,4:42:13 PM,4:42:18 PM,00:05,TVH (Transvaginal hysterectomy),No,Yes,1,1,Center
17,4:42:18 PM,4:42:22 PM,00:04,TVH (Transvaginal hysterectomy),No,Yes,1,1,Center
1,4:42:22 PM,4:42:25 PM,00:03,TVH (Transvaginal hysterectomy),No,Yes,1,1,Center
17,4:42:25 PM,4:42:29 PM,00:04,TVH (Transvaginal hysterectomy),No,Yes,1,1,Center
25,4:42:29 PM,4:42:45 PM,00:16,TVH (Transvaginal hysterectomy),No,Yes,1,1,Center
26,4:42:45 PM,4:42:46 PM,00:01,TVH (Transvaginal hysterectomy),No,No,1,1,Center
10,4:42:46 PM,4:42:47 PM,00:01,TVH (Transvaginal hysterectomy),No,No,1,1,Center
2,4:42:47 PM,4:43:01 PM,00:14,TVH (Transvaginal hysterectomy),No,No,1,1,Center
18,4:43:01 PM,4:43:03 PM,00:02,TVH (Transvaginal hysterectomy),No,No,1,1,Center
2,4:43:03 PM,4:43:19 PM,00:16,TVH (Transvaginal hysterectomy),No,No,1,1,Center
1,4:43:19 PM,4:43:21 PM,00:02,TVH (Transvaginal hysterectomy),No,No,1,1,Center
17,4:43:21 PM,4:43:23 PM,00:02,TVH (Transvaginal hysterectomy),No,No,1,1,Center
21,4:43:23 PM,4:43:26 PM,00:03,TVH (Transvaginal hysterectomy),No,No,1,1,Center
29,4:43:26 PM,4:43:31 PM,00:05,TVH (Transvaginal hysterectomy),No,No,1,1,Center
21,4:43:31 PM,4:44:20 PM,00:49,TVH (Transvaginal hysterectomy),No,No,1,1,Center
17,4:44:20 PM,4:44:20 PM,00:00,TVH (Transvaginal hysterectomy),No,No,3,1,Center
1,4:44:20 PM,4:44:26 PM,00:06,TVH (Transvaginal hysterectomy),No,No,3,1,Center
9,4:44:26 PM,4:44:28 PM,00:02,TVH (Transvaginal hysterectomy),No,No,3,1,Center
25,4:44:28 PM,4:44:31 PM,00:03,TVH (Transvaginal hysterectomy),No,No,3,1,Center
26,4:44:31 PM,4:44:32 PM,00:01,TVH (Transvaginal hysterectomy),No,No,3,1,Center
25,4:44:32 PM,4:44:58 PM,00:26,TVH (Transvaginal hysterectomy),No,No,3,1,Center
17,4:44:58 PM,4:44:59 PM,00:01,TVH (Transvaginal hysterectomy),No,No,3,1,Center
1,4:44:59 PM,4:45:12 PM,00:13,TVH (Transvaginal hysterectomy),No,No,3,1,Center
17,4:45:12 PM,4:45:13 PM,00:01,TVH (Transvaginal hysterectomy),No,No,3,1,Center
18,4:45:13 PM,4:45:25 PM,00:12,TVH (Transvaginal hysterectomy),No,No,3,1,Center
17,4:45:25 PM,4:45:31 PM,00:06,TVH (Transvaginal hysterectomy),No,No,3,1,Center
1,4:45:31 PM,4:45:34 PM,00:03,TVH (Transvaginal hysterectomy),No,No,3,1,Center
17,4:45:34 PM,4:45:41 PM,00:07,TVH (Transvaginal hysterectomy),No,No,3,1,Center
18,4:45:41 PM,4:45:42 PM,00:01,TVH (Transvaginal hysterectomy),No,No,3,1,Center
17,4:45:42 PM,4:45:44 PM,00:02,TVH (Transvaginal hysterectomy),No,No,3,1,Center
1,4:45:44 PM,4:45:50 PM,00:06,TVH (Transvaginal hysterectomy),No,No,3,1,Center
17,4:45:50 PM,4:45:56 PM,00:06,TVH (Transvaginal hysterectomy),No,No,3,1,Center
18,4:45:56 PM,4:45:58 PM,00:02,TVH (Transvaginal hysterectomy),No,No,3,1,Center
17,4:45:58 PM,4:46:03 PM,00:05,TVH (Transvaginal hysterectomy),No,No,3,1,Center
21,4:46:03 PM,4:46:08 PM,00:05,TVH (Transvaginal hysterectomy),No,No,3,1,Center
22,4:46:08 PM,4:46:11 PM,00:03,TVH (Transvaginal hysterectomy),No,No,3,1,Center
21,4:46:11 PM,4:46:12 PM,00:01,TVH (Transvaginal hysterectomy),No,No,3,1,Center
17,4:46:12 PM,4:46:14 PM,00:02,TVH (Transvaginal hysterectomy),No,No,3,1,Center
1,4:46:14 PM,4:46:17 PM,00:03,TVH (Transvaginal hysterectomy),No,No,3,1,Center
17,4:46:17 PM,4:46:20 PM,00:03,TVH (Transvaginal hysterectomy),No,No,3,1,Center
21,4:46:20 PM,4:46:27 PM,00:07,TVH (Transvaginal hysterectomy),No,No,3,1,Center
17,4:46:27 PM,4:46:29 PM,00:02,TVH (Transvaginal hysterectomy),No,No,3,1,Center
18,4:46:29 PM,4:46:33 PM,00:04,TVH (Transvaginal hysterectomy),No,No,3,1,Center
17,4:46:33 PM,4:46:34 PM,00:01,TVH (Transvaginal hysterectomy),No,No,3,1,Center
1,4:46:34 PM,4:46:52 PM,00:18,TVH (Transvaginal hysterectomy),No,No,3,1,Center
9,4:46:52 PM,4:47:00 PM,00:08,TVH (Transvaginal hysterectomy),No,No,3,1,Center
25,4:47:00 PM,4:47:17 PM,00:17,TVH (Transvaginal hysterectomy),No,No,3,1,Center
9,4:47:17 PM,4:47:19 PM,00:02,TVH (Transvaginal hysterectomy),No,No,3,1,Center
1,4:47:19 PM,4:47:38 PM,00:19,TVH (Transvaginal hysterectomy),No,No,3,1,Center
3,4:47:38 PM,4:47:49 PM,00:11,TVH (Transvaginal hysterectomy),No,No,3,1,Center
4,4:47:49 PM,4:47:54 PM,00:05,TVH (Transvaginal hysterectomy),No,No,3,1,Center
3,4:47:54 PM,4:48:04 PM,00:10,TVH (Transvaginal hysterectomy),No,No,3,1,Center
1,4:48:04 PM,4:48:28 PM,00:24,TVH (Transvaginal hysterectomy),No,No,3,1,Center
5,4:48:28 PM,4:48:35 PM,00:07,TVH (Transvaginal hysterectomy),No,No,3,1,Center
1,4:48:35 PM,4:48:39 PM,00:04,TVH (Transvaginal hysterectomy),No,No,3,1,Center
5,4:48:39 PM,4:48:46 PM,00:07,TVH (Transvaginal hysterectomy),No,No,3,1,Center
1,4:48:46 PM,4:48:58 PM,00:12,TVH (Transvaginal hysterectomy),No,No,3,1,Center
2,4:48:58 PM,4:49:20 PM,00:22,TVH (Transvaginal hysterectomy),No,No,3,1,Center
6,4:49:20 PM,4:49:23 PM,00:03,TVH (Transvaginal hysterectomy),No,No,3,1,Center
2,4:49:23 PM,4:49:25 PM,00:02,TVH (Transvaginal hysterectomy),No,No,3,1,Center
1,4:49:25 PM,4:49:33 PM,00:08,TVH (Transvaginal hysterectomy),No,No,3,1,Center
17,4:49:33 PM,4:49:37 PM,00:04,TVH (Transvaginal hysterectomy),No,No,3,1,Center
18,4:49:37 PM,4:49:48 PM,00:11,TVH (Transvaginal hysterectomy),No,No,3,1,Center
17,4:49:48 PM,4:49:50 PM,00:02,TVH (Transvaginal hysterectomy),No,No,3,1,Center
1,4:49:50 PM,4:50:16 PM,00:26,TVH (Transvaginal hysterectomy),No,No,3,1,Center
2,4:50:16 PM,4:50:18 PM,00:02,TVH (Transvaginal hysterectomy),No,No,3,1,Center
1,4:50:18 PM,4:50:36 PM,00:18,TVH (Transvaginal hysterectomy),No,No,3,1,Center
2,4:50:36 PM,4:50:37 PM,00:01,TVH (Transvaginal hysterectomy),No,No,3,1,Center
1,4:50:37 PM,4:50:49 PM,00:12,TVH (Transvaginal hysterectomy),No,No,3,1,Center
17,4:50:49 PM,4:50:59 PM,00:10,TVH (Transvaginal hysterectomy),No,No,3,1,Center
1,4:50:59 PM,4:51:02 PM,00:03,TVH (Transvaginal hysterectomy),No,No,3,1,Center
17,4:51:02 PM,4:51:09 PM,00:07,TVH (Transvaginal hysterectomy),No,No,3,1,Center
1,4:51:09 PM,4:51:11 PM,00:02,TVH (Transvaginal hysterectomy),No,No,3,1,Center
17,4:51:11 PM,4:51:21 PM,00:10,TVH (Transvaginal hysterectomy),No,No,3,1,Center
1,4:51:21 PM,4:51:49 PM,00:28,TVH (Transvaginal hysterectomy),No,No,3,1,Center
17,4:51:49 PM,4:51:57 PM,00:08,TVH (Transvaginal hysterectomy),No,No,3,1,Center
1,4:51:57 PM,4:52:01 PM,00:04,TVH (Transvaginal hysterectomy),No,No,3,1,Center
2,4:52:01 PM,4:52:02 PM,00:01,TVH (Transvaginal hysterectomy),No,No,3,1,Center
1,4:52:02 PM,4:52:30 PM,00:28,TVH (Transvaginal hysterectomy),No,No,3,1,Center
17,4:52:30 PM,4:52:51 PM,00:21,TVH (Transvaginal hysterectomy),No,No,3,1,Center
18,4:52:51 PM,4:52:52 PM,00:01,TVH (Transvaginal hysterectomy),No,No,3,1,Center
17,4:52:52 PM,4:52:57 PM,00:05,TVH (Transvaginal hysterectomy),No,No,3,1,Center
1,4:52:57 PM,4:53:30 PM,00:33,TVH (Transvaginal hysterectomy),No,No,3,1,Center
2,4:53:30 PM,4:53:33 PM,00:03,TVH (Transvaginal hysterectomy),No,No,3,1,Center
1,4:53:33 PM,4:53:43 PM,00:10,TVH (Transvaginal hysterectomy),No,No,3,1,Center
9,4:53:43 PM,4:53:51 PM,00:08,TVH (Transvaginal hysterectomy),No,No,3,1,Center
1,4:53:51 PM,4:54:07 PM,00:16,TVH (Transvaginal hysterectomy),No,No,3,1,Center
2,4:54:07 PM,4:54:07 PM,00:00,TVH (Transvaginal hysterectomy),No,No,3,1,Center
1,4:54:07 PM,4:54:14 PM,00:07,TVH (Transvaginal hysterectomy),No,No,3,1,Center
17,4:54:14 PM,4:54:17 PM,00:03,TVH (Transvaginal hysterectomy),No,No,3,1,Center
1,4:54:17 PM,4:54:27 PM,00:10,TVH (Transvaginal hysterectomy),No,No,3,1,Center
17,4:54:27 PM,4:54:30 PM,00:03,TVH (Transvaginal hysterectomy),No,No,3,1,Center
1,4:54:30 PM,4:54:37 PM,00:07,TVH (Transvaginal hysterectomy),No,No,3,1,Center
17,4:54:37 PM,4:54:39 PM,00:02,TVH (Transvaginal hysterectomy),No,No,3,1,Center
18,4:54:39 PM,4:54:52 PM,00:13,TVH (Transvaginal hysterectomy),No,No,3,1,Center
2,4:54:52 PM,4:55:01 PM,00:09,TVH (Transvaginal hysterectomy),No,No,3,1,Center
18,4:55:01 PM,4:55:21 PM,00:20,TVH (Transvaginal hysterectomy),No,No,3,1,Center
2,4:55:21 PM,4:55:21 PM,00:00,TVH (Transvaginal hysterectomy),No,No,3,1,Center
1,4:55:21 PM,4:55:32 PM,00:11,TVH (Transvaginal hysterectomy),No,No,3,1,Center
17,4:55:32 PM,4:55:34 PM,00:02,TVH (Transvaginal hysterectomy),No,No,3,1,Center
1,4:55:34 PM,4:55:39 PM,00:05,TVH (Transvaginal hysterectomy),No,No,3,1,Center
9,4:55:39 PM,4:55:51 PM,00:12,TVH (Transvaginal hysterectomy),No,No,3,1,Center
1,4:55:51 PM,4:55:59 PM,00:08,TVH (Transvaginal hysterectomy),No,No,3,1,Center
17,4:55:59 PM,4:56:09 PM,00:10,TVH (Transvaginal hysterectomy),No,No,3,1,Center
1,4:56:09 PM,4:56:14 PM,00:05,TVH (Transvaginal hysterectomy),No,No,3,1,Center
17,4:56:14 PM,4:56:17 PM,00:03,TVH (Transvaginal hysterectomy),No,No,3,1,Center
1,4:56:17 PM,4:56:19 PM,00:02,TVH (Transvaginal hysterectomy),No,No,3,1,Center
17,4:56:19 PM,4:56:22 PM,00:03,TVH (Transvaginal hysterectomy),No,No,3,1,Center
1,4:56:22 PM,4:56:24 PM,00:02,TVH (Transvaginal hysterectomy),No,No,3,1,Center
17,4:56:24 PM,4:56:27 PM,00:03,TVH (Transvaginal hysterectomy),No,No,3,1,Center
21,4:56:27 PM,4:56:31 PM,00:04,TVH (Transvaginal hysterectomy),No,No,3,1,Center
17,4:56:31 PM,4:56:32 PM,00:01,TVH (Transvaginal hysterectomy),No,No,3,1,Center
1,4:56:32 PM,4:56:49 PM,00:17,TVH (Transvaginal hysterectomy),No,No,3,1,Center
17,4:56:49 PM,4:56:51 PM,00:02,TVH (Transvaginal hysterectomy),No,No,3,1,Center
1,4:56:51 PM,4:57:42 PM,00:51,TVH (Transvaginal hysterectomy),No,No,3,1,Center
5,4:57:42 PM,4:58:13 PM,00:31,TVH (Transvaginal hysterectomy),No,Yes,3,1,Center
1,4:58:13 PM,4:58:22 PM,00:09,TVH (Transvaginal hysterectomy),No,Yes,3,1,Center
5,4:58:22 PM,4:58:25 PM,00:03,TVH (Transvaginal hysterectomy),No,Yes,3,1,Center
21,4:58:25 PM,4:58:27 PM,00:02,TVH (Transvaginal hysterectomy),No,Yes,3,1,Center
22,4:58:27 PM,4:58:28 PM,00:01,TVH (Transvaginal hysterectomy),No,Yes,3,1,Center
21,4:58:28 PM,4:58:36 PM,00:08,TVH (Transvaginal hysterectomy),No,Yes,3,1,Center
17,4:58:36 PM,4:58:37 PM,00:01,TVH (Transvaginal hysterectomy),No,Yes,3,1,Center
1,4:58:37 PM,4:58:42 PM,00:05,TVH (Transvaginal hysterectomy),No,Yes,3,1,Center
17,4:58:42 PM,4:58:52 PM,00:10,TVH (Transvaginal hysterectomy),No,Yes,3,1,Center
18,4:58:52 PM,4:58:52 PM,00:00,TVH (Transvaginal hysterectomy),No,Yes,3,1,Center
17,4:58:52 PM,4:58:55 PM,00:03,TVH (Transvaginal hysterectomy),No,Yes,3,1,Center
1,4:58:55 PM,4:59:04 PM,00:09,TVH (Transvaginal hysterectomy),No,Yes,3,1,Center
5,4:59:04 PM,4:59:13 PM,00:09,TVH (Transvaginal hysterectomy),No,Yes,3,1,Center
1,4:59:13 PM,4:59:24 PM,00:11,TVH (Transvaginal hysterectomy),No,Yes,3,1,Center
2,4:59:24 PM,4:59:27 PM,00:03,TVH (Transvaginal hysterectomy),No,Yes,3,1,Center
1,4:59:27 PM,4:59:37 PM,00:10,TVH (Transvaginal hysterectomy),No,Yes,3,1,Center
5,4:59:37 PM,4:59:39 PM,00:02,TVH (Transvaginal hysterectomy),No,Yes,3,1,Center
1,4:59:39 PM,4:59:43 PM,00:04,TVH (Transvaginal hysterectomy),No,Yes,3,1,Center
17,4:59:43 PM,4:59:47 PM,00:04,TVH (Transvaginal hysterectomy),No,Yes,3,1,Center
25,4:59:47 PM,4:59:50 PM,00:03,TVH (Transvaginal hysterectomy),No,Yes,3,1,Center
17,4:59:50 PM,4:59:59 PM,00:09,TVH (Transvaginal hysterectomy),No,Yes,3,1,Center
1,4:59:59 PM,5:00:02 PM,00:03,TVH (Transvaginal hysterectomy),No,Yes,3,1,Center
17,5:00:02 PM,5:00:04 PM,00:02,TVH (Transvaginal hysterectomy),No,Yes,3,1,Center
1,5:00:04 PM,5:00:07 PM,00:03,TVH (Transvaginal hysterectomy),No,Yes,3,1,Center
17,5:00:07 PM,5:00:09 PM,00:02,TVH (Transvaginal hysterectomy),No,Yes,3,1,Center
1,5:00:09 PM,5:00:19 PM,00:10,TVH (Transvaginal hysterectomy),No,Yes,3,1,Center
17,5:00:19 PM,5:00:26 PM,00:07,TVH (Transvaginal hysterectomy),No,Yes,3,1,Center
21,5:00:26 PM,5:00:37 PM,00:11,TVH (Transvaginal hysterectomy),No,Yes,3,1,Center
17,5:00:37 PM,5:00:39 PM,00:02,TVH (Transvaginal hysterectomy),No,Yes,3,1,Center
1,5:00:39 PM,5:00:51 PM,00:12,TVH (Transvaginal hysterectomy),No,Yes,3,1,Center
17,5:00:51 PM,5:01:16 PM,00:25,TVH (Transvaginal hysterectomy),No,Yes,3,1,Center
1,5:01:16 PM,5:01:25 PM,00:09,TVH (Transvaginal hysterectomy),No,Yes,3,1,Center
2,5:01:25 PM,5:01:27 PM,00:02,TVH (Transvaginal hysterectomy),No,Yes,3,1,Center
18,5:01:27 PM,5:01:37 PM,00:10,TVH (Transvaginal hysterectomy),No,Yes,3,1,Center
17,5:01:37 PM,5:01:53 PM,00:16,TVH (Transvaginal hysterectomy),No,Yes,3,1,Center
1,5:01:53 PM,5:01:58 PM,00:05,TVH (Transvaginal hysterectomy),No,Yes,3,1,Center
17,5:01:58 PM,5:02:12 PM,00:14,TVH (Transvaginal hysterectomy),No,Yes,3,1,Center
21,5:02:12 PM,5:02:14 PM,00:02,TVH (Transvaginal hysterectomy),No,Yes,3,1,Center
17,5:02:14 PM,5:02:15 PM,00:01,TVH (Transvaginal hysterectomy),No,Yes,3,1,Center
1,5:02:15 PM,5:02:26 PM,00:11,TVH (Transvaginal hysterectomy),No,Yes,3,1,Center
17,5:04:46 PM,5:04:49 PM,00:03,Unilateral salpingectomy,No,Yes,4,2,Center
21,5:04:49 PM,5:04:51 PM,00:02,Unilateral salpingectomy,No,Yes,4,2,Center
17,5:04:51 PM,5:04:54 PM,00:03,Unilateral salpingectomy,No,Yes,4,2,Center
1,5:04:54 PM,5:04:55 PM,00:01,Unilateral salpingectomy,No,Yes,4,2,Center
17,5:04:55 PM,5:04:57 PM,00:02,Unilateral salpingectomy,No,Yes,4,2,Center
18,5:04:57 PM,5:04:58 PM,00:01,Unilateral salpingectomy,No,Yes,4,2,Center
17,5:04:58 PM,5:05:02 PM,00:04,Unilateral salpingectomy,No,Yes,4,2,Center
1,5:05:02 PM,5:05:20 PM,00:18,Unilateral salpingectomy,No,Yes,4,2,Center
2,5:05:20 PM,5:05:21 PM,00:01,Unilateral salpingectomy,No,Yes,4,2,Center
1,5:05:21 PM,5:05:55 PM,00:34,Unilateral salpingectomy,No,Yes,4,2,Center
17,5:05:55 PM,5:05:57 PM,00:02,Unilateral salpingectomy,No,Yes,4,2,Center
1,5:05:57 PM,5:06:12 PM,00:15,Unilateral salpingectomy,No,Yes,4,2,Center
