Posture Code,Start ,End,Duration,Task Code,Stool Usage,Sitting,Bed Code,Patient Code,Location
1,9:01:34 AM,9:01:39 AM,00:05,TVH (Transvaginal hysterectomy),No,No,1,1,Center
2,9:01:39 AM,9:01:40 AM,00:01,TVH (Transvaginal hysterectomy),No,No,1,1,Center
1,9:01:40 AM,9:01:51 AM,00:11,TVH (Transvaginal hysterectomy),No,No,1,1,Center
2,9:01:51 AM,9:02:04 AM,00:13,TVH (Transvaginal hysterectomy),No,No,1,1,Center
18,9:02:04 AM,9:02:10 AM,00:06,TVH (Transvaginal hysterectomy),No,No,1,1,Center
2,9:02:10 AM,9:02:23 AM,00:13,TVH (Transvaginal hysterectomy),No,No,1,1,Center
18,9:02:23 AM,9:02:30 AM,00:07,TVH (Transvaginal hysterectomy),No,No,1,1,Center
26,9:02:30 AM,9:02:42 AM,00:12,TVH (Transvaginal hysterectomy),No,No,1,1,Center
25,9:02:42 AM,9:02:59 AM,00:17,TVH (Transvaginal hysterectomy),No,No,1,1,Center
9,9:02:59 AM,9:03:08 AM,00:09,TVH (Transvaginal hysterectomy),No,No,1,1,Center
25,9:03:08 AM,9:03:25 AM,00:17,TVH (Transvaginal hysterectomy),No,No,1,1,Center
26,9:03:25 AM,9:03:28 AM,00:03,TVH (Transvaginal hysterectomy),No,No,1,1,Center
25,9:03:28 AM,9:03:31 AM,00:03,TVH (Transvaginal hysterectomy),No,No,1,1,Center
9,9:03:31 AM,9:03:37 AM,00:06,TVH (Transvaginal hysterectomy),No,No,1,1,Center
1,9:03:37 AM,9:03:50 AM,00:13,TVH (Transvaginal hysterectomy),No,No,1,1,Center
2,9:03:50 AM,9:04:08 AM,00:18,TVH (Transvaginal hysterectomy),No,No,1,1,Center
6,9:04:08 AM,9:04:13 AM,00:05,TVH (Transvaginal hysterectomy),No,No,1,1,Center
2,9:04:13 AM,9:04:24 AM,00:11,TVH (Transvaginal hysterectomy),No,No,1,1,Center
18,9:04:24 AM,9:04:26 AM,00:02,TVH (Transvaginal hysterectomy),No,No,1,1,Center
2,9:04:26 AM,9:04:53 AM,00:27,TVH (Transvaginal hysterectomy),No,No,1,1,Center
18,9:04:53 AM,9:04:58 AM,00:05,TVH (Transvaginal hysterectomy),No,No,1,1,Center
22,9:04:58 AM,9:05:01 AM,00:03,TVH (Transvaginal hysterectomy),No,No,1,1,Center
18,9:05:01 AM,9:05:13 AM,00:12,TVH (Transvaginal hysterectomy),No,No,1,1,Center
2,9:05:13 AM,9:05:19 AM,00:06,TVH (Transvaginal hysterectomy),No,No,1,1,Center
1,9:05:19 AM,9:05:31 AM,00:12,TVH (Transvaginal hysterectomy),No,No,1,1,Center
2,9:05:31 AM,9:05:41 AM,00:10,TVH (Transvaginal hysterectomy),No,No,1,1,Center
6,9:05:41 AM,9:05:43 AM,00:02,TVH (Transvaginal hysterectomy),No,No,1,1,Center
2,9:05:43 AM,9:05:46 AM,00:03,TVH (Transvaginal hysterectomy),No,No,1,1,Center
18,9:05:46 AM,9:05:50 AM,00:04,TVH (Transvaginal hysterectomy),No,No,1,1,Center
26,9:05:50 AM,9:05:51 AM,00:01,TVH (Transvaginal hysterectomy),No,No,1,1,Center
18,9:05:51 AM,9:06:01 AM,00:10,TVH (Transvaginal hysterectomy),No,No,1,1,Center
26,9:06:01 AM,9:06:04 AM,00:03,TVH (Transvaginal hysterectomy),No,No,1,1,Center
10,9:06:04 AM,9:06:06 AM,00:02,TVH (Transvaginal hysterectomy),No,No,1,1,Center
2,9:06:06 AM,9:06:14 AM,00:08,TVH (Transvaginal hysterectomy),No,No,1,1,Center
1,9:06:14 AM,9:06:27 AM,00:13,TVH (Transvaginal hysterectomy),No,No,1,1,Center
9,9:06:27 AM,9:06:30 AM,00:03,TVH (Transvaginal hysterectomy),No,No,1,1,Center
25,9:06:30 AM,9:06:33 AM,00:03,TVH (Transvaginal hysterectomy),No,No,1,1,Center
17,9:06:33 AM,9:06:35 AM,00:02,TVH (Transvaginal hysterectomy),No,No,1,1,Center
18,9:06:35 AM,9:07:01 AM,00:26,TVH (Transvaginal hysterectomy),No,No,1,1,Center
22,9:07:01 AM,9:07:04 AM,00:03,TVH (Transvaginal hysterectomy),No,No,1,1,Center
18,9:07:04 AM,9:07:25 AM,00:21,TVH (Transvaginal hysterectomy),No,No,1,1,Center
22,9:07:25 AM,9:07:26 AM,00:01,TVH (Transvaginal hysterectomy),No,No,1,1,Center
18,9:07:26 AM,9:07:29 AM,00:03,TVH (Transvaginal hysterectomy),No,No,1,1,Center
17,9:07:29 AM,9:07:34 AM,00:05,TVH (Transvaginal hysterectomy),No,No,1,1,Center
1,9:07:34 AM,9:07:36 AM,00:02,TVH (Transvaginal hysterectomy),No,No,1,1,Center
17,9:07:36 AM,9:07:39 AM,00:03,TVH (Transvaginal hysterectomy),No,No,1,1,Center
1,9:07:39 AM,9:07:44 AM,00:05,TVH (Transvaginal hysterectomy),No,No,1,1,Center
2,9:07:44 AM,9:08:05 AM,00:21,TVH (Transvaginal hysterectomy),No,No,1,1,Center
18,9:08:05 AM,9:08:10 AM,00:05,TVH (Transvaginal hysterectomy),No,No,1,1,Center
22,9:08:10 AM,9:08:13 AM,00:03,TVH (Transvaginal hysterectomy),No,No,1,1,Center
6,9:08:13 AM,9:08:15 AM,00:02,TVH (Transvaginal hysterectomy),No,No,1,1,Center
5,9:08:15 AM,9:08:20 AM,00:05,TVH (Transvaginal hysterectomy),No,No,1,1,Center
1,9:08:20 AM,9:08:22 AM,00:02,TVH (Transvaginal hysterectomy),No,No,1,1,Center
17,9:08:22 AM,9:08:24 AM,00:02,TVH (Transvaginal hysterectomy),No,No,1,1,Center
25,9:08:24 AM,9:08:27 AM,00:03,TVH (Transvaginal hysterectomy),No,No,1,1,Center
9,9:08:27 AM,9:08:36 AM,00:09,TVH (Transvaginal hysterectomy),No,No,1,1,Center
25,9:08:36 AM,9:08:42 AM,00:06,TVH (Transvaginal hysterectomy),No,No,1,1,Center
17,9:08:42 AM,9:08:46 AM,00:04,TVH (Transvaginal hysterectomy),No,No,1,1,Center
25,9:08:46 AM,9:09:03 AM,00:17,TVH (Transvaginal hysterectomy),No,No,1,1,Center
17,9:09:03 AM,9:09:06 AM,00:03,TVH (Transvaginal hysterectomy),No,No,1,1,Center
1,9:09:06 AM,9:09:38 AM,00:32,TVH (Transvaginal hysterectomy),No,No,1,1,Center
9,9:09:38 AM,9:09:44 AM,00:06,TVH (Transvaginal hysterectomy),No,No,1,1,Center
1,9:09:44 AM,9:10:30 AM,00:46,TVH (Transvaginal hysterectomy),No,No,1,1,Center
2,9:10:30 AM,9:10:34 AM,00:04,TVH (Transvaginal hysterectomy),No,No,1,1,Center
1,9:10:34 AM,9:10:43 AM,00:09,TVH (Transvaginal hysterectomy),No,No,1,1,Center
17,9:10:43 AM,9:10:47 AM,00:04,TVH (Transvaginal hysterectomy),No,No,1,1,Center
1,9:10:47 AM,9:10:50 AM,00:03,TVH (Transvaginal hysterectomy),No,No,1,1,Center
5,9:10:50 AM,9:10:54 AM,00:04,TVH (Transvaginal hysterectomy),No,No,1,1,Center
13,9:10:54 AM,9:10:56 AM,00:02,TVH (Transvaginal hysterectomy),No,No,1,1,Center
29,9:10:56 AM,9:11:10 AM,00:14,TVH (Transvaginal hysterectomy),No,No,1,1,Center
13,9:11:10 AM,9:11:11 AM,00:01,TVH (Transvaginal hysterectomy),No,No,1,1,Center
5,9:11:11 AM,9:11:13 AM,00:02,TVH (Transvaginal hysterectomy),No,No,1,1,Center
1,9:11:13 AM,9:11:21 AM,00:08,TVH (Transvaginal hysterectomy),No,No,1,1,Center
17,9:11:21 AM,9:11:27 AM,00:06,TVH (Transvaginal hysterectomy),No,No,1,1,Center
21,9:11:27 AM,9:11:30 AM,00:03,TVH (Transvaginal hysterectomy),No,No,1,1,Center
29,9:11:30 AM,9:11:33 AM,00:03,TVH (Transvaginal hysterectomy),No,No,1,1,Center
21,9:11:33 AM,9:11:37 AM,00:04,TVH (Transvaginal hysterectomy),No,No,1,1,Center
22,9:11:37 AM,9:11:44 AM,00:07,TVH (Transvaginal hysterectomy),No,No,1,1,Center
6,9:11:44 AM,9:11:46 AM,00:02,TVH (Transvaginal hysterectomy),No,No,1,1,Center
2,9:11:46 AM,9:11:48 AM,00:02,TVH (Transvaginal hysterectomy),No,No,1,1,Center
1,9:11:48 AM,9:11:58 AM,00:10,TVH (Transvaginal hysterectomy),No,No,1,1,Center
2,9:11:58 AM,9:12:11 AM,00:13,TVH (Transvaginal hysterectomy),No,No,1,1,Center
4,9:12:11 AM,9:12:12 AM,00:01,TVH (Transvaginal hysterectomy),No,No,1,1,Center
2,9:12:12 AM,9:12:18 AM,00:06,TVH (Transvaginal hysterectomy),No,No,1,1,Center
18,9:12:18 AM,9:12:20 AM,00:02,TVH (Transvaginal hysterectomy),No,No,1,1,Center
26,9:12:20 AM,9:12:30 AM,00:10,TVH (Transvaginal hysterectomy),No,No,1,1,Center
18,9:12:30 AM,9:12:34 AM,00:04,TVH (Transvaginal hysterectomy),No,No,1,1,Center
22,9:12:34 AM,9:12:37 AM,00:03,TVH (Transvaginal hysterectomy),No,No,1,1,Center
18,9:12:37 AM,9:12:42 AM,00:05,TVH (Transvaginal hysterectomy),No,No,1,1,Center
26,9:12:42 AM,9:12:48 AM,00:06,TVH (Transvaginal hysterectomy),No,No,1,1,Center
10,9:12:48 AM,9:12:50 AM,00:02,TVH (Transvaginal hysterectomy),No,No,1,1,Center
26,9:12:50 AM,9:13:10 AM,00:20,TVH (Transvaginal hysterectomy),No,No,1,1,Center
18,9:13:10 AM,9:13:13 AM,00:03,TVH (Transvaginal hysterectomy),No,No,1,1,Center
26,9:13:13 AM,9:13:23 AM,00:10,TVH (Transvaginal hysterectomy),No,No,1,1,Center
25,9:13:23 AM,9:13:28 AM,00:05,TVH (Transvaginal hysterectomy),No,No,1,1,Center
17,9:13:28 AM,9:13:32 AM,00:04,TVH (Transvaginal hysterectomy),No,No,1,1,Center
1,9:13:32 AM,9:13:33 AM,00:01,TVH (Transvaginal hysterectomy),No,No,1,1,Center
17,9:13:33 AM,9:13:35 AM,00:02,TVH (Transvaginal hysterectomy),No,No,1,1,Center
25,9:13:35 AM,9:13:37 AM,00:02,TVH (Transvaginal hysterectomy),No,No,1,1,Center
29,9:13:37 AM,9:13:40 AM,00:03,TVH (Transvaginal hysterectomy),No,No,1,1,Center
25,9:13:40 AM,9:13:55 AM,00:15,TVH (Transvaginal hysterectomy),No,No,1,1,Center
17,9:13:55 AM,9:14:17 AM,00:22,TVH (Transvaginal hysterectomy),No,No,1,1,Center
19,9:14:17 AM,9:14:20 AM,00:03,TVH (Transvaginal hysterectomy),No,No,1,1,Center
20,9:14:20 AM,9:14:36 AM,00:16,TVH (Transvaginal hysterectomy),No,No,1,1,Center
18,9:14:36 AM,9:14:54 AM,00:18,TVH (Transvaginal hysterectomy),No,No,2,1,Center
20,9:14:54 AM,9:15:08 AM,00:14,TVH (Transvaginal hysterectomy),No,No,2,1,Center
4,9:15:08 AM,9:15:09 AM,00:01,TVH (Transvaginal hysterectomy),No,No,2,1,Center
2,9:15:09 AM,9:15:12 AM,00:03,TVH (Transvaginal hysterectomy),No,No,2,1,Center
6,9:15:12 AM,9:15:18 AM,00:06,TVH (Transvaginal hysterectomy),No,No,2,1,Center
22,9:15:18 AM,9:15:19 AM,00:01,TVH (Transvaginal hysterectomy),No,No,2,1,Center
6,9:15:19 AM,9:15:21 AM,00:02,TVH (Transvaginal hysterectomy),No,No,2,1,Center
2,9:15:21 AM,9:15:22 AM,00:01,TVH (Transvaginal hysterectomy),No,No,2,1,Center
1,9:15:22 AM,9:15:28 AM,00:06,TVH (Transvaginal hysterectomy),No,No,2,1,Center
2,9:15:28 AM,9:15:35 AM,00:07,TVH (Transvaginal hysterectomy),No,No,2,1,Center
10,9:15:35 AM,9:15:39 AM,00:04,TVH (Transvaginal hysterectomy),No,No,2,1,Center
26,9:15:39 AM,9:15:50 AM,00:11,TVH (Transvaginal hysterectomy),No,No,2,1,Center
18,9:15:50 AM,9:15:52 AM,00:02,TVH (Transvaginal hysterectomy),No,No,2,1,Center
2,9:15:52 AM,9:15:53 AM,00:01,TVH (Transvaginal hysterectomy),No,No,2,1,Center
1,9:15:53 AM,9:15:58 AM,00:05,TVH (Transvaginal hysterectomy),No,No,2,1,Center
17,9:15:58 AM,9:16:01 AM,00:03,TVH (Transvaginal hysterectomy),No,No,2,1,Center
1,9:16:01 AM,9:17:02 AM,01:01,TVH (Transvaginal hysterectomy),No,No,2,1,Center
17,9:17:02 AM,9:17:04 AM,00:02,TVH (Transvaginal hysterectomy),No,No,2,1,Center
18,9:17:04 AM,9:17:15 AM,00:11,TVH (Transvaginal hysterectomy),No,No,2,1,Center
2,9:17:15 AM,9:17:18 AM,00:03,TVH (Transvaginal hysterectomy),No,No,2,1,Center
6,9:17:18 AM,9:17:21 AM,00:03,TVH (Transvaginal hysterectomy),No,No,2,1,Center
22,9:17:21 AM,9:17:23 AM,00:02,TVH (Transvaginal hysterectomy),No,No,2,1,Center
18,9:17:23 AM,9:17:36 AM,00:13,TVH (Transvaginal hysterectomy),No,No,2,1,Center
2,9:17:36 AM,9:17:37 AM,00:01,TVH (Transvaginal hysterectomy),No,No,2,1,Center
1,9:17:37 AM,9:18:10 AM,00:33,TVH (Transvaginal hysterectomy),No,No,2,1,Center
5,9:18:10 AM,9:18:15 AM,00:05,TVH (Transvaginal hysterectomy),No,No,4,1,Center
6,9:18:15 AM,9:18:29 AM,00:14,TVH (Transvaginal hysterectomy),No,No,4,1,Center
2,9:18:29 AM,9:19:18 AM,00:49,TVH (Transvaginal hysterectomy),No,No,4,1,Center
18,9:19:18 AM,9:19:20 AM,00:02,TVH (Transvaginal hysterectomy),No,No,4,1,Center
17,9:19:20 AM,9:19:29 AM,00:09,TVH (Transvaginal hysterectomy),No,No,4,1,Center
1,9:19:29 AM,9:19:32 AM,00:03,TVH (Transvaginal hysterectomy),No,No,4,1,Center
5,9:19:32 AM,9:19:38 AM,00:06,TVH (Transvaginal hysterectomy),No,No,4,1,Center
13,9:19:38 AM,9:19:41 AM,00:03,TVH (Transvaginal hysterectomy),No,No,4,1,Center
29,9:19:41 AM,9:19:44 AM,00:03,TVH (Transvaginal hysterectomy),No,No,4,1,Center
25,9:19:44 AM,9:20:10 AM,00:26,TVH (Transvaginal hysterectomy),No,No,4,1,Center
9,9:20:10 AM,9:20:11 AM,00:01,TVH (Transvaginal hysterectomy),No,No,4,1,Center
1,9:20:11 AM,9:20:16 AM,00:05,TVH (Transvaginal hysterectomy),No,No,4,1,Center
2,9:20:16 AM,9:20:19 AM,00:03,TVH (Transvaginal hysterectomy),No,No,4,1,Center
18,9:20:19 AM,9:20:27 AM,00:08,TVH (Transvaginal hysterectomy),No,No,4,1,Center
17,9:20:27 AM,9:20:34 AM,00:07,TVH (Transvaginal hysterectomy),No,No,4,1,Center
21,9:20:34 AM,9:20:48 AM,00:14,TVH (Transvaginal hysterectomy),No,No,4,1,Center
17,9:20:48 AM,9:20:49 AM,00:01,TVH (Transvaginal hysterectomy),No,No,4,1,Center
1,9:20:49 AM,9:20:56 AM,00:07,TVH (Transvaginal hysterectomy),No,No,4,1,Center
2,9:20:56 AM,9:21:07 AM,00:11,TVH (Transvaginal hysterectomy),No,No,4,1,Center
1,9:21:07 AM,9:21:09 AM,00:02,TVH (Transvaginal hysterectomy),No,No,4,1,Center
5,9:21:09 AM,9:21:13 AM,00:04,TVH (Transvaginal hysterectomy),No,No,4,1,Center
21,9:21:13 AM,9:21:16 AM,00:03,TVH (Transvaginal hysterectomy),No,No,4,1,Center
29,9:21:16 AM,9:21:22 AM,00:06,TVH (Transvaginal hysterectomy),No,No,4,1,Center
13,9:21:22 AM,9:21:28 AM,00:06,TVH (Transvaginal hysterectomy),No,No,4,1,Center
5,9:21:28 AM,9:21:30 AM,00:02,TVH (Transvaginal hysterectomy),No,No,4,1,Center
1,9:21:30 AM,9:21:36 AM,00:06,TVH (Transvaginal hysterectomy),No,No,4,1,Center
17,9:21:36 AM,9:21:46 AM,00:10,TVH (Transvaginal hysterectomy),No,No,4,1,Center
21,9:21:46 AM,9:21:57 AM,00:11,TVH (Transvaginal hysterectomy),No,No,4,1,Center
17,9:21:57 AM,9:22:01 AM,00:04,TVH (Transvaginal hysterectomy),No,No,4,1,Center
21,9:22:01 AM,9:22:02 AM,00:01,TVH (Transvaginal hysterectomy),No,No,4,1,Center
17,9:22:02 AM,9:22:07 AM,00:05,TVH (Transvaginal hysterectomy),No,No,4,1,Center
25,9:22:07 AM,9:22:11 AM,00:04,TVH (Transvaginal hysterectomy),No,No,4,1,Center
29,9:22:11 AM,9:22:18 AM,00:07,TVH (Transvaginal hysterectomy),No,No,4,1,Center
13,9:22:18 AM,9:22:24 AM,00:06,TVH (Transvaginal hysterectomy),No,No,4,1,Center
29,9:22:24 AM,9:22:32 AM,00:08,TVH (Transvaginal hysterectomy),No,No,4,1,Center
13,9:22:32 AM,9:23:35 AM,01:03,TVH (Transvaginal hysterectomy),No,No,4,1,Center
14,9:23:35 AM,9:23:38 AM,00:03,TVH (Transvaginal hysterectomy),No,No,4,1,Center
10,9:23:38 AM,9:23:49 AM,00:11,TVH (Transvaginal hysterectomy),No,No,4,1,Center
9,9:23:49 AM,9:23:55 AM,00:06,TVH (Transvaginal hysterectomy),No,No,4,1,Center
25,9:23:55 AM,9:23:57 AM,00:02,TVH (Transvaginal hysterectomy),No,No,4,1,Center
17,9:23:57 AM,9:24:14 AM,00:17,TVH (Transvaginal hysterectomy),No,No,4,1,Center
25,9:24:14 AM,9:24:22 AM,00:08,TVH (Transvaginal hysterectomy),No,No,4,1,Center
29,9:24:22 AM,9:24:25 AM,00:03,TVH (Transvaginal hysterectomy),No,No,4,1,Center
25,9:24:25 AM,9:24:31 AM,00:06,TVH (Transvaginal hysterectomy),No,No,4,1,Center
9,9:24:31 AM,9:24:38 AM,00:07,TVH (Transvaginal hysterectomy),No,No,4,1,Center
25,9:24:38 AM,9:24:44 AM,00:06,TVH (Transvaginal hysterectomy),No,No,4,1,Center
17,9:24:44 AM,9:25:02 AM,00:18,TVH (Transvaginal hysterectomy),No,No,4,1,Center
1,9:25:02 AM,9:25:13 AM,00:11,TVH (Transvaginal hysterectomy),No,No,4,1,Center
17,9:25:13 AM,9:25:18 AM,00:05,TVH (Transvaginal hysterectomy),No,No,4,1,Center
25,9:25:18 AM,9:25:21 AM,00:03,TVH (Transvaginal hysterectomy),No,No,4,1,Center
9,9:25:21 AM,9:25:37 AM,00:16,TVH (Transvaginal hysterectomy),No,No,4,1,Center
10,9:25:37 AM,9:25:39 AM,00:02,TVH (Transvaginal hysterectomy),No,No,4,1,Center
9,9:25:39 AM,9:25:43 AM,00:04,TVH (Transvaginal hysterectomy),No,No,4,1,Center
25,9:25:43 AM,9:25:48 AM,00:05,TVH (Transvaginal hysterectomy),No,No,4,1,Center
29,9:25:48 AM,9:26:10 AM,00:22,TVH (Transvaginal hysterectomy),No,No,4,1,Center
13,9:26:10 AM,9:26:13 AM,00:03,TVH (Transvaginal hysterectomy),No,No,4,1,Center
9,9:26:13 AM,9:26:19 AM,00:06,TVH (Transvaginal hysterectomy),No,No,4,1,Center
25,9:26:19 AM,9:26:42 AM,00:23,TVH (Transvaginal hysterectomy),No,No,4,1,Center
17,9:26:42 AM,9:26:46 AM,00:04,TVH (Transvaginal hysterectomy),No,No,4,1,Center
1,9:26:46 AM,9:26:52 AM,00:06,TVH (Transvaginal hysterectomy),No,No,4,1,Center
17,9:26:52 AM,9:26:56 AM,00:04,TVH (Transvaginal hysterectomy),No,No,4,1,Center
25,9:26:56 AM,9:27:01 AM,00:05,TVH (Transvaginal hysterectomy),No,No,4,1,Center
29,9:27:01 AM,9:27:03 AM,00:02,TVH (Transvaginal hysterectomy),No,No,4,1,Center
25,9:27:03 AM,9:27:08 AM,00:05,TVH (Transvaginal hysterectomy),No,No,4,1,Center
9,9:27:08 AM,9:27:38 AM,00:30,TVH (Transvaginal hysterectomy),No,No,4,1,Center
13,9:27:38 AM,9:27:43 AM,00:05,TVH (Transvaginal hysterectomy),No,No,5,1,Center
9,9:27:43 AM,9:27:47 AM,00:04,TVH (Transvaginal hysterectomy),No,No,5,1,Center
1,9:27:47 AM,9:27:51 AM,00:04,TVH (Transvaginal hysterectomy),No,No,5,1,Center
3,9:27:51 AM,9:27:55 AM,00:04,TVH (Transvaginal hysterectomy),No,No,5,1,Center
4,9:27:55 AM,9:27:56 AM,00:01,TVH (Transvaginal hysterectomy),No,No,5,1,Center
3,9:27:56 AM,9:27:58 AM,00:02,TVH (Transvaginal hysterectomy),No,No,5,1,Center
1,9:27:58 AM,9:28:06 AM,00:08,TVH (Transvaginal hysterectomy),No,No,5,1,Center
5,9:28:06 AM,9:28:09 AM,00:03,TVH (Transvaginal hysterectomy),No,No,5,1,Center
21,9:28:09 AM,9:28:17 AM,00:08,TVH (Transvaginal hysterectomy),No,No,5,1,Center
5,9:28:17 AM,9:28:20 AM,00:03,TVH (Transvaginal hysterectomy),No,No,5,1,Center
1,9:28:20 AM,9:28:57 AM,00:37,TVH (Transvaginal hysterectomy),No,No,5,1,Center
17,9:28:57 AM,9:29:00 AM,00:03,TVH (Transvaginal hysterectomy),No,No,5,1,Center
21,9:29:00 AM,9:29:04 AM,00:04,TVH (Transvaginal hysterectomy),No,No,5,1,Center
29,9:29:04 AM,9:29:14 AM,00:10,TVH (Transvaginal hysterectomy),No,No,5,1,Center
30,9:29:14 AM,9:29:16 AM,00:02,TVH (Transvaginal hysterectomy),No,No,5,1,Center
29,9:29:16 AM,9:29:25 AM,00:09,TVH (Transvaginal hysterectomy),No,No,5,1,Center
21,9:29:25 AM,9:29:41 AM,00:16,TVH (Transvaginal hysterectomy),No,No,5,1,Center
17,9:29:41 AM,9:29:42 AM,00:01,TVH (Transvaginal hysterectomy),No,No,5,1,Center
1,9:29:42 AM,9:29:48 AM,00:06,TVH (Transvaginal hysterectomy),No,No,5,1,Center
17,9:29:48 AM,9:29:53 AM,00:05,TVH (Transvaginal hysterectomy),No,No,5,1,Center
1,9:29:53 AM,9:29:57 AM,00:04,TVH (Transvaginal hysterectomy),No,No,5,1,Center
9,9:29:57 AM,9:30:00 AM,00:03,TVH (Transvaginal hysterectomy),No,No,5,1,Center
25,9:30:00 AM,9:30:16 AM,00:16,TVH (Transvaginal hysterectomy),No,No,5,1,Center
26,9:30:16 AM,9:30:17 AM,00:01,TVH (Transvaginal hysterectomy),No,No,5,1,Center
25,9:30:17 AM,9:30:29 AM,00:12,TVH (Transvaginal hysterectomy),No,No,5,1,Center
17,9:30:29 AM,9:30:31 AM,00:02,TVH (Transvaginal hysterectomy),No,No,5,1,Center
1,9:30:31 AM,9:30:48 AM,00:17,TVH (Transvaginal hysterectomy),No,No,5,1,Center
17,9:30:48 AM,9:30:52 AM,00:04,TVH (Transvaginal hysterectomy),No,No,5,1,Center
21,9:30:52 AM,9:30:57 AM,00:05,TVH (Transvaginal hysterectomy),No,No,5,1,Center
22,9:30:57 AM,9:30:59 AM,00:02,TVH (Transvaginal hysterectomy),No,No,5,1,Center
21,9:30:59 AM,9:31:04 AM,00:05,TVH (Transvaginal hysterectomy),No,No,5,1,Center
22,9:31:04 AM,9:31:10 AM,00:06,TVH (Transvaginal hysterectomy),No,No,5,1,Center
21,9:31:10 AM,9:31:38 AM,00:28,TVH (Transvaginal hysterectomy),No,No,5,1,Center
22,9:31:38 AM,9:31:39 AM,00:01,TVH (Transvaginal hysterectomy),No,No,5,1,Center
21,9:31:39 AM,9:31:41 AM,00:02,TVH (Transvaginal hysterectomy),No,No,5,1,Center
17,9:31:41 AM,9:31:43 AM,00:02,TVH (Transvaginal hysterectomy),No,No,5,1,Center
1,9:31:43 AM,9:31:45 AM,00:02,TVH (Transvaginal hysterectomy),No,No,5,1,Center
17,9:31:45 AM,9:31:46 AM,00:01,TVH (Transvaginal hysterectomy),No,No,5,1,Center
21,9:31:46 AM,9:32:09 AM,00:23,TVH (Transvaginal hysterectomy),No,No,5,1,Center
5,9:32:09 AM,9:32:11 AM,00:02,TVH (Transvaginal hysterectomy),No,No,5,1,Center
1,9:32:11 AM,9:32:19 AM,00:08,TVH (Transvaginal hysterectomy),No,No,5,1,Center
17,9:32:19 AM,9:32:24 AM,00:05,TVH (Transvaginal hysterectomy),No,No,5,1,Center
21,9:32:24 AM,9:32:25 AM,00:01,TVH (Transvaginal hysterectomy),No,No,5,1,Center
17,9:32:25 AM,9:32:27 AM,00:02,TVH (Transvaginal hysterectomy),No,No,5,1,Center
1,9:32:27 AM,9:32:30 AM,00:03,TVH (Transvaginal hysterectomy),No,No,5,1,Center
2,9:32:30 AM,9:33:00 AM,00:30,TVH (Transvaginal hysterectomy),No,No,5,1,Center
1,9:33:00 AM,9:33:10 AM,00:10,TVH (Transvaginal hysterectomy),No,No,5,1,Center
17,9:33:10 AM,9:33:44 AM,00:34,TVH (Transvaginal hysterectomy),No,No,5,1,Center
18,9:33:44 AM,9:33:48 AM,00:04,TVH (Transvaginal hysterectomy),No,No,5,1,Center
17,9:33:48 AM,9:33:54 AM,00:06,TVH (Transvaginal hysterectomy),No,No,5,1,Center
21,9:33:54 AM,9:33:59 AM,00:05,TVH (Transvaginal hysterectomy),No,No,5,1,Center
17,9:33:59 AM,9:34:03 AM,00:04,TVH (Transvaginal hysterectomy),No,No,5,1,Center
1,9:34:03 AM,9:34:29 AM,00:26,TVH (Transvaginal hysterectomy),No,No,5,1,Center
5,9:34:29 AM,9:34:35 AM,00:06,TVH (Transvaginal hysterectomy),No,No,5,1,Center
21,9:34:35 AM,9:34:40 AM,00:05,TVH (Transvaginal hysterectomy),No,No,5,1,Center
22,9:34:40 AM,9:34:43 AM,00:03,TVH (Transvaginal hysterectomy),No,No,5,1,Center
21,9:34:43 AM,9:34:45 AM,00:02,TVH (Transvaginal hysterectomy),No,No,5,1,Center
17,9:34:45 AM,9:34:55 AM,00:10,TVH (Transvaginal hysterectomy),No,No,5,1,Center
1,9:34:55 AM,9:35:28 AM,00:33,TVH (Transvaginal hysterectomy),No,No,5,1,Center
9,9:35:28 AM,9:35:31 AM,00:03,TVH (Transvaginal hysterectomy),No,No,5,1,Center
10,9:35:31 AM,9:35:35 AM,00:04,TVH (Transvaginal hysterectomy),No,No,5,1,Center
26,9:35:35 AM,9:35:56 AM,00:21,TVH (Transvaginal hysterectomy),No,No,5,1,Center
25,9:35:56 AM,9:36:04 AM,00:08,TVH (Transvaginal hysterectomy),No,No,5,1,Center
9,9:36:04 AM,9:36:07 AM,00:03,TVH (Transvaginal hysterectomy),No,No,5,1,Center
25,9:36:07 AM,9:36:08 AM,00:01,TVH (Transvaginal hysterectomy),No,No,5,1,Center
26,9:36:08 AM,9:36:13 AM,00:05,TVH (Transvaginal hysterectomy),No,No,5,1,Center
10,9:36:13 AM,9:36:38 AM,00:25,TVH (Transvaginal hysterectomy),No,No,5,1,Center
9,9:36:38 AM,9:36:41 AM,00:03,TVH (Transvaginal hysterectomy),No,No,5,1,Center
1,9:36:41 AM,9:36:46 AM,00:05,TVH (Transvaginal hysterectomy),No,No,5,1,Center
5,9:36:46 AM,9:36:49 AM,00:03,TVH (Transvaginal hysterectomy),No,No,5,1,Center
21,9:36:49 AM,9:36:57 AM,00:08,TVH (Transvaginal hysterectomy),No,No,5,1,Center
22,9:36:57 AM,9:37:04 AM,00:07,TVH (Transvaginal hysterectomy),No,No,5,1,Center
18,9:37:04 AM,9:37:04 AM,00:00,TVH (Transvaginal hysterectomy),No,No,5,1,Center
17,9:37:04 AM,9:37:04 AM,00:00,TVH (Transvaginal hysterectomy),No,No,5,1,Center
1,9:37:04 AM,9:37:04 AM,00:00,TVH (Transvaginal hysterectomy),No,No,5,1,Center
17,9:38:01 AM,9:38:06 AM,00:05,Bilateral salpingectomy,No,No,6,2,Center
1,9:38:06 AM,9:38:16 AM,00:10,Bilateral salpingectomy,No,No,6,2,Center
9,9:38:16 AM,9:38:18 AM,00:02,Bilateral salpingectomy,No,No,6,2,Center
1,9:38:18 AM,9:38:20 AM,00:02,Bilateral salpingectomy,No,No,6,2,Center
9,9:38:20 AM,9:38:22 AM,00:02,Bilateral salpingectomy,No,No,6,2,Center
25,9:38:22 AM,9:38:22 AM,00:00,Bilateral salpingectomy,No,No,6,2,Center
9,9:38:22 AM,9:38:29 AM,00:07,Bilateral salpingectomy,No,No,6,2,Center
25,9:38:29 AM,9:38:55 AM,00:26,Bilateral salpingectomy,No,No,6,2,Center
17,9:38:55 AM,9:38:59 AM,00:04,Bilateral salpingectomy,No,No,6,2,Center
18,9:38:59 AM,9:39:00 AM,00:01,Bilateral salpingectomy,No,No,6,2,Center
17,9:39:00 AM,9:39:01 AM,00:01,Bilateral salpingectomy,No,No,6,2,Center
1,9:39:01 AM,9:39:29 AM,00:28,Bilateral salpingectomy,No,No,6,2,Center
5,9:39:29 AM,9:39:37 AM,00:08,Bilateral salpingectomy,No,No,6,2,Center
6,9:39:37 AM,9:39:38 AM,00:01,Bilateral salpingectomy,No,No,6,2,Center
5,9:39:38 AM,9:39:41 AM,00:03,Bilateral salpingectomy,No,No,6,2,Center
1,9:39:41 AM,9:39:44 AM,00:03,Bilateral salpingectomy,No,No,6,2,Center
17,9:39:44 AM,9:39:48 AM,00:04,Bilateral salpingectomy,No,No,6,2,Center
18,9:39:48 AM,9:40:03 AM,00:15,Bilateral salpingectomy,No,No,6,2,Center
17,9:40:03 AM,9:40:05 AM,00:02,Bilateral salpingectomy,No,No,6,2,Center
1,9:40:05 AM,9:40:07 AM,00:02,Bilateral salpingectomy,No,No,6,2,Center
2,9:40:07 AM,9:40:10 AM,00:03,Bilateral salpingectomy,No,No,6,2,Center
18,9:40:10 AM,9:40:24 AM,00:14,Bilateral salpingectomy,No,No,6,2,Center
2,9:40:24 AM,9:40:48 AM,00:24,Bilateral salpingectomy,No,No,6,2,Center
1,9:40:48 AM,9:41:04 AM,00:16,Bilateral salpingectomy,No,No,6,2,Center
17,9:41:04 AM,9:41:16 AM,00:12,Bilateral salpingectomy,No,No,6,2,Center
25,9:41:16 AM,9:41:17 AM,00:01,Bilateral salpingectomy,No,No,6,2,Center
17,9:41:17 AM,9:41:22 AM,00:05,Bilateral salpingectomy,No,No,6,2,Center
25,9:41:22 AM,9:41:30 AM,00:08,Bilateral salpingectomy,No,No,6,2,Center
9,9:41:30 AM,9:41:40 AM,00:10,Bilateral salpingectomy,No,No,6,2,Center
1,9:41:40 AM,9:42:26 AM,00:46,Bilateral salpingectomy,No,No,6,2,Center
2,9:42:26 AM,9:42:35 AM,00:09,Bilateral salpingectomy,No,No,6,2,Center
1,9:42:35 AM,9:42:37 AM,00:02,Bilateral salpingectomy,No,No,6,2,Center
2,9:42:37 AM,9:42:46 AM,00:09,Bilateral salpingectomy,No,No,6,2,Center
6,9:42:46 AM,9:43:07 AM,00:21,Bilateral salpingectomy,No,No,6,2,Center
5,9:43:07 AM,9:43:11 AM,00:04,Bilateral salpingectomy,No,No,6,2,Center
1,9:43:11 AM,9:43:31 AM,00:20,Bilateral salpingectomy,No,No,6,2,Center
17,9:43:31 AM,9:43:41 AM,00:10,Bilateral salpingectomy,No,No,6,2,Center
25,9:43:41 AM,9:43:42 AM,00:01,Bilateral salpingectomy,No,No,6,2,Center
17,9:43:42 AM,9:43:45 AM,00:03,Bilateral salpingectomy,No,No,6,2,Center
1,9:43:45 AM,9:43:48 AM,00:03,Bilateral salpingectomy,No,No,6,2,Center
17,9:43:48 AM,9:43:51 AM,00:03,Bilateral salpingectomy,No,No,6,2,Center
1,9:43:51 AM,9:46:52 AM,03:01,Bilateral salpingectomy,No,No,6,2,Center
17,9:51:42 AM,9:54:11 AM,02:29,Attachement of vaginal mesh,No,No,8,4,Left
1,9:54:11 AM,9:55:17 AM,01:06,Attachement of vaginal mesh,No,No,8,4,Left
5,9:55:17 AM,9:55:18 AM,00:01,Attachement of vaginal mesh,No,No,8,4,Center
1,9:55:18 AM,9:55:33 AM,00:15,Attachement of vaginal mesh,No,No,8,4,Center
9,9:55:33 AM,9:55:36 AM,00:03,Attachement of vaginal mesh,No,No,8,4,Center
10,9:55:36 AM,9:55:37 AM,00:01,Attachement of vaginal mesh,No,No,8,4,Center
9,9:55:37 AM,9:55:49 AM,00:12,Attachement of vaginal mesh,No,No,8,4,Center
10,9:55:49 AM,9:55:50 AM,00:01,Attachement of vaginal mesh,No,No,8,4,Center
9,9:55:50 AM,9:55:55 AM,00:05,Attachement of vaginal mesh,No,No,8,4,Center
10,9:55:55 AM,9:56:00 AM,00:05,Attachement of vaginal mesh,No,No,8,4,Center
9,9:56:00 AM,9:56:02 AM,00:02,Attachement of vaginal mesh,No,No,8,4,Center
10,9:56:02 AM,9:57:18 AM,01:16,Attachement of vaginal mesh,No,No,8,4,Center
26,9:57:18 AM,9:57:23 AM,00:05,Attachement of vaginal mesh,No,No,8,4,Center
10,9:57:23 AM,9:57:24 AM,00:01,Attachement of vaginal mesh,No,No,8,4,Center
14,9:57:24 AM,9:57:26 AM,00:02,Attachement of vaginal mesh,No,No,8,4,Center
10,9:57:26 AM,9:58:04 AM,00:38,Attachement of vaginal mesh,No,No,8,4,Center
2,9:58:04 AM,9:58:22 AM,00:18,Attachement of vaginal mesh,No,No,8,4,Center
10,9:58:22 AM,9:59:30 AM,01:08,Attachement of vaginal mesh,No,No,8,4,Center
9,9:59:30 AM,9:59:32 AM,00:02,Attachement of vaginal mesh,No,No,8,4,Center
1,9:59:32 AM,10:00:02 AM,00:30,Attachement of vaginal mesh,No,No,8,4,Center
9,10:00:02 AM,10:00:03 AM,00:01,Attachement of vaginal mesh,No,No,8,4,Center
10,10:00:03 AM,10:00:48 AM,00:45,Attachement of vaginal mesh,No,No,8,4,Center
9,10:00:48 AM,10:01:27 AM,00:39,Attachement of vaginal mesh,No,No,8,4,Center
1,10:01:27 AM,10:01:28 AM,00:01,Attachement of vaginal mesh,No,No,8,4,Center
9,10:01:28 AM,10:04:33 AM,03:05,Attachement of vaginal mesh,No,No,8,4,Center
10,10:04:33 AM,10:04:40 AM,00:07,Attachement of vaginal mesh,No,No,8,4,Center
9,10:04:40 AM,10:04:51 AM,00:11,Attachement of vaginal mesh,No,No,8,4,Center
10,10:04:51 AM,10:04:57 AM,00:06,Attachement of vaginal mesh,No,No,8,4,Center
9,10:04:57 AM,10:05:35 AM,00:38,Attachement of vaginal mesh,No,No,8,4,Center
13,10:05:35 AM,10:05:36 AM,00:01,Attachement of vaginal mesh,No,No,8,4,Center
5,10:05:36 AM,10:05:43 AM,00:07,Attachement of vaginal mesh,No,No,8,4,Center
1,10:05:43 AM,10:05:49 AM,00:06,Attachement of vaginal mesh,No,No,8,4,Center
2,10:05:49 AM,10:05:57 AM,00:08,Attachement of vaginal mesh,No,No,8,4,Center
10,10:05:57 AM,10:06:15 AM,00:18,Attachement of vaginal mesh,No,No,8,4,Center
9,10:06:15 AM,10:06:26 AM,00:11,Attachement of vaginal mesh,No,No,8,4,Center
10,10:06:26 AM,10:06:38 AM,00:12,Attachement of vaginal mesh,No,No,8,4,Center
2,10:06:38 AM,10:06:41 AM,00:03,Attachement of vaginal mesh,No,No,8,4,Center
1,10:06:41 AM,10:07:03 AM,00:22,Attachement of vaginal mesh,No,No,8,4,Center
2,10:07:03 AM,10:07:18 AM,00:15,Attachement of vaginal mesh,No,No,8,4,Center
1,10:07:18 AM,10:07:38 AM,00:20,Attachement of vaginal mesh,No,No,8,4,Center
2,10:07:38 AM,10:08:00 AM,00:22,Attachement of vaginal mesh,No,No,8,4,Center
1,10:08:00 AM,10:08:54 AM,00:54,Attachement of vaginal mesh,No,No,8,4,Center
2,10:08:54 AM,10:09:13 AM,00:19,Attachement of vaginal mesh,No,No,8,4,Center
1,10:09:13 AM,10:09:25 AM,00:12,Attachement of vaginal mesh,No,No,8,4,Center
2,10:09:25 AM,10:10:29 AM,01:04,Attachement of vaginal mesh,No,No,8,4,Center
1,10:10:29 AM,10:10:56 AM,00:27,Attachement of vaginal mesh,No,No,8,4,Center
5,10:10:56 AM,10:10:57 AM,00:01,Attachement of vaginal mesh,No,No,8,4,Center
6,10:10:57 AM,10:11:00 AM,00:03,Attachement of vaginal mesh,No,No,8,4,Center
2,10:11:00 AM,10:11:15 AM,00:15,Attachement of vaginal mesh,No,No,8,4,Center
1,10:11:15 AM,10:12:14 AM,00:59,Attachement of vaginal mesh,No,No,8,4,Center
2,10:12:14 AM,10:12:28 AM,00:14,Attachement of vaginal mesh,No,No,8,4,Center
1,10:12:28 AM,10:12:57 AM,00:29,Attachement of vaginal mesh,No,No,8,4,Center
2,10:12:57 AM,10:13:12 AM,00:15,Attachement of vaginal mesh,No,No,8,4,Center
18,10:13:12 AM,10:13:19 AM,00:07,Attachement of vaginal mesh,No,No,8,4,Center
2,10:13:19 AM,10:13:23 AM,00:04,Attachement of vaginal mesh,No,No,8,4,Center
1,10:13:23 AM,10:14:14 AM,00:51,Attachement of vaginal mesh,No,No,8,4,Center
2,10:14:14 AM,10:14:23 AM,00:09,Attachement of vaginal mesh,No,No,8,4,Center
1,10:14:23 AM,10:15:17 AM,00:54,Attachement of vaginal mesh,No,No,8,4,Center
2,10:15:17 AM,10:15:18 AM,00:01,Attachement of vaginal mesh,No,No,8,4,Center
1,10:15:18 AM,10:15:25 AM,00:07,Attachement of vaginal mesh,No,No,8,4,Center
17,10:15:25 AM,10:15:30 AM,00:05,Attachement of vaginal mesh,No,No,8,4,Center
1,10:15:30 AM,10:15:51 AM,00:21,Attachement of vaginal mesh,No,No,8,4,Center
5,10:15:51 AM,10:15:56 AM,00:05,Attachement of vaginal mesh,No,No,8,4,Center
6,10:15:56 AM,10:15:57 AM,00:01,Attachement of vaginal mesh,No,No,8,4,Center
5,10:15:57 AM,10:15:58 AM,00:01,Attachement of vaginal mesh,No,No,8,4,Center
1,10:15:58 AM,10:16:24 AM,00:26,Attachement of vaginal mesh,No,No,8,4,Center
9,10:16:24 AM,10:16:45 AM,00:21,Attachement of vaginal mesh,No,No,8,4,Center
1,10:16:45 AM,10:16:56 AM,00:11,Attachement of vaginal mesh,No,No,8,4,Center
17,10:19:16 AM,10:19:30 AM,00:14,TVH (Transvaginal hysterectomy),No,No,9,5,Center
18,10:19:30 AM,10:19:39 AM,00:09,TVH (Transvaginal hysterectomy),No,No,9,5,Center
2,10:19:39 AM,10:19:40 AM,00:01,TVH (Transvaginal hysterectomy),No,No,9,5,Center
1,10:19:40 AM,10:19:43 AM,00:03,TVH (Transvaginal hysterectomy),No,No,9,5,Center
2,10:19:43 AM,10:19:45 AM,00:02,TVH (Transvaginal hysterectomy),No,No,9,5,Center
18,10:19:45 AM,10:19:51 AM,00:06,TVH (Transvaginal hysterectomy),No,No,9,5,Center
17,10:19:51 AM,10:20:19 AM,00:28,TVH (Transvaginal hysterectomy),No,No,9,5,Center
1,10:20:19 AM,10:20:21 AM,00:02,TVH (Transvaginal hysterectomy),No,No,9,5,Center
2,10:20:21 AM,10:20:25 AM,00:04,TVH (Transvaginal hysterectomy),No,No,9,5,Center
1,10:20:25 AM,10:20:32 AM,00:07,TVH (Transvaginal hysterectomy),No,No,9,5,Center
2,10:20:32 AM,10:20:45 AM,00:13,TVH (Transvaginal hysterectomy),No,No,9,5,Center
1,10:20:45 AM,10:20:52 AM,00:07,TVH (Transvaginal hysterectomy),No,No,9,5,Center
17,10:20:52 AM,10:20:55 AM,00:03,TVH (Transvaginal hysterectomy),No,No,9,5,Center
18,10:20:55 AM,10:21:06 AM,00:11,TVH (Transvaginal hysterectomy),No,No,9,5,Center
17,10:21:06 AM,10:21:09 AM,00:03,TVH (Transvaginal hysterectomy),No,No,9,5,Center
1,10:21:09 AM,10:21:31 AM,00:22,TVH (Transvaginal hysterectomy),No,No,9,5,Center
2,10:21:31 AM,10:21:32 AM,00:01,TVH (Transvaginal hysterectomy),No,No,9,5,Center
1,10:21:32 AM,10:21:39 AM,00:07,TVH (Transvaginal hysterectomy),No,No,9,5,Center
17,10:21:39 AM,10:21:42 AM,00:03,TVH (Transvaginal hysterectomy),No,No,9,5,Center
1,10:21:42 AM,10:22:10 AM,00:28,TVH (Transvaginal hysterectomy),No,No,9,5,Center
17,10:22:10 AM,10:22:19 AM,00:09,TVH (Transvaginal hysterectomy),No,No,9,5,Center
18,10:22:19 AM,10:22:37 AM,00:18,TVH (Transvaginal hysterectomy),No,No,9,5,Center
2,10:22:37 AM,10:22:39 AM,00:02,TVH (Transvaginal hysterectomy),No,No,9,5,Center
1,10:22:39 AM,10:22:40 AM,00:01,TVH (Transvaginal hysterectomy),No,No,9,5,Center
2,10:22:40 AM,10:22:44 AM,00:04,TVH (Transvaginal hysterectomy),No,No,9,5,Center
18,10:22:44 AM,10:22:59 AM,00:15,TVH (Transvaginal hysterectomy),No,No,9,5,Center
2,10:22:59 AM,10:23:01 AM,00:02,TVH (Transvaginal hysterectomy),No,No,9,5,Center
1,10:23:01 AM,10:23:03 AM,00:02,TVH (Transvaginal hysterectomy),No,No,9,5,Center
2,10:23:03 AM,10:23:28 AM,00:25,TVH (Transvaginal hysterectomy),No,No,9,5,Center
1,10:23:28 AM,10:24:10 AM,00:42,TVH (Transvaginal hysterectomy),No,No,9,5,Center
9,10:24:10 AM,10:24:13 AM,00:03,TVH (Transvaginal hysterectomy),No,No,9,5,Center
25,10:24:13 AM,10:24:18 AM,00:05,TVH (Transvaginal hysterectomy),No,No,9,5,Center
17,10:24:18 AM,10:24:20 AM,00:02,TVH (Transvaginal hysterectomy),No,No,9,5,Center
18,10:24:20 AM,10:24:33 AM,00:13,TVH (Transvaginal hysterectomy),No,No,9,5,Center
2,10:24:33 AM,10:24:39 AM,00:06,TVH (Transvaginal hysterectomy),No,No,9,5,Center
18,10:24:39 AM,10:24:45 AM,00:06,TVH (Transvaginal hysterectomy),No,No,9,5,Center
2,10:24:45 AM,10:24:48 AM,00:03,TVH (Transvaginal hysterectomy),No,No,9,5,Center
1,10:24:48 AM,10:25:17 AM,00:29,TVH (Transvaginal hysterectomy),No,No,9,5,Center
17,10:25:17 AM,10:25:20 AM,00:03,TVH (Transvaginal hysterectomy),No,No,9,5,Center
25,10:25:20 AM,10:25:22 AM,00:02,TVH (Transvaginal hysterectomy),No,No,9,5,Center
26,10:25:22 AM,10:25:38 AM,00:16,TVH (Transvaginal hysterectomy),No,No,9,5,Center
10,10:25:38 AM,10:25:43 AM,00:05,TVH (Transvaginal hysterectomy),No,No,9,5,Center
26,10:25:43 AM,10:25:50 AM,00:07,TVH (Transvaginal hysterectomy),No,No,9,5,Center
25,10:25:50 AM,10:26:12 AM,00:22,TVH (Transvaginal hysterectomy),No,No,9,5,Center
17,10:26:12 AM,10:26:14 AM,00:02,TVH (Transvaginal hysterectomy),No,No,9,5,Center
1,10:26:14 AM,10:27:12 AM,00:58,TVH (Transvaginal hysterectomy),No,No,9,5,Center
17,10:27:12 AM,10:27:45 AM,00:33,TVH (Transvaginal hysterectomy),No,No,9,5,Center
1,10:27:45 AM,10:28:21 AM,00:36,TVH (Transvaginal hysterectomy),No,No,9,5,Center
17,10:28:21 AM,10:28:22 AM,00:01,TVH (Transvaginal hysterectomy),No,No,9,5,Center
18,10:28:22 AM,10:28:25 AM,00:03,TVH (Transvaginal hysterectomy),No,No,9,5,Center
2,10:28:25 AM,10:28:27 AM,00:02,TVH (Transvaginal hysterectomy),No,No,9,5,Center
1,10:28:27 AM,10:28:34 AM,00:07,TVH (Transvaginal hysterectomy),No,No,9,5,Center
17,12:30:42 PM,12:31:02 PM,00:20,Sling (Midurethral synthetic sling),No,No,11,7,Center
1,12:31:02 PM,12:31:23 PM,00:21,Sling (Midurethral synthetic sling),No,No,11,7,Center
17,12:31:23 PM,12:31:24 PM,00:01,Sling (Midurethral synthetic sling),No,No,11,7,Center
1,12:31:24 PM,12:31:29 PM,00:05,Sling (Midurethral synthetic sling),No,No,11,7,Center
2,12:31:29 PM,12:31:35 PM,00:06,Sling (Midurethral synthetic sling),No,No,11,7,Center
1,12:31:35 PM,12:31:38 PM,00:03,Sling (Midurethral synthetic sling),No,No,11,7,Center
2,12:31:38 PM,12:31:45 PM,00:07,Sling (Midurethral synthetic sling),No,No,11,7,Center
1,12:31:45 PM,12:32:16 PM,00:31,Sling (Midurethral synthetic sling),No,No,11,7,Center
2,12:32:16 PM,12:32:27 PM,00:11,Sling (Midurethral synthetic sling),No,No,11,7,Center
1,12:32:27 PM,12:32:52 PM,00:25,Sling (Midurethral synthetic sling),No,No,11,7,Center
2,12:32:52 PM,12:33:18 PM,00:26,Sling (Midurethral synthetic sling),No,No,11,7,Center
1,12:33:18 PM,12:33:39 PM,00:21,Sling (Midurethral synthetic sling),No,No,11,7,Center
2,12:33:39 PM,12:33:53 PM,00:14,Sling (Midurethral synthetic sling),No,No,11,7,Center
1,12:33:53 PM,12:34:09 PM,00:16,Sling (Midurethral synthetic sling),No,No,11,7,Center
2,12:34:09 PM,12:35:06 PM,00:57,Sling (Midurethral synthetic sling),No,No,11,7,Center
1,12:35:06 PM,12:35:07 PM,00:01,Sling (Midurethral synthetic sling),No,No,11,7,Center
2,12:35:07 PM,12:35:11 PM,00:04,Sling (Midurethral synthetic sling),No,No,11,7,Center
6,12:35:11 PM,12:35:14 PM,00:03,Sling (Midurethral synthetic sling),No,No,11,7,Center
2,12:35:14 PM,12:35:17 PM,00:03,Sling (Midurethral synthetic sling),No,No,11,7,Center
1,12:35:17 PM,12:35:26 PM,00:09,Sling (Midurethral synthetic sling),No,No,11,7,Center
9,12:35:26 PM,12:35:29 PM,00:03,Sling (Midurethral synthetic sling),No,No,11,7,Center
1,12:35:29 PM,12:35:32 PM,00:03,Sling (Midurethral synthetic sling),No,No,11,7,Center
17,12:35:32 PM,12:35:35 PM,00:03,Sling (Midurethral synthetic sling),No,No,11,7,Center
1,12:35:35 PM,12:35:37 PM,00:02,Sling (Midurethral synthetic sling),No,No,11,7,Center
9,12:35:37 PM,12:35:39 PM,00:02,Sling (Midurethral synthetic sling),No,No,11,7,Center
1,12:35:39 PM,12:35:41 PM,00:02,Sling (Midurethral synthetic sling),No,No,11,7,Center
2,12:35:41 PM,12:36:23 PM,00:42,Sling (Midurethral synthetic sling),No,No,11,7,Center
1,12:36:23 PM,12:36:25 PM,00:02,Sling (Midurethral synthetic sling),No,No,11,7,Center
2,12:36:25 PM,12:36:40 PM,00:15,Sling (Midurethral synthetic sling),No,No,11,7,Center
1,12:36:40 PM,12:36:47 PM,00:07,Sling (Midurethral synthetic sling),No,No,11,7,Center
2,12:36:47 PM,12:36:56 PM,00:09,Sling (Midurethral synthetic sling),No,No,11,7,Center
1,12:36:56 PM,12:36:57 PM,00:01,Sling (Midurethral synthetic sling),No,No,11,7,Center
2,12:36:57 PM,12:37:01 PM,00:04,Sling (Midurethral synthetic sling),No,No,11,7,Center
18,12:37:01 PM,12:37:08 PM,00:07,Sling (Midurethral synthetic sling),No,No,11,7,Center
2,12:37:08 PM,12:37:48 PM,00:40,Sling (Midurethral synthetic sling),No,No,11,7,Center
6,12:37:48 PM,12:37:54 PM,00:06,Sling (Midurethral synthetic sling),No,No,11,7,Center
2,12:37:54 PM,12:38:03 PM,00:09,Sling (Midurethral synthetic sling),No,No,11,7,Center
1,12:38:03 PM,12:38:27 PM,00:24,Sling (Midurethral synthetic sling),No,No,11,7,Center
2,12:38:27 PM,12:38:44 PM,00:17,Sling (Midurethral synthetic sling),No,No,11,7,Center
1,12:38:44 PM,12:39:06 PM,00:22,Sling (Midurethral synthetic sling),No,No,11,7,Center
3,12:39:06 PM,12:39:07 PM,00:01,Sling (Midurethral synthetic sling),No,No,11,7,Center
1,12:39:07 PM,12:39:26 PM,00:19,Sling (Midurethral synthetic sling),No,No,11,7,Center
17,12:39:26 PM,12:39:30 PM,00:04,Sling (Midurethral synthetic sling),No,No,11,7,Center
21,12:39:30 PM,12:39:39 PM,00:09,Sling (Midurethral synthetic sling),No,No,11,7,Center
22,12:39:39 PM,12:39:50 PM,00:11,Sling (Midurethral synthetic sling),No,No,11,7,Center
21,12:39:50 PM,12:39:52 PM,00:02,Sling (Midurethral synthetic sling),No,No,11,7,Center
5,12:39:52 PM,12:39:53 PM,00:01,Sling (Midurethral synthetic sling),No,No,11,7,Center
1,12:39:53 PM,12:39:57 PM,00:04,Sling (Midurethral synthetic sling),No,No,11,7,Center
2,12:39:57 PM,12:40:01 PM,00:04,Sling (Midurethral synthetic sling),No,No,11,7,Center
1,12:40:01 PM,12:40:11 PM,00:10,Sling (Midurethral synthetic sling),No,No,11,7,Center
2,12:40:11 PM,12:40:13 PM,00:02,Sling (Midurethral synthetic sling),No,No,11,7,Center
1,12:40:13 PM,12:40:18 PM,00:05,Sling (Midurethral synthetic sling),No,No,11,7,Center
2,12:40:18 PM,12:40:29 PM,00:11,Sling (Midurethral synthetic sling),No,No,11,7,Center
1,12:40:29 PM,12:40:38 PM,00:09,Sling (Midurethral synthetic sling),No,No,11,7,Center
2,12:40:38 PM,12:42:13 PM,01:35,Sling (Midurethral synthetic sling),No,No,11,7,Center
18,12:42:13 PM,12:42:23 PM,00:10,Sling (Midurethral synthetic sling),No,No,11,7,Center
17,12:42:23 PM,12:42:25 PM,00:02,Sling (Midurethral synthetic sling),No,No,11,7,Center
1,12:42:25 PM,12:43:05 PM,00:40,Sling (Midurethral synthetic sling),No,No,11,7,Center
2,12:43:05 PM,12:43:47 PM,00:42,Sling (Midurethral synthetic sling),No,No,11,7,Right
1,12:43:47 PM,12:45:03 PM,01:16,Sling (Midurethral synthetic sling),No,No,11,7,Right
17,12:45:03 PM,12:45:04 PM,00:01,Sling (Midurethral synthetic sling),No,No,11,7,Right
1,12:45:04 PM,12:45:08 PM,00:04,Sling (Midurethral synthetic sling),No,No,11,7,Right
2,12:45:08 PM,12:45:13 PM,00:05,Sling (Midurethral synthetic sling),No,No,11,7,Right
6,12:45:13 PM,12:45:17 PM,00:04,Sling (Midurethral synthetic sling),No,No,11,7,Right
2,12:45:17 PM,12:45:21 PM,00:04,Sling (Midurethral synthetic sling),No,No,11,7,Right
1,12:45:21 PM,12:45:48 PM,00:27,Sling (Midurethral synthetic sling),No,No,11,7,Right
17,12:45:48 PM,12:46:03 PM,00:15,Sling (Midurethral synthetic sling),No,No,11,7,Right
21,12:46:03 PM,12:46:05 PM,00:02,Sling (Midurethral synthetic sling),No,No,11,7,Right
17,12:46:05 PM,12:46:09 PM,00:04,Sling (Midurethral synthetic sling),No,No,11,7,Right
1,12:46:09 PM,12:46:28 PM,00:19,Sling (Midurethral synthetic sling),No,No,11,7,Right
2,12:46:28 PM,12:46:31 PM,00:03,Sling (Midurethral synthetic sling),No,No,11,7,Right
1,12:46:31 PM,12:46:39 PM,00:08,Sling (Midurethral synthetic sling),No,No,11,7,Right
2,12:46:39 PM,12:47:09 PM,00:30,Sling (Midurethral synthetic sling),No,No,11,7,Right
18,12:47:09 PM,12:47:26 PM,00:17,Sling (Midurethral synthetic sling),No,No,11,7,Right
2,12:47:26 PM,12:47:39 PM,00:13,Sling (Midurethral synthetic sling),No,No,11,7,Right
1,12:47:39 PM,12:47:45 PM,00:06,Sling (Midurethral synthetic sling),No,No,11,7,Right
17,12:47:45 PM,12:48:07 PM,00:22,Sling (Midurethral synthetic sling),No,No,11,7,Right
21,12:48:07 PM,12:48:18 PM,00:11,Sling (Midurethral synthetic sling),No,No,11,7,Right
17,12:48:18 PM,12:48:44 PM,00:26,Sling (Midurethral synthetic sling),No,No,11,7,Right
1,12:48:44 PM,12:49:04 PM,00:20,Sling (Midurethral synthetic sling),No,No,11,7,Right
2,12:49:04 PM,12:49:07 PM,00:03,Sling (Midurethral synthetic sling),No,No,11,7,Right
1,12:49:07 PM,12:49:10 PM,00:03,Sling (Midurethral synthetic sling),No,No,11,7,Right
2,12:49:10 PM,12:49:20 PM,00:10,Sling (Midurethral synthetic sling),No,No,11,7,Right
18,12:49:20 PM,12:49:22 PM,00:02,Sling (Midurethral synthetic sling),No,No,11,7,Right
2,12:49:22 PM,12:49:24 PM,00:02,Sling (Midurethral synthetic sling),No,No,11,7,Right
1,12:49:24 PM,12:49:25 PM,00:01,Sling (Midurethral synthetic sling),No,No,11,7,Right
2,12:51:24 PM,12:51:30 PM,00:06,Cysto (Cystoscopy),No,No,12,8,Center
1,12:51:30 PM,12:51:36 PM,00:06,Cysto (Cystoscopy),No,No,12,8,Center
2,12:51:36 PM,12:51:46 PM,00:10,Cysto (Cystoscopy),No,No,12,8,Center
10,12:51:46 PM,12:51:51 PM,00:05,Cysto (Cystoscopy),No,No,12,8,Center
9,12:51:51 PM,12:51:59 PM,00:08,Cysto (Cystoscopy),No,No,12,8,Center
1,12:51:59 PM,12:53:10 PM,01:11,Cysto (Cystoscopy),No,No,12,8,Center
2,12:53:10 PM,12:53:13 PM,00:03,Cysto (Cystoscopy),No,No,12,8,Center
6,12:53:13 PM,12:53:17 PM,00:04,Cysto (Cystoscopy),No,No,12,8,Center
2,12:53:17 PM,12:53:20 PM,00:03,Cysto (Cystoscopy),No,No,12,8,Center
1,12:53:20 PM,1:05:07 PM,11:47,Cysto (Cystoscopy),No,No,12,8,Center
9,1:05:07 PM,1:05:16 PM,00:09,Cysto (Cystoscopy),No,No,12,8,Left
10,1:05:16 PM,1:05:31 PM,00:15,Cysto (Cystoscopy),No,No,12,8,Left
9,1:05:31 PM,1:05:47 PM,00:16,Cysto (Cystoscopy),No,No,12,8,Left
1,1:05:47 PM,1:06:51 PM,01:04,Cysto (Cystoscopy),No,No,12,8,Left
9,1:06:51 PM,1:07:23 PM,00:32,Cysto (Cystoscopy),No,No,12,8,Left
1,1:07:23 PM,1:07:59 PM,00:36,Cysto (Cystoscopy),No,No,12,8,Left
9,1:07:59 PM,1:08:37 PM,00:38,Cysto (Cystoscopy),No,No,12,8,Left
10,1:08:37 PM,1:08:39 PM,00:02,Cysto (Cystoscopy),No,No,12,8,Left
9,1:08:39 PM,1:08:42 PM,00:03,Cysto (Cystoscopy),No,No,12,8,Left
1,1:08:42 PM,1:09:30 PM,00:48,Cysto (Cystoscopy),No,No,12,8,Left
9,1:09:30 PM,1:09:33 PM,00:03,Cysto (Cystoscopy),No,No,12,8,Left
1,1:09:33 PM,1:10:46 PM,01:13,Cysto (Cystoscopy),No,No,12,8,Left
17,1:15:42 PM,1:15:52 PM,00:10,Sling (Midurethral synthetic sling),No,No,13,9,Center
1,1:15:52 PM,1:15:57 PM,00:05,Sling (Midurethral synthetic sling),No,No,13,9,Center
2,1:15:57 PM,1:16:19 PM,00:22,Sling (Midurethral synthetic sling),No,No,13,9,Center
1,1:16:19 PM,1:16:21 PM,00:02,Sling (Midurethral synthetic sling),No,No,13,9,Center
2,1:16:21 PM,1:17:48 PM,01:27,Sling (Midurethral synthetic sling),No,No,13,9,Center
1,1:17:48 PM,1:19:14 PM,01:26,Sling (Midurethral synthetic sling),No,No,13,10,Center
17,1:19:14 PM,1:19:16 PM,00:02,Sling (Midurethral synthetic sling),No,No,14,10,Center
25,1:19:16 PM,1:19:20 PM,00:04,Sling (Midurethral synthetic sling),No,No,14,10,Center
9,1:19:20 PM,1:19:22 PM,00:02,Sling (Midurethral synthetic sling),No,No,14,10,Center
1,1:19:22 PM,1:19:33 PM,00:11,Sling (Midurethral synthetic sling),No,No,14,10,Center
17,1:19:33 PM,1:19:35 PM,00:02,Sling (Midurethral synthetic sling),No,No,14,11,Center
25,1:19:35 PM,1:19:45 PM,00:10,Sling (Midurethral synthetic sling),No,No,14,11,Center
9,1:19:45 PM,1:19:45 PM,00:00,Sling (Midurethral synthetic sling),No,No,14,11,Center
1,1:19:45 PM,1:19:45 PM,00:00,Sling (Midurethral synthetic sling),No,No,14,11,Center
2,1:21:18 PM,1:21:22 PM,00:04,PR (Posterior repair),No,No,15,12,Center
1,1:21:22 PM,1:21:29 PM,00:07,PR (Posterior repair),No,No,15,12,Center
9,1:21:29 PM,1:21:36 PM,00:07,PR (Posterior repair),No,No,15,12,Center
1,1:21:36 PM,1:21:39 PM,00:03,PR (Posterior repair),No,No,15,12,Center
2,1:21:39 PM,1:22:39 PM,01:00,PR (Posterior repair),No,No,15,12,Center
1,1:22:39 PM,1:22:42 PM,00:03,PR (Posterior repair),No,No,15,12,Center
2,1:22:42 PM,1:23:01 PM,00:19,PR (Posterior repair),No,No,15,12,Center
1,1:23:01 PM,1:23:06 PM,00:05,PR (Posterior repair),No,No,15,12,Center
2,1:23:06 PM,1:23:30 PM,00:24,PR (Posterior repair),No,No,15,12,Center
10,1:23:30 PM,1:24:07 PM,00:37,PR (Posterior repair),No,No,15,12,Center
2,1:24:07 PM,1:25:01 PM,00:54,PR (Posterior repair),No,No,15,12,Center
10,1:25:01 PM,1:26:13 PM,01:12,PR (Posterior repair),No,No,15,12,Center
2,1:26:13 PM,1:26:14 PM,00:01,PR (Posterior repair),No,No,15,12,Center
1,1:26:14 PM,1:26:39 PM,00:25,PR (Posterior repair),No,No,15,12,Center
2,1:26:39 PM,1:27:28 PM,00:49,PR (Posterior repair),No,No,15,12,Center
18,1:27:28 PM,1:30:07 PM,02:39,PR (Posterior repair),No,No,15,12,Center
2,1:30:07 PM,1:30:16 PM,00:09,PR (Posterior repair),No,No,15,12,Center
1,1:30:16 PM,1:30:45 PM,00:29,PR (Posterior repair),No,No,15,12,Center
2,1:30:45 PM,1:31:18 PM,00:33,PR (Posterior repair),No,No,15,12,Center
1,1:31:18 PM,1:31:39 PM,00:21,PR (Posterior repair),No,No,15,12,Center
9,1:31:39 PM,1:31:46 PM,00:07,PR (Posterior repair),No,No,15,12,Center
13,1:31:46 PM,1:31:48 PM,00:02,PR (Posterior repair),No,No,15,12,Center
14,1:31:48 PM,1:31:50 PM,00:02,PR (Posterior repair),No,No,15,12,Center
6,1:31:50 PM,1:31:57 PM,00:07,PR (Posterior repair),No,No,15,12,Center
2,1:31:57 PM,1:32:13 PM,00:16,PR (Posterior repair),No,No,15,12,Center
1,1:32:13 PM,1:32:57 PM,00:44,PR (Posterior repair),No,No,15,12,Center
5,1:32:57 PM,1:32:59 PM,00:02,PR (Posterior repair),No,No,15,12,Center
6,1:32:59 PM,1:33:20 PM,00:21,PR (Posterior repair),No,No,15,12,Center
2,1:33:20 PM,1:33:26 PM,00:06,PR (Posterior repair),No,No,15,12,Center
1,1:33:26 PM,1:34:05 PM,00:39,PR (Posterior repair),No,No,15,12,Center
17,1:34:05 PM,1:34:08 PM,00:03,PR (Posterior repair),No,No,15,12,Center
1,1:34:08 PM,1:34:12 PM,00:04,PR (Posterior repair),No,No,15,12,Center
2,1:34:12 PM,1:34:48 PM,00:36,PR (Posterior repair),No,No,15,12,Center
10,1:34:48 PM,1:34:53 PM,00:05,PR (Posterior repair),No,No,15,12,Center
2,1:34:53 PM,1:35:05 PM,00:12,PR (Posterior repair),No,No,15,12,Center
1,1:35:05 PM,1:35:33 PM,00:28,PR (Posterior repair),No,No,15,12,Center
5,1:35:33 PM,1:35:34 PM,00:01,PR (Posterior repair),No,No,15,12,Center
1,1:35:34 PM,1:35:56 PM,00:22,PR (Posterior repair),No,No,15,12,Center
2,1:35:56 PM,1:36:04 PM,00:08,PR (Posterior repair),No,No,15,12,Center
1,1:36:04 PM,1:36:17 PM,00:13,PR (Posterior repair),No,No,15,12,Center
2,1:36:17 PM,1:37:18 PM,01:01,PR (Posterior repair),No,No,15,12,Center
1,1:37:18 PM,1:37:34 PM,00:16,PR (Posterior repair),No,No,15,12,Center
2,1:37:34 PM,1:38:06 PM,00:32,PR (Posterior repair),No,No,15,12,Center
1,1:38:06 PM,1:38:42 PM,00:36,PR (Posterior repair),No,No,15,12,Center
2,1:38:42 PM,1:38:56 PM,00:14,PR (Posterior repair),No,No,15,12,Center
6,1:38:56 PM,1:38:58 PM,00:02,PR (Posterior repair),No,No,15,12,Center
2,1:38:58 PM,1:39:07 PM,00:09,PR (Posterior repair),No,No,15,12,Center
1,1:39:07 PM,1:39:45 PM,00:38,PR (Posterior repair),No,No,15,12,Center
2,1:39:45 PM,1:40:41 PM,00:56,PR (Posterior repair),No,No,15,12,Center
1,1:40:41 PM,1:40:44 PM,00:03,PR (Posterior repair),No,No,15,12,Center
2,1:40:44 PM,1:40:54 PM,00:10,PR (Posterior repair),No,No,15,12,Center
18,1:40:54 PM,1:41:05 PM,00:11,PR (Posterior repair),No,No,15,12,Center
2,1:41:05 PM,1:41:23 PM,00:18,PR (Posterior repair),No,No,15,12,Center
18,1:41:23 PM,1:41:27 PM,00:04,PR (Posterior repair),No,No,15,12,Center
2,1:41:27 PM,1:42:32 PM,01:05,PR (Posterior repair),No,No,15,12,Center
1,1:42:32 PM,1:42:47 PM,00:15,PR (Posterior repair),No,No,15,12,Center
