Posture Code,Start ,End,Duration,Task Code,Stool Usage,Sitting,Bed Code,Patient Code,Location
1,8:22:19 AM,8:23:01 AM,00:42,TVH (Transvaginal hysterectomy),No,No,1,1,Center
2,8:23:01 AM,8:23:03 AM,00:02,TVH (Transvaginal hysterectomy),No,No,1,1,Center
18,8:23:03 AM,8:23:05 AM,00:02,TVH (Transvaginal hysterectomy),No,No,1,1,Center
26,8:23:05 AM,8:23:08 AM,00:03,TVH (Transvaginal hysterectomy),No,No,1,1,Center
18,8:23:08 AM,8:23:12 AM,00:04,TVH (Transvaginal hysterectomy),No,No,1,1,Center
2,8:23:12 AM,8:23:26 AM,00:14,TVH (Transvaginal hysterectomy),No,No,1,1,Center
18,8:23:26 AM,8:23:28 AM,00:02,TVH (Transvaginal hysterectomy),No,No,1,1,Center
17,8:23:28 AM,8:23:32 AM,00:04,TVH (Transvaginal hysterectomy),No,No,1,1,Center
1,8:23:32 AM,8:24:16 AM,00:44,TVH (Transvaginal hysterectomy),No,No,1,1,Center
2,8:24:16 AM,8:24:28 AM,00:12,TVH (Transvaginal hysterectomy),No,No,1,1,Center
1,8:24:28 AM,8:24:35 AM,00:07,TVH (Transvaginal hysterectomy),No,No,1,1,Center
2,8:24:35 AM,8:24:52 AM,00:17,TVH (Transvaginal hysterectomy),No,No,1,1,Center
1,8:24:52 AM,8:25:14 AM,00:22,TVH (Transvaginal hysterectomy),No,No,1,1,Center
17,8:25:14 AM,8:25:15 AM,00:01,TVH (Transvaginal hysterectomy),No,No,1,1,Center
1,8:25:15 AM,8:25:48 AM,00:33,TVH (Transvaginal hysterectomy),No,No,1,1,Center
5,8:25:48 AM,8:25:50 AM,00:02,TVH (Transvaginal hysterectomy),No,No,1,1,Center
13,8:25:50 AM,8:25:58 AM,00:08,TVH (Transvaginal hysterectomy),No,No,1,1,Center
9,8:25:58 AM,8:26:19 AM,00:21,TVH (Transvaginal hysterectomy),No,No,1,1,Center
1,8:26:19 AM,8:27:19 AM,01:00,TVH (Transvaginal hysterectomy),No,No,1,1,Center
2,8:27:19 AM,8:27:45 AM,00:26,TVH (Transvaginal hysterectomy),No,No,1,1,Center
18,8:27:45 AM,8:27:51 AM,00:06,TVH (Transvaginal hysterectomy),No,No,1,1,Center
17,8:27:51 AM,8:27:52 AM,00:01,TVH (Transvaginal hysterectomy),No,No,1,1,Center
1,8:27:52 AM,8:27:55 AM,00:03,TVH (Transvaginal hysterectomy),No,No,1,1,Center
2,8:27:55 AM,8:28:04 AM,00:09,TVH (Transvaginal hysterectomy),No,No,1,1,Center
1,8:28:04 AM,8:29:31 AM,01:27,TVH (Transvaginal hysterectomy),No,No,1,1,Center
2,8:29:31 AM,8:29:37 AM,00:06,TVH (Transvaginal hysterectomy),No,No,1,1,Center
18,8:29:37 AM,8:29:39 AM,00:02,TVH (Transvaginal hysterectomy),No,No,1,1,Center
2,8:29:39 AM,8:29:40 AM,00:01,TVH (Transvaginal hysterectomy),No,No,1,1,Center
18,8:29:40 AM,8:29:52 AM,00:12,TVH (Transvaginal hysterectomy),No,No,1,1,Center
2,8:29:52 AM,8:29:54 AM,00:02,TVH (Transvaginal hysterectomy),No,No,1,1,Center
18,8:29:54 AM,8:29:59 AM,00:05,TVH (Transvaginal hysterectomy),No,No,1,1,Center
2,8:29:59 AM,8:30:14 AM,00:15,TVH (Transvaginal hysterectomy),No,No,1,1,Center
6,8:30:14 AM,8:30:16 AM,00:02,TVH (Transvaginal hysterectomy),No,No,1,1,Center
2,8:30:16 AM,8:30:40 AM,00:24,TVH (Transvaginal hysterectomy),No,No,1,1,Center
1,8:30:40 AM,8:31:01 AM,00:21,TVH (Transvaginal hysterectomy),No,No,1,1,Center
2,8:31:01 AM,8:31:36 AM,00:35,TVH (Transvaginal hysterectomy),No,No,1,1,Center
18,8:31:36 AM,8:31:45 AM,00:09,TVH (Transvaginal hysterectomy),No,No,1,1,Center
2,8:31:45 AM,8:31:46 AM,00:01,TVH (Transvaginal hysterectomy),No,No,1,1,Center
1,8:31:46 AM,8:31:55 AM,00:09,TVH (Transvaginal hysterectomy),No,No,1,1,Center
9,8:31:55 AM,8:32:01 AM,00:06,TVH (Transvaginal hysterectomy),No,No,1,1,Center
1,8:32:01 AM,8:32:52 AM,00:51,TVH (Transvaginal hysterectomy),No,No,1,1,Center
9,8:32:52 AM,8:32:53 AM,00:01,TVH (Transvaginal hysterectomy),No,No,1,1,Center
1,8:32:53 AM,8:34:00 AM,01:07,TVH (Transvaginal hysterectomy),No,No,1,1,Center
17,8:34:00 AM,8:34:02 AM,00:02,TVH (Transvaginal hysterectomy),No,No,1,1,Center
1,8:34:02 AM,8:36:00 AM,01:58,TVH (Transvaginal hysterectomy),No,No,1,1,Center
2,8:36:00 AM,8:36:02 AM,00:02,TVH (Transvaginal hysterectomy),No,No,1,1,Center
18,8:36:02 AM,8:36:04 AM,00:02,TVH (Transvaginal hysterectomy),No,No,1,1,Center
26,8:36:04 AM,8:36:23 AM,00:19,TVH (Transvaginal hysterectomy),No,No,1,1,Center
18,8:36:23 AM,8:36:25 AM,00:02,TVH (Transvaginal hysterectomy),No,No,1,1,Center
2,8:36:25 AM,8:36:30 AM,00:05,TVH (Transvaginal hysterectomy),No,No,1,1,Center
18,8:36:30 AM,8:36:31 AM,00:01,TVH (Transvaginal hysterectomy),No,No,1,1,Center
2,8:36:31 AM,8:36:33 AM,00:02,TVH (Transvaginal hysterectomy),No,No,1,1,Center
18,8:36:33 AM,8:36:34 AM,00:01,TVH (Transvaginal hysterectomy),No,No,1,1,Center
2,8:36:34 AM,8:36:35 AM,00:01,TVH (Transvaginal hysterectomy),No,No,1,1,Center
1,8:36:35 AM,8:37:05 AM,00:30,TVH (Transvaginal hysterectomy),No,No,1,1,Center
9,8:37:05 AM,8:37:06 AM,00:01,TVH (Transvaginal hysterectomy),No,No,1,1,Center
1,8:37:06 AM,8:37:25 AM,00:19,TVH (Transvaginal hysterectomy),No,No,1,1,Center
2,8:37:25 AM,8:37:35 AM,00:10,TVH (Transvaginal hysterectomy),No,No,1,1,Center
1,8:37:35 AM,8:37:39 AM,00:04,TVH (Transvaginal hysterectomy),No,No,1,1,Center
2,8:37:39 AM,8:37:41 AM,00:02,TVH (Transvaginal hysterectomy),No,No,1,1,Center
1,8:37:41 AM,8:38:05 AM,00:24,TVH (Transvaginal hysterectomy),No,No,1,1,Center
17,8:38:05 AM,8:38:06 AM,00:01,TVH (Transvaginal hysterectomy),No,No,1,1,Center
1,8:38:06 AM,8:38:08 AM,00:02,TVH (Transvaginal hysterectomy),No,No,1,1,Center
17,8:38:08 AM,8:38:11 AM,00:03,TVH (Transvaginal hysterectomy),No,No,1,1,Center
1,8:38:11 AM,8:38:14 AM,00:03,TVH (Transvaginal hysterectomy),No,No,1,1,Center
9,8:38:14 AM,8:38:16 AM,00:02,TVH (Transvaginal hysterectomy),No,No,1,1,Center
1,8:38:16 AM,8:38:18 AM,00:02,TVH (Transvaginal hysterectomy),No,No,1,1,Center
17,8:38:18 AM,8:38:18 AM,00:00,TVH (Transvaginal hysterectomy),No,No,1,1,Center
1,8:38:18 AM,8:38:24 AM,00:06,TVH (Transvaginal hysterectomy),No,No,1,1,Center
17,8:38:24 AM,8:38:25 AM,00:01,TVH (Transvaginal hysterectomy),No,No,1,1,Center
1,8:38:25 AM,8:38:27 AM,00:02,TVH (Transvaginal hysterectomy),No,No,1,1,Center
2,8:38:27 AM,8:38:28 AM,00:01,TVH (Transvaginal hysterectomy),No,No,1,1,Center
1,8:38:28 AM,8:38:31 AM,00:03,TVH (Transvaginal hysterectomy),No,No,1,1,Center
5,8:38:31 AM,8:38:42 AM,00:11,TVH (Transvaginal hysterectomy),No,No,1,1,Center
1,8:38:42 AM,8:40:08 AM,01:26,TVH (Transvaginal hysterectomy),No,No,1,1,Center
2,8:40:08 AM,8:40:19 AM,00:11,TVH (Transvaginal hysterectomy),No,No,1,1,Center
1,8:40:19 AM,8:40:20 AM,00:01,TVH (Transvaginal hysterectomy),No,No,1,1,Center
17,8:40:20 AM,8:40:22 AM,00:02,TVH (Transvaginal hysterectomy),No,No,1,1,Center
1,8:40:22 AM,8:40:22 AM,00:00,TVH (Transvaginal hysterectomy),No,No,1,1,Center
17,8:40:22 AM,8:40:23 AM,00:01,TVH (Transvaginal hysterectomy),No,No,1,1,Center
1,8:40:23 AM,8:40:26 AM,00:03,TVH (Transvaginal hysterectomy),No,No,1,1,Center
5,8:40:26 AM,8:40:27 AM,00:01,TVH (Transvaginal hysterectomy),No,No,1,1,Center
6,8:40:27 AM,8:40:29 AM,00:02,TVH (Transvaginal hysterectomy),No,No,1,1,Center
5,8:40:29 AM,8:40:31 AM,00:02,TVH (Transvaginal hysterectomy),No,No,1,1,Center
1,8:40:31 AM,8:40:33 AM,00:02,TVH (Transvaginal hysterectomy),No,No,1,1,Center
17,8:40:33 AM,8:40:36 AM,00:03,TVH (Transvaginal hysterectomy),No,No,1,1,Center
1,8:40:36 AM,8:40:38 AM,00:02,TVH (Transvaginal hysterectomy),No,No,1,1,Center
5,8:40:38 AM,8:40:46 AM,00:08,TVH (Transvaginal hysterectomy),No,No,1,1,Center
1,8:40:46 AM,8:41:48 AM,01:02,TVH (Transvaginal hysterectomy),No,No,1,1,Center
2,8:41:48 AM,8:41:56 AM,00:08,TVH (Transvaginal hysterectomy),No,No,1,1,Center
18,8:41:56 AM,8:41:59 AM,00:03,TVH (Transvaginal hysterectomy),No,No,1,1,Center
2,8:41:59 AM,8:42:01 AM,00:02,TVH (Transvaginal hysterectomy),No,No,1,1,Center
1,8:42:01 AM,8:42:23 AM,00:22,TVH (Transvaginal hysterectomy),No,No,1,1,Center
2,8:42:23 AM,8:42:32 AM,00:09,TVH (Transvaginal hysterectomy),No,No,1,1,Center
6,8:42:32 AM,8:42:38 AM,00:06,TVH (Transvaginal hysterectomy),No,No,1,1,Center
2,8:42:38 AM,8:42:49 AM,00:11,TVH (Transvaginal hysterectomy),No,No,1,1,Center
1,8:42:49 AM,8:42:50 AM,00:01,TVH (Transvaginal hysterectomy),No,No,1,1,Center
17,8:42:50 AM,8:42:52 AM,00:02,TVH (Transvaginal hysterectomy),No,No,1,1,Center
1,8:42:52 AM,8:42:54 AM,00:02,TVH (Transvaginal hysterectomy),No,No,1,1,Center
9,8:42:54 AM,8:43:22 AM,00:28,TVH (Transvaginal hysterectomy),No,No,1,1,Center
1,8:43:22 AM,8:43:23 AM,00:01,TVH (Transvaginal hysterectomy),No,No,1,1,Center
17,8:43:23 AM,8:43:25 AM,00:02,TVH (Transvaginal hysterectomy),No,No,1,1,Center
18,8:43:25 AM,8:43:28 AM,00:03,TVH (Transvaginal hysterectomy),No,No,1,1,Center
17,8:43:28 AM,8:43:29 AM,00:01,TVH (Transvaginal hysterectomy),No,No,1,1,Center
1,8:43:29 AM,8:43:30 AM,00:01,TVH (Transvaginal hysterectomy),No,No,1,1,Center
2,8:43:30 AM,8:43:43 AM,00:13,TVH (Transvaginal hysterectomy),No,No,1,1,Center
1,8:43:43 AM,8:43:53 AM,00:10,TVH (Transvaginal hysterectomy),No,No,1,1,Center
5,8:43:53 AM,8:43:58 AM,00:05,TVH (Transvaginal hysterectomy),No,No,1,1,Center
13,8:43:58 AM,8:44:30 AM,00:32,TVH (Transvaginal hysterectomy),No,No,1,1,Center
5,8:44:30 AM,8:44:31 AM,00:01,TVH (Transvaginal hysterectomy),No,No,1,1,Center
1,8:44:31 AM,8:44:35 AM,00:04,TVH (Transvaginal hysterectomy),No,No,1,1,Center
2,8:44:35 AM,8:44:45 AM,00:10,TVH (Transvaginal hysterectomy),No,No,1,1,Center
1,8:44:45 AM,8:45:12 AM,00:27,TVH (Transvaginal hysterectomy),No,No,1,1,Center
2,8:47:07 AM,8:47:09 AM,00:02,USLS (Uterosacral ligament suspension),No,No,2,2,Center
1,8:47:09 AM,8:48:12 AM,01:03,USLS (Uterosacral ligament suspension),No,No,2,2,Center
5,8:48:12 AM,8:48:24 AM,00:12,USLS (Uterosacral ligament suspension),No,No,2,2,Center
1,8:48:24 AM,8:48:49 AM,00:25,USLS (Uterosacral ligament suspension),No,No,2,2,Center
5,8:48:49 AM,8:49:36 AM,00:47,USLS (Uterosacral ligament suspension),No,No,2,2,Center
1,8:49:36 AM,8:49:38 AM,00:02,USLS (Uterosacral ligament suspension),No,No,2,2,Center
2,8:49:38 AM,8:50:13 AM,00:35,USLS (Uterosacral ligament suspension),No,No,2,2,Center
1,8:50:13 AM,8:50:14 AM,00:01,USLS (Uterosacral ligament suspension),No,No,2,2,Center
17,8:50:14 AM,8:50:14 AM,00:00,USLS (Uterosacral ligament suspension),No,No,2,2,Center
1,8:50:14 AM,8:50:20 AM,00:06,USLS (Uterosacral ligament suspension),No,No,2,2,Center
9,8:50:20 AM,8:50:22 AM,00:02,USLS (Uterosacral ligament suspension),No,No,2,2,Center
25,8:50:22 AM,8:50:25 AM,00:03,USLS (Uterosacral ligament suspension),No,No,2,2,Center
9,8:50:25 AM,8:50:27 AM,00:02,USLS (Uterosacral ligament suspension),No,No,2,2,Center
1,8:50:27 AM,8:50:49 AM,00:22,USLS (Uterosacral ligament suspension),No,No,2,2,Center
17,8:50:49 AM,8:50:50 AM,00:01,USLS (Uterosacral ligament suspension),No,No,2,2,Center
18,8:50:50 AM,8:50:52 AM,00:02,USLS (Uterosacral ligament suspension),No,No,2,2,Center
26,8:50:52 AM,8:51:05 AM,00:13,USLS (Uterosacral ligament suspension),No,No,2,2,Center
18,8:51:05 AM,8:51:06 AM,00:01,USLS (Uterosacral ligament suspension),No,No,2,2,Center
2,8:51:06 AM,8:51:07 AM,00:01,USLS (Uterosacral ligament suspension),No,No,2,2,Center
1,8:51:07 AM,8:51:46 AM,00:39,USLS (Uterosacral ligament suspension),No,No,2,2,Center
17,8:56:02 AM,8:56:03 AM,00:01,USLS (Uterosacral ligament suspension),No,No,4,3,Center
1,8:56:03 AM,8:56:07 AM,00:04,USLS (Uterosacral ligament suspension),No,No,4,3,Center
2,8:56:07 AM,8:56:35 AM,00:28,USLS (Uterosacral ligament suspension),No,No,4,3,Center
6,8:56:35 AM,8:56:39 AM,00:04,USLS (Uterosacral ligament suspension),No,No,4,3,Center
5,8:56:39 AM,8:56:41 AM,00:02,USLS (Uterosacral ligament suspension),No,No,4,3,Center
21,8:56:41 AM,8:56:43 AM,00:02,USLS (Uterosacral ligament suspension),No,No,4,3,Center
17,8:56:43 AM,8:56:47 AM,00:04,USLS (Uterosacral ligament suspension),No,No,4,3,Center
1,8:56:47 AM,8:56:48 AM,00:01,USLS (Uterosacral ligament suspension),No,No,4,3,Center
2,8:56:48 AM,8:56:57 AM,00:09,USLS (Uterosacral ligament suspension),No,No,4,3,Center
1,8:56:57 AM,8:57:02 AM,00:05,USLS (Uterosacral ligament suspension),No,No,4,3,Center
2,8:57:02 AM,8:57:12 AM,00:10,USLS (Uterosacral ligament suspension),No,No,4,3,Center
1,8:57:12 AM,8:59:44 AM,02:32,USLS (Uterosacral ligament suspension),No,No,4,3,Center
5,8:59:44 AM,8:59:45 AM,00:01,USLS (Uterosacral ligament suspension),No,No,4,3,Center
1,8:59:45 AM,8:59:46 AM,00:01,USLS (Uterosacral ligament suspension),No,No,4,3,Center
17,8:59:46 AM,9:00:02 AM,00:16,USLS (Uterosacral ligament suspension),No,No,4,3,Center
25,9:00:02 AM,9:00:03 AM,00:01,USLS (Uterosacral ligament suspension),No,No,4,3,Center
9,9:00:03 AM,9:00:04 AM,00:01,USLS (Uterosacral ligament suspension),No,No,4,3,Center
1,9:00:04 AM,9:00:07 AM,00:03,USLS (Uterosacral ligament suspension),No,No,4,3,Center
5,9:00:07 AM,9:00:34 AM,00:27,USLS (Uterosacral ligament suspension),No,No,4,3,Center
1,9:00:34 AM,9:00:38 AM,00:04,USLS (Uterosacral ligament suspension),No,No,4,3,Center
5,9:00:38 AM,9:00:40 AM,00:02,USLS (Uterosacral ligament suspension),No,No,4,3,Center
6,9:00:40 AM,9:00:42 AM,00:02,USLS (Uterosacral ligament suspension),No,No,4,3,Center
2,9:00:42 AM,9:00:44 AM,00:02,USLS (Uterosacral ligament suspension),No,No,4,3,Center
10,9:00:44 AM,9:00:45 AM,00:01,USLS (Uterosacral ligament suspension),No,No,4,3,Center
14,9:00:45 AM,9:00:50 AM,00:05,USLS (Uterosacral ligament suspension),No,No,4,3,Center
6,9:00:50 AM,9:00:52 AM,00:02,USLS (Uterosacral ligament suspension),No,No,4,3,Center
2,9:00:52 AM,9:00:55 AM,00:03,USLS (Uterosacral ligament suspension),No,No,4,3,Center
1,9:00:55 AM,9:00:59 AM,00:04,USLS (Uterosacral ligament suspension),No,No,4,3,Center
2,9:00:59 AM,9:01:11 AM,00:12,USLS (Uterosacral ligament suspension),No,No,4,3,Center
18,9:01:11 AM,9:01:12 AM,00:01,USLS (Uterosacral ligament suspension),No,No,4,3,Center
17,9:01:12 AM,9:01:29 AM,00:17,USLS (Uterosacral ligament suspension),No,No,4,3,Center
18,9:01:29 AM,9:02:10 AM,00:41,USLS (Uterosacral ligament suspension),No,No,4,3,Center
17,9:02:10 AM,9:02:12 AM,00:02,USLS (Uterosacral ligament suspension),No,No,4,3,Center
1,9:02:12 AM,9:02:13 AM,00:01,USLS (Uterosacral ligament suspension),No,No,4,3,Center
17,9:02:13 AM,9:02:27 AM,00:14,USLS (Uterosacral ligament suspension),No,No,4,3,Center
1,9:02:27 AM,9:02:29 AM,00:02,USLS (Uterosacral ligament suspension),No,No,4,3,Center
2,9:02:29 AM,9:02:33 AM,00:04,USLS (Uterosacral ligament suspension),No,No,4,3,Center
6,9:02:33 AM,9:02:52 AM,00:19,USLS (Uterosacral ligament suspension),No,No,4,3,Center
2,9:02:52 AM,9:02:54 AM,00:02,USLS (Uterosacral ligament suspension),No,No,4,3,Center
1,9:02:54 AM,9:04:04 AM,01:10,USLS (Uterosacral ligament suspension),No,No,4,3,Center
2,9:04:04 AM,9:04:05 AM,00:01,USLS (Uterosacral ligament suspension),No,No,4,3,Center
6,9:04:05 AM,9:04:08 AM,00:03,USLS (Uterosacral ligament suspension),No,No,4,3,Center
14,9:04:08 AM,9:04:38 AM,00:30,USLS (Uterosacral ligament suspension),No,No,4,3,Center
6,9:04:38 AM,9:04:38 AM,00:00,USLS (Uterosacral ligament suspension),No,No,4,3,Center
22,9:04:38 AM,9:04:40 AM,00:02,USLS (Uterosacral ligament suspension),No,No,4,3,Center
18,9:04:40 AM,9:04:43 AM,00:03,USLS (Uterosacral ligament suspension),No,No,4,3,Center
17,9:04:43 AM,9:04:43 AM,00:00,USLS (Uterosacral ligament suspension),No,No,4,3,Center
18,9:04:43 AM,9:04:58 AM,00:15,USLS (Uterosacral ligament suspension),No,No,4,3,Center
26,9:04:58 AM,9:05:03 AM,00:05,USLS (Uterosacral ligament suspension),No,No,4,3,Center
18,9:05:03 AM,9:05:30 AM,00:27,USLS (Uterosacral ligament suspension),No,No,4,3,Center
17,9:05:30 AM,9:05:41 AM,00:11,USLS (Uterosacral ligament suspension),No,No,4,3,Center
25,9:05:41 AM,9:05:58 AM,00:17,USLS (Uterosacral ligament suspension),No,No,4,3,Center
17,9:05:58 AM,9:05:59 AM,00:01,USLS (Uterosacral ligament suspension),No,No,4,3,Center
1,9:05:59 AM,9:06:01 AM,00:02,USLS (Uterosacral ligament suspension),No,No,4,3,Center
5,9:06:01 AM,9:06:08 AM,00:07,USLS (Uterosacral ligament suspension),No,No,4,3,Center
1,9:06:08 AM,9:06:13 AM,00:05,USLS (Uterosacral ligament suspension),No,No,4,3,Center
17,9:06:13 AM,9:06:14 AM,00:01,USLS (Uterosacral ligament suspension),No,No,4,3,Center
1,9:06:14 AM,9:06:16 AM,00:02,USLS (Uterosacral ligament suspension),No,No,4,3,Center
2,9:06:16 AM,9:06:17 AM,00:01,USLS (Uterosacral ligament suspension),No,No,4,3,Center
6,9:06:17 AM,9:06:42 AM,00:25,USLS (Uterosacral ligament suspension),No,No,4,3,Center
22,9:06:42 AM,9:06:42 AM,00:00,USLS (Uterosacral ligament suspension),No,No,4,3,Center
6,9:06:42 AM,9:06:44 AM,00:02,USLS (Uterosacral ligament suspension),No,No,4,3,Center
14,9:06:44 AM,9:06:45 AM,00:01,USLS (Uterosacral ligament suspension),No,No,4,3,Center
10,9:06:45 AM,9:06:50 AM,00:05,USLS (Uterosacral ligament suspension),No,No,4,3,Center
14,9:06:50 AM,9:06:54 AM,00:04,USLS (Uterosacral ligament suspension),No,No,4,3,Center
6,9:06:54 AM,9:06:58 AM,00:04,USLS (Uterosacral ligament suspension),No,No,4,3,Center
2,9:06:58 AM,9:07:01 AM,00:03,USLS (Uterosacral ligament suspension),No,No,4,3,Center
18,9:07:01 AM,9:07:02 AM,00:01,USLS (Uterosacral ligament suspension),No,No,4,3,Center
2,9:07:02 AM,9:07:16 AM,00:14,USLS (Uterosacral ligament suspension),No,No,4,3,Center
10,9:07:16 AM,9:07:18 AM,00:02,USLS (Uterosacral ligament suspension),No,No,4,3,Center
2,9:07:18 AM,9:07:19 AM,00:01,USLS (Uterosacral ligament suspension),No,No,4,3,Center
18,9:07:19 AM,9:07:26 AM,00:07,USLS (Uterosacral ligament suspension),No,No,4,3,Center
2,9:07:26 AM,9:07:29 AM,00:03,USLS (Uterosacral ligament suspension),No,No,4,3,Center
1,9:07:29 AM,9:07:40 AM,00:11,USLS (Uterosacral ligament suspension),No,No,4,3,Center
9,9:07:40 AM,9:07:40 AM,00:00,USLS (Uterosacral ligament suspension),No,No,4,3,Center
1,9:07:40 AM,9:07:43 AM,00:03,USLS (Uterosacral ligament suspension),No,No,4,3,Center
9,9:07:43 AM,9:07:44 AM,00:01,USLS (Uterosacral ligament suspension),No,No,4,3,Center
1,9:07:44 AM,9:07:48 AM,00:04,USLS (Uterosacral ligament suspension),No,No,4,3,Center
5,9:07:48 AM,9:07:49 AM,00:01,USLS (Uterosacral ligament suspension),No,No,4,3,Center
6,9:07:49 AM,9:08:02 AM,00:13,USLS (Uterosacral ligament suspension),No,No,4,3,Center
14,9:08:02 AM,9:08:04 AM,00:02,USLS (Uterosacral ligament suspension),No,No,4,3,Center
30,9:08:04 AM,9:08:08 AM,00:04,USLS (Uterosacral ligament suspension),No,No,4,3,Center
26,9:08:08 AM,9:08:13 AM,00:05,USLS (Uterosacral ligament suspension),No,No,4,3,Center
18,9:08:13 AM,9:08:14 AM,00:01,USLS (Uterosacral ligament suspension),No,No,4,3,Center
2,9:08:14 AM,9:08:15 AM,00:01,USLS (Uterosacral ligament suspension),No,No,4,3,Center
1,9:08:15 AM,9:08:19 AM,00:04,USLS (Uterosacral ligament suspension),No,No,4,3,Center
9,9:08:19 AM,9:08:20 AM,00:01,USLS (Uterosacral ligament suspension),No,No,4,3,Center
10,9:08:20 AM,9:08:21 AM,00:01,USLS (Uterosacral ligament suspension),No,No,4,3,Center
2,9:08:21 AM,9:08:22 AM,00:01,USLS (Uterosacral ligament suspension),No,No,4,3,Center
1,9:08:22 AM,9:08:59 AM,00:37,USLS (Uterosacral ligament suspension),No,No,4,3,Center
2,9:08:59 AM,9:09:08 AM,00:09,USLS (Uterosacral ligament suspension),No,No,4,3,Center
10,9:09:08 AM,9:09:10 AM,00:02,USLS (Uterosacral ligament suspension),No,No,4,3,Center
14,9:09:10 AM,9:09:11 AM,00:01,USLS (Uterosacral ligament suspension),No,No,4,3,Center
10,9:09:11 AM,9:09:12 AM,00:01,USLS (Uterosacral ligament suspension),No,No,4,3,Center
2,9:09:12 AM,9:09:15 AM,00:03,USLS (Uterosacral ligament suspension),No,No,4,3,Center
6,9:09:15 AM,9:09:19 AM,00:04,USLS (Uterosacral ligament suspension),No,No,4,3,Center
14,9:09:19 AM,9:09:21 AM,00:02,USLS (Uterosacral ligament suspension),No,No,4,3,Center
30,9:09:21 AM,9:09:24 AM,00:03,USLS (Uterosacral ligament suspension),No,No,4,3,Center
14,9:09:24 AM,9:09:25 AM,00:01,USLS (Uterosacral ligament suspension),No,No,4,3,Center
6,9:09:25 AM,9:09:26 AM,00:01,USLS (Uterosacral ligament suspension),No,No,4,3,Center
2,9:09:26 AM,9:09:44 AM,00:18,USLS (Uterosacral ligament suspension),No,No,4,3,Center
1,9:09:44 AM,9:09:48 AM,00:04,USLS (Uterosacral ligament suspension),No,No,4,3,Center
2,9:09:48 AM,9:09:49 AM,00:01,USLS (Uterosacral ligament suspension),No,No,4,3,Center
10,9:09:49 AM,9:09:55 AM,00:06,USLS (Uterosacral ligament suspension),No,No,4,3,Center
2,9:09:55 AM,9:09:58 AM,00:03,USLS (Uterosacral ligament suspension),No,No,4,3,Center
18,9:09:58 AM,9:10:02 AM,00:04,USLS (Uterosacral ligament suspension),No,No,4,3,Center
26,9:10:02 AM,9:10:02 AM,00:00,USLS (Uterosacral ligament suspension),No,No,4,3,Center
10,9:10:02 AM,9:10:05 AM,00:03,USLS (Uterosacral ligament suspension),No,No,4,3,Center
2,9:10:05 AM,9:10:07 AM,00:02,USLS (Uterosacral ligament suspension),No,No,4,3,Center
1,9:10:07 AM,9:10:19 AM,00:12,USLS (Uterosacral ligament suspension),No,No,4,3,Center
17,9:10:19 AM,9:10:20 AM,00:01,USLS (Uterosacral ligament suspension),No,No,4,3,Center
1,9:10:20 AM,9:10:21 AM,00:01,USLS (Uterosacral ligament suspension),No,No,4,3,Center
9,9:10:21 AM,9:10:23 AM,00:02,USLS (Uterosacral ligament suspension),No,No,4,3,Center
1,9:10:23 AM,9:10:26 AM,00:03,USLS (Uterosacral ligament suspension),No,No,4,3,Center
17,9:10:26 AM,9:10:27 AM,00:01,USLS (Uterosacral ligament suspension),No,No,4,3,Center
1,9:10:27 AM,9:11:00 AM,00:33,USLS (Uterosacral ligament suspension),No,No,4,3,Center
9,9:11:00 AM,9:11:10 AM,00:10,USLS (Uterosacral ligament suspension),No,No,4,3,Center
1,9:11:10 AM,9:12:18 AM,01:08,USLS (Uterosacral ligament suspension),No,No,4,3,Center
9,9:12:18 AM,9:12:21 AM,00:03,USLS (Uterosacral ligament suspension),No,No,4,3,Center
1,9:12:21 AM,9:12:25 AM,00:04,USLS (Uterosacral ligament suspension),No,No,4,3,Center
9,9:12:25 AM,9:12:28 AM,00:03,USLS (Uterosacral ligament suspension),No,No,4,3,Center
1,9:12:28 AM,9:12:33 AM,00:05,USLS (Uterosacral ligament suspension),No,No,4,3,Center
9,9:20:39 AM,9:20:56 AM,00:17,Cysto (Cystoscopy),No,No,5,4,Center
1,9:20:56 AM,9:24:57 AM,04:01,Cysto (Cystoscopy),No,No,5,4,Center
2,9:28:07 AM,9:28:30 AM,00:23,USLS (Uterosacral ligament suspension),No,No,6,5,Center
6,9:28:30 AM,9:28:32 AM,00:02,USLS (Uterosacral ligament suspension),No,No,6,5,Center
2,9:28:32 AM,9:28:44 AM,00:12,USLS (Uterosacral ligament suspension),No,No,6,5,Center
10,9:28:44 AM,9:28:44 AM,00:00,USLS (Uterosacral ligament suspension),No,No,6,5,Center
9,9:28:44 AM,9:28:46 AM,00:02,USLS (Uterosacral ligament suspension),No,No,6,5,Center
13,9:28:46 AM,9:28:50 AM,00:04,USLS (Uterosacral ligament suspension),No,No,6,5,Center
29,9:28:50 AM,9:28:53 AM,00:03,USLS (Uterosacral ligament suspension),No,No,6,5,Center
13,9:28:53 AM,9:28:55 AM,00:02,USLS (Uterosacral ligament suspension),No,No,6,5,Center
5,9:28:55 AM,9:28:56 AM,00:01,USLS (Uterosacral ligament suspension),No,No,6,5,Center
1,9:28:56 AM,9:29:07 AM,00:11,USLS (Uterosacral ligament suspension),No,No,6,5,Center
5,9:29:07 AM,9:29:09 AM,00:02,USLS (Uterosacral ligament suspension),No,No,6,5,Center
1,9:29:09 AM,9:29:44 AM,00:35,USLS (Uterosacral ligament suspension),No,No,6,5,Center
2,9:29:44 AM,9:30:13 AM,00:29,USLS (Uterosacral ligament suspension),No,No,6,5,Center
1,9:30:13 AM,9:30:15 AM,00:02,USLS (Uterosacral ligament suspension),No,No,6,5,Center
2,9:30:15 AM,9:30:17 AM,00:02,USLS (Uterosacral ligament suspension),No,No,6,5,Center
6,9:30:17 AM,9:30:25 AM,00:08,USLS (Uterosacral ligament suspension),No,No,6,5,Center
5,9:30:25 AM,9:30:27 AM,00:02,USLS (Uterosacral ligament suspension),No,No,6,5,Center
7,9:30:27 AM,9:30:36 AM,00:09,USLS (Uterosacral ligament suspension),No,No,6,5,Center
15,9:30:36 AM,9:30:37 AM,00:01,USLS (Uterosacral ligament suspension),No,No,6,5,Center
13,9:30:37 AM,9:30:38 AM,00:01,USLS (Uterosacral ligament suspension),No,No,6,5,Center
9,9:30:38 AM,9:30:40 AM,00:02,USLS (Uterosacral ligament suspension),No,No,6,5,Center
25,9:30:40 AM,9:30:41 AM,00:01,USLS (Uterosacral ligament suspension),No,No,6,5,Center
17,9:30:41 AM,9:30:43 AM,00:02,USLS (Uterosacral ligament suspension),No,No,6,5,Center
25,9:30:43 AM,9:30:44 AM,00:01,USLS (Uterosacral ligament suspension),No,No,6,5,Center
9,9:30:44 AM,9:30:45 AM,00:01,USLS (Uterosacral ligament suspension),No,No,6,5,Center
1,9:30:45 AM,9:30:46 AM,00:01,USLS (Uterosacral ligament suspension),No,No,6,5,Center
2,9:30:46 AM,9:30:50 AM,00:04,USLS (Uterosacral ligament suspension),No,No,6,5,Center
10,9:30:50 AM,9:30:52 AM,00:02,USLS (Uterosacral ligament suspension),No,No,6,5,Center
26,9:30:52 AM,9:30:54 AM,00:02,USLS (Uterosacral ligament suspension),No,No,6,5,Center
18,9:30:54 AM,9:30:56 AM,00:02,USLS (Uterosacral ligament suspension),No,No,6,5,Center
2,9:30:56 AM,9:30:58 AM,00:02,USLS (Uterosacral ligament suspension),No,No,6,5,Center
1,9:30:58 AM,9:31:25 AM,00:27,USLS (Uterosacral ligament suspension),No,No,6,5,Center
17,9:32:28 AM,9:32:35 AM,00:07,Break,No,No,7,6,Right
1,9:32:35 AM,9:33:14 AM,00:39,Break,No,No,7,6,Right
9,9:33:14 AM,9:33:15 AM,00:01,Break,No,No,7,6,Right
1,9:33:15 AM,9:33:31 AM,00:16,Break,No,No,7,6,Right
2,9:33:31 AM,9:34:13 AM,00:42,Break,No,No,7,6,Right
1,9:34:13 AM,9:34:14 AM,00:01,Break,No,No,7,6,Right
9,9:34:14 AM,9:34:17 AM,00:03,Break,No,No,7,6,Right
25,9:34:17 AM,9:34:19 AM,00:02,Break,No,No,7,6,Right
9,9:34:19 AM,9:34:21 AM,00:02,Break,No,No,7,6,Right
1,9:34:21 AM,9:36:56 AM,02:35,Break,No,No,7,6,Right
17,9:36:56 AM,9:39:25 AM,02:29,Break,No,No,7,6,Right
1,9:39:25 AM,9:40:39 AM,01:14,Break,No,No,7,6,Right
2,10:00:44 AM,10:00:56 AM,00:12,USLS (Uterosacral ligament suspension),No,No,9,8,Center
1,10:00:56 AM,10:01:01 AM,00:05,USLS (Uterosacral ligament suspension),No,No,9,8,Center
2,10:01:01 AM,10:01:17 AM,00:16,USLS (Uterosacral ligament suspension),No,No,9,8,Center
1,10:01:17 AM,10:01:51 AM,00:34,USLS (Uterosacral ligament suspension),No,No,9,8,Center
5,10:03:32 AM,10:03:54 AM,00:22,AR (Anterior repair),No,No,10,9,Center
21,10:03:54 AM,10:03:55 AM,00:01,AR (Anterior repair),No,No,10,9,Center
5,10:03:55 AM,10:04:46 AM,00:51,AR (Anterior repair),No,No,10,9,Center
1,10:04:46 AM,10:07:35 AM,02:49,AR (Anterior repair),No,No,10,9,Center
2,10:07:35 AM,10:07:37 AM,00:02,AR (Anterior repair),No,No,10,9,Center
1,10:07:37 AM,10:07:38 AM,00:01,AR (Anterior repair),No,No,10,9,Center
17,10:07:38 AM,10:07:39 AM,00:01,AR (Anterior repair),No,No,10,9,Center
1,10:07:39 AM,10:08:14 AM,00:35,AR (Anterior repair),No,No,10,9,Center
2,10:08:14 AM,10:08:24 AM,00:10,AR (Anterior repair),No,No,10,9,Center
1,10:08:24 AM,10:11:11 AM,02:47,AR (Anterior repair),No,No,10,9,Center
2,10:11:11 AM,10:11:25 AM,00:14,AR (Anterior repair),No,No,10,9,Center
1,10:11:25 AM,10:11:36 AM,00:11,AR (Anterior repair),No,No,10,9,Center
2,10:18:02 AM,10:18:20 AM,00:18,USLS (Uterosacral ligament suspension),No,No,13,11,Center
1,10:18:20 AM,10:18:21 AM,00:01,USLS (Uterosacral ligament suspension),No,No,13,11,Center
17,10:18:21 AM,10:18:22 AM,00:01,USLS (Uterosacral ligament suspension),No,No,13,11,Center
1,10:18:22 AM,10:19:03 AM,00:41,USLS (Uterosacral ligament suspension),No,No,13,11,Center
2,10:19:03 AM,10:19:06 AM,00:03,USLS (Uterosacral ligament suspension),No,No,13,11,Center
1,10:19:06 AM,10:20:23 AM,01:17,USLS (Uterosacral ligament suspension),No,No,13,11,Center
2,10:20:23 AM,10:20:30 AM,00:07,USLS (Uterosacral ligament suspension),No,No,13,11,Center
1,10:20:30 AM,10:20:33 AM,00:03,USLS (Uterosacral ligament suspension),No,No,13,11,Center
2,10:20:33 AM,10:20:37 AM,00:04,USLS (Uterosacral ligament suspension),No,No,13,11,Center
1,10:20:37 AM,10:20:45 AM,00:08,USLS (Uterosacral ligament suspension),No,No,13,11,Center
9,10:20:45 AM,10:20:48 AM,00:03,USLS (Uterosacral ligament suspension),No,No,13,11,Center
13,10:20:48 AM,10:20:59 AM,00:11,USLS (Uterosacral ligament suspension),No,No,13,11,Center
15,10:20:59 AM,10:21:00 AM,00:01,USLS (Uterosacral ligament suspension),No,No,13,11,Center
11,10:21:00 AM,10:21:01 AM,00:01,USLS (Uterosacral ligament suspension),No,No,13,11,Center
9,10:21:01 AM,10:21:02 AM,00:01,USLS (Uterosacral ligament suspension),No,No,13,11,Center
13,10:21:02 AM,10:21:11 AM,00:09,USLS (Uterosacral ligament suspension),No,No,13,11,Center
5,10:21:11 AM,10:21:19 AM,00:08,USLS (Uterosacral ligament suspension),No,No,13,11,Center
13,10:21:19 AM,10:21:22 AM,00:03,USLS (Uterosacral ligament suspension),No,No,13,11,Center
5,10:21:22 AM,10:21:23 AM,00:01,USLS (Uterosacral ligament suspension),No,No,13,11,Center
1,10:21:23 AM,10:23:00 AM,01:37,USLS (Uterosacral ligament suspension),No,No,13,11,Center
2,10:23:00 AM,10:23:02 AM,00:02,USLS (Uterosacral ligament suspension),No,No,13,11,Center
1,10:23:02 AM,10:23:12 AM,00:10,USLS (Uterosacral ligament suspension),No,No,13,11,Center
2,10:23:12 AM,10:23:23 AM,00:11,USLS (Uterosacral ligament suspension),No,No,13,11,Center
1,10:23:23 AM,10:23:25 AM,00:02,USLS (Uterosacral ligament suspension),No,No,13,11,Center
2,10:23:25 AM,10:24:28 AM,01:03,USLS (Uterosacral ligament suspension),No,No,13,11,Center
1,10:24:28 AM,10:24:34 AM,00:06,USLS (Uterosacral ligament suspension),No,No,13,11,Center
9,10:24:34 AM,10:24:36 AM,00:02,USLS (Uterosacral ligament suspension),No,No,13,11,Center
1,10:24:36 AM,10:24:40 AM,00:04,USLS (Uterosacral ligament suspension),No,No,13,11,Center
5,10:24:40 AM,10:24:41 AM,00:01,USLS (Uterosacral ligament suspension),No,No,13,11,Center
1,10:24:41 AM,10:24:46 AM,00:05,USLS (Uterosacral ligament suspension),No,No,13,11,Center
17,10:24:46 AM,10:24:47 AM,00:01,USLS (Uterosacral ligament suspension),No,No,13,11,Center
1,10:24:47 AM,10:24:49 AM,00:02,USLS (Uterosacral ligament suspension),No,No,13,11,Center
2,10:24:49 AM,10:24:55 AM,00:06,USLS (Uterosacral ligament suspension),No,No,13,11,Center
1,10:24:55 AM,10:24:59 AM,00:04,USLS (Uterosacral ligament suspension),No,No,13,11,Center
9,10:24:59 AM,10:25:00 AM,00:01,USLS (Uterosacral ligament suspension),No,No,13,11,Center
1,10:25:00 AM,10:25:13 AM,00:13,USLS (Uterosacral ligament suspension),No,No,13,11,Center
5,10:25:13 AM,10:25:14 AM,00:01,USLS (Uterosacral ligament suspension),No,No,13,11,Center
1,10:25:14 AM,10:25:18 AM,00:04,USLS (Uterosacral ligament suspension),No,No,13,11,Center
2,10:25:18 AM,10:25:32 AM,00:14,USLS (Uterosacral ligament suspension),No,No,13,11,Center
1,10:25:32 AM,10:26:49 AM,01:17,USLS (Uterosacral ligament suspension),No,No,13,11,Center
9,10:26:49 AM,10:26:51 AM,00:02,USLS (Uterosacral ligament suspension),No,No,13,11,Center
1,10:26:51 AM,10:26:59 AM,00:08,USLS (Uterosacral ligament suspension),No,No,13,11,Center
5,10:26:59 AM,10:27:00 AM,00:01,USLS (Uterosacral ligament suspension),No,No,13,11,Center
1,10:27:00 AM,10:27:03 AM,00:03,USLS (Uterosacral ligament suspension),No,No,13,11,Center
17,10:27:03 AM,10:27:05 AM,00:02,USLS (Uterosacral ligament suspension),No,No,13,11,Center
1,10:27:05 AM,10:27:06 AM,00:01,USLS (Uterosacral ligament suspension),No,No,13,11,Center
2,10:27:06 AM,10:27:07 AM,00:01,USLS (Uterosacral ligament suspension),No,No,13,11,Center
1,10:27:07 AM,10:28:42 AM,01:35,USLS (Uterosacral ligament suspension),No,No,13,11,Center
2,10:28:42 AM,10:28:43 AM,00:01,USLS (Uterosacral ligament suspension),No,No,13,11,Center
1,10:28:43 AM,10:28:59 AM,00:16,USLS (Uterosacral ligament suspension),No,No,13,11,Center
17,10:28:59 AM,10:29:00 AM,00:01,USLS (Uterosacral ligament suspension),No,No,13,11,Center
1,10:29:00 AM,10:29:04 AM,00:04,USLS (Uterosacral ligament suspension),No,No,13,11,Center
2,10:29:04 AM,10:29:06 AM,00:02,USLS (Uterosacral ligament suspension),No,No,13,11,Center
1,10:29:06 AM,10:29:37 AM,00:31,USLS (Uterosacral ligament suspension),No,No,13,11,Center
9,10:29:37 AM,10:30:43 AM,01:06,USLS (Uterosacral ligament suspension),No,No,13,11,Center
1,10:30:43 AM,10:30:55 AM,00:12,USLS (Uterosacral ligament suspension),No,No,13,11,Center
9,10:30:55 AM,10:30:55 AM,00:00,USLS (Uterosacral ligament suspension),No,No,13,11,Center
1,10:30:55 AM,10:30:57 AM,00:02,USLS (Uterosacral ligament suspension),No,No,13,11,Center
2,10:30:57 AM,10:31:36 AM,00:39,USLS (Uterosacral ligament suspension),No,No,13,11,Center
1,10:31:36 AM,10:31:47 AM,00:11,USLS (Uterosacral ligament suspension),No,No,13,11,Center
3,10:31:47 AM,10:31:48 AM,00:01,USLS (Uterosacral ligament suspension),No,No,13,11,Center
1,10:31:48 AM,10:32:36 AM,00:48,USLS (Uterosacral ligament suspension),No,No,13,11,Center
2,10:32:36 AM,10:32:38 AM,00:02,USLS (Uterosacral ligament suspension),No,No,13,11,Center
1,10:32:38 AM,10:32:40 AM,00:02,USLS (Uterosacral ligament suspension),No,No,13,11,Center
17,10:32:40 AM,10:32:41 AM,00:01,USLS (Uterosacral ligament suspension),No,No,13,11,Center
1,10:32:41 AM,10:32:48 AM,00:07,USLS (Uterosacral ligament suspension),No,No,13,11,Center
9,10:32:48 AM,10:32:52 AM,00:04,USLS (Uterosacral ligament suspension),No,No,13,11,Center
1,10:32:52 AM,10:33:14 AM,00:22,USLS (Uterosacral ligament suspension),No,No,13,11,Center
17,10:33:14 AM,10:33:15 AM,00:01,USLS (Uterosacral ligament suspension),No,No,13,11,Center
1,10:33:15 AM,10:33:27 AM,00:12,USLS (Uterosacral ligament suspension),No,No,13,11,Center
2,10:33:27 AM,10:33:34 AM,00:07,USLS (Uterosacral ligament suspension),No,No,13,11,Center
1,10:33:34 AM,10:34:51 AM,01:17,USLS (Uterosacral ligament suspension),No,No,13,11,Center
2,10:34:51 AM,10:35:08 AM,00:17,USLS (Uterosacral ligament suspension),No,No,13,11,Center
1,10:35:08 AM,10:35:44 AM,00:36,USLS (Uterosacral ligament suspension),No,No,13,11,Center
2,10:35:44 AM,10:35:47 AM,00:03,USLS (Uterosacral ligament suspension),No,No,13,11,Center
1,10:35:47 AM,10:35:48 AM,00:01,USLS (Uterosacral ligament suspension),No,No,13,11,Center
17,10:35:48 AM,10:35:52 AM,00:04,USLS (Uterosacral ligament suspension),No,No,13,11,Center
18,10:35:52 AM,10:35:54 AM,00:02,USLS (Uterosacral ligament suspension),No,No,13,11,Center
22,10:35:54 AM,10:36:02 AM,00:08,USLS (Uterosacral ligament suspension),No,No,13,11,Center
18,10:36:02 AM,10:36:03 AM,00:01,USLS (Uterosacral ligament suspension),No,No,13,11,Center
2,10:36:03 AM,10:36:04 AM,00:01,USLS (Uterosacral ligament suspension),No,No,13,11,Center
1,10:36:04 AM,10:36:42 AM,00:38,USLS (Uterosacral ligament suspension),No,No,13,11,Center
17,10:36:42 AM,10:36:43 AM,00:01,USLS (Uterosacral ligament suspension),No,No,13,11,Center
1,10:36:43 AM,10:36:44 AM,00:01,USLS (Uterosacral ligament suspension),No,No,13,11,Center
9,10:36:44 AM,10:36:45 AM,00:01,USLS (Uterosacral ligament suspension),No,No,13,11,Center
1,10:36:45 AM,10:36:48 AM,00:03,USLS (Uterosacral ligament suspension),No,No,13,11,Center
2,10:36:48 AM,10:36:49 AM,00:01,USLS (Uterosacral ligament suspension),No,No,13,11,Center
1,10:36:49 AM,10:36:52 AM,00:03,USLS (Uterosacral ligament suspension),No,No,13,11,Center
17,10:36:52 AM,10:36:53 AM,00:01,USLS (Uterosacral ligament suspension),No,No,13,11,Center
1,10:36:53 AM,10:37:04 AM,00:11,USLS (Uterosacral ligament suspension),No,No,13,11,Center
5,10:37:04 AM,10:37:09 AM,00:05,USLS (Uterosacral ligament suspension),No,No,13,11,Center
1,10:37:09 AM,10:37:24 AM,00:15,USLS (Uterosacral ligament suspension),No,No,13,11,Center
9,10:37:24 AM,10:37:25 AM,00:01,USLS (Uterosacral ligament suspension),No,No,13,11,Center
25,10:37:25 AM,10:37:27 AM,00:02,USLS (Uterosacral ligament suspension),No,No,13,11,Center
9,10:37:27 AM,10:37:29 AM,00:02,USLS (Uterosacral ligament suspension),No,No,13,11,Center
1,10:37:29 AM,10:37:46 AM,00:17,USLS (Uterosacral ligament suspension),No,No,13,11,Center
17,10:37:46 AM,10:37:50 AM,00:04,USLS (Uterosacral ligament suspension),No,No,13,11,Center
1,10:37:50 AM,10:38:07 AM,00:17,USLS (Uterosacral ligament suspension),No,No,13,11,Center
9,10:38:07 AM,10:38:08 AM,00:01,USLS (Uterosacral ligament suspension),No,No,13,11,Center
1,10:38:08 AM,10:39:55 AM,01:47,USLS (Uterosacral ligament suspension),No,No,13,11,Center
2,10:39:55 AM,10:39:57 AM,00:02,USLS (Uterosacral ligament suspension),No,No,14,11,Center
1,10:39:57 AM,10:44:06 AM,04:09,USLS (Uterosacral ligament suspension),No,No,14,11,Center
2,10:44:06 AM,10:44:17 AM,00:11,USLS (Uterosacral ligament suspension),No,No,15,11,Center
6,10:44:17 AM,10:44:44 AM,00:27,USLS (Uterosacral ligament suspension),No,No,15,11,Center
2,10:44:44 AM,10:44:52 AM,00:08,USLS (Uterosacral ligament suspension),No,No,15,11,Center
1,10:44:52 AM,10:44:52 AM,00:00,USLS (Uterosacral ligament suspension),No,No,15,11,Center
9,10:45:47 AM,10:45:49 AM,00:02,Cysto (Cystoscopy),No,No,16,12,Center
1,10:45:49 AM,10:45:52 AM,00:03,Cysto (Cystoscopy),No,No,16,12,Center
2,10:45:52 AM,10:45:54 AM,00:02,Cysto (Cystoscopy),No,No,16,12,Center
1,10:45:54 AM,10:46:28 AM,00:34,Cysto (Cystoscopy),No,No,16,12,Center
9,10:46:28 AM,10:46:29 AM,00:01,Cysto (Cystoscopy),No,No,16,12,Center
1,10:46:29 AM,10:46:31 AM,00:02,Cysto (Cystoscopy),No,No,16,12,Center
2,10:46:31 AM,10:46:38 AM,00:07,Cysto (Cystoscopy),No,No,16,12,Center
1,10:46:38 AM,10:47:27 AM,00:49,Cysto (Cystoscopy),No,No,16,12,Center
2,10:59:12 AM,10:59:15 AM,00:03,Sling (Midurethral synthetic sling),No,No,18,13,Center
1,10:59:15 AM,10:59:17 AM,00:02,Sling (Midurethral synthetic sling),No,No,18,13,Center
17,10:59:17 AM,10:59:19 AM,00:02,Sling (Midurethral synthetic sling),No,No,18,13,Center
1,10:59:19 AM,10:59:42 AM,00:23,Sling (Midurethral synthetic sling),No,No,18,13,Center
2,10:59:42 AM,10:59:44 AM,00:02,Sling (Midurethral synthetic sling),No,No,18,13,Center
1,10:59:44 AM,11:01:27 AM,01:43,Sling (Midurethral synthetic sling),No,No,18,13,Center
2,11:01:27 AM,11:01:35 AM,00:08,Sling (Midurethral synthetic sling),No,No,18,13,Center
1,11:01:35 AM,11:01:37 AM,00:02,Sling (Midurethral synthetic sling),No,No,18,13,Center
17,11:01:37 AM,11:02:15 AM,00:38,Sling (Midurethral synthetic sling),No,No,18,13,Center
1,11:02:15 AM,11:03:44 AM,01:29,Sling (Midurethral synthetic sling),No,No,18,13,Center
17,11:03:44 AM,11:03:48 AM,00:04,Sling (Midurethral synthetic sling),No,No,19,13,Center
1,11:03:48 AM,11:04:17 AM,00:29,Sling (Midurethral synthetic sling),No,No,19,13,Center
9,11:04:17 AM,11:04:18 AM,00:01,Sling (Midurethral synthetic sling),No,No,19,13,Center
1,11:04:18 AM,11:04:20 AM,00:02,Sling (Midurethral synthetic sling),No,No,19,13,Center
2,11:04:20 AM,11:04:26 AM,00:06,Sling (Midurethral synthetic sling),No,No,19,13,Center
1,11:04:26 AM,11:06:20 AM,01:54,Sling (Midurethral synthetic sling),No,No,19,13,Center
2,11:08:51 AM,11:09:04 AM,00:13,Sling (Midurethral synthetic sling),No,No,21,15,Center
1,11:09:04 AM,11:09:06 AM,00:02,Sling (Midurethral synthetic sling),No,No,21,15,Center
2,11:09:06 AM,11:09:08 AM,00:02,Sling (Midurethral synthetic sling),No,No,21,15,Center
1,11:09:08 AM,11:09:10 AM,00:02,Sling (Midurethral synthetic sling),No,No,21,15,Center
2,11:09:10 AM,11:09:20 AM,00:10,Sling (Midurethral synthetic sling),No,No,21,15,Center
10,11:09:20 AM,11:09:24 AM,00:04,Sling (Midurethral synthetic sling),No,No,21,15,Center
26,11:09:24 AM,11:09:28 AM,00:04,Sling (Midurethral synthetic sling),No,No,21,15,Center
18,11:09:28 AM,11:09:30 AM,00:02,Sling (Midurethral synthetic sling),No,No,21,15,Center
2,11:09:30 AM,11:09:34 AM,00:04,Sling (Midurethral synthetic sling),No,No,21,15,Center
1,11:09:34 AM,11:09:36 AM,00:02,Sling (Midurethral synthetic sling),No,No,21,15,Center
17,11:09:36 AM,11:09:37 AM,00:01,Sling (Midurethral synthetic sling),No,No,21,15,Center
1,11:09:37 AM,11:09:38 AM,00:01,Sling (Midurethral synthetic sling),No,No,21,15,Center
2,11:09:38 AM,11:09:40 AM,00:02,Sling (Midurethral synthetic sling),No,No,21,15,Center
1,11:09:40 AM,11:10:24 AM,00:44,Sling (Midurethral synthetic sling),No,No,21,15,Center
2,11:10:24 AM,11:12:06 AM,01:42,Sling (Midurethral synthetic sling),No,No,21,15,Center
1,11:12:06 AM,11:12:52 AM,00:46,Sling (Midurethral synthetic sling),No,No,21,15,Center
2,11:15:28 AM,11:16:21 AM,00:53,PR (Posterior repair),No,No,22,16,Center
1,11:16:21 AM,11:16:32 AM,00:11,PR (Posterior repair),No,No,22,16,Center
17,11:16:32 AM,11:16:33 AM,00:01,PR (Posterior repair),No,No,22,16,Center
1,11:16:33 AM,11:16:34 AM,00:01,PR (Posterior repair),No,No,22,16,Center
2,11:16:34 AM,11:16:43 AM,00:09,PR (Posterior repair),No,No,22,16,Center
1,11:16:43 AM,11:16:44 AM,00:01,PR (Posterior repair),No,No,22,16,Center
2,11:16:44 AM,11:17:02 AM,00:18,PR (Posterior repair),No,No,22,16,Center
1,11:17:02 AM,11:17:04 AM,00:02,PR (Posterior repair),No,No,22,16,Center
2,11:17:04 AM,11:18:07 AM,01:03,PR (Posterior repair),No,No,22,16,Center
10,11:18:07 AM,11:18:09 AM,00:02,PR (Posterior repair),No,No,22,16,Center
9,11:18:09 AM,11:18:11 AM,00:02,PR (Posterior repair),No,No,22,16,Center
13,11:18:11 AM,11:18:18 AM,00:07,PR (Posterior repair),No,No,22,16,Center
9,11:18:18 AM,11:18:20 AM,00:02,PR (Posterior repair),No,No,22,16,Center
1,11:18:20 AM,11:18:46 AM,00:26,PR (Posterior repair),No,No,22,16,Center
2,11:18:46 AM,11:19:15 AM,00:29,PR (Posterior repair),No,No,22,16,Center
10,11:19:15 AM,11:19:17 AM,00:02,PR (Posterior repair),No,No,22,16,Center
14,11:19:17 AM,11:19:18 AM,00:01,PR (Posterior repair),No,No,22,16,Center
10,11:19:18 AM,11:19:20 AM,00:02,PR (Posterior repair),No,No,22,16,Center
2,11:19:20 AM,11:19:22 AM,00:02,PR (Posterior repair),No,No,22,16,Center
1,11:19:22 AM,11:19:23 AM,00:01,PR (Posterior repair),No,No,22,16,Center
9,11:19:23 AM,11:19:27 AM,00:04,PR (Posterior repair),No,No,22,16,Center
1,11:19:27 AM,11:19:33 AM,00:06,PR (Posterior repair),No,No,22,16,Center
2,11:19:33 AM,11:22:40 AM,03:07,PR (Posterior repair),No,No,22,16,Center
18,11:22:40 AM,11:22:41 AM,00:01,PR (Posterior repair),No,No,22,16,Center
17,11:22:41 AM,11:22:44 AM,00:03,PR (Posterior repair),No,No,22,16,Center
18,11:22:44 AM,11:22:45 AM,00:01,PR (Posterior repair),No,No,22,16,Center
2,11:22:45 AM,11:25:08 AM,02:23,PR (Posterior repair),No,No,22,16,Center
1,11:25:08 AM,11:25:31 AM,00:23,PR (Posterior repair),No,No,22,16,Center
2,11:25:31 AM,11:26:34 AM,01:03,PR (Posterior repair),No,No,22,16,Center
1,11:26:34 AM,11:26:49 AM,00:15,PR (Posterior repair),No,No,22,16,Center
2,11:26:49 AM,11:27:41 AM,00:52,PR (Posterior repair),No,No,22,16,Center
1,11:27:41 AM,11:27:57 AM,00:16,PR (Posterior repair),No,No,22,16,Center
2,11:27:57 AM,11:29:17 AM,01:20,PR (Posterior repair),No,No,22,16,Center
1,11:29:17 AM,11:29:31 AM,00:14,PR (Posterior repair),No,No,22,16,Center
2,11:29:31 AM,11:29:48 AM,00:17,PR (Posterior repair),No,No,22,16,Center
1,11:29:48 AM,11:31:01 AM,01:13,PR (Posterior repair),No,No,22,16,Center
17,11:31:01 AM,11:31:07 AM,00:06,PR (Posterior repair),No,No,22,16,Center
18,11:31:07 AM,11:31:36 AM,00:29,PR (Posterior repair),No,No,22,16,Center
2,11:31:36 AM,11:33:42 AM,02:06,PR (Posterior repair),No,No,22,16,Center
1,11:33:42 AM,11:33:45 AM,00:03,PR (Posterior repair),No,No,22,16,Center
2,11:33:45 AM,11:33:46 AM,00:01,PR (Posterior repair),No,No,22,16,Center
18,11:33:46 AM,11:33:47 AM,00:01,PR (Posterior repair),No,No,22,16,Center
2,11:33:47 AM,11:34:05 AM,00:18,PR (Posterior repair),No,No,22,16,Center
1,11:34:05 AM,11:34:06 AM,00:01,PR (Posterior repair),No,No,22,16,Center
2,11:34:06 AM,11:34:35 AM,00:29,PR (Posterior repair),No,No,22,16,Center
1,11:34:35 AM,11:35:15 AM,00:40,PR (Posterior repair),No,No,22,16,Center
2,11:35:15 AM,11:35:44 AM,00:29,PR (Posterior repair),No,No,22,16,Center
10,11:35:44 AM,11:35:56 AM,00:12,PR (Posterior repair),No,No,22,16,Center
9,11:35:56 AM,11:35:58 AM,00:02,PR (Posterior repair),No,No,22,16,Center
1,11:35:58 AM,11:36:33 AM,00:35,PR (Posterior repair),No,No,22,16,Center
2,11:36:33 AM,11:37:45 AM,01:12,PR (Posterior repair),No,No,22,16,Center
1,11:37:45 AM,11:38:48 AM,01:03,PR (Posterior repair),No,No,22,16,Center
