Posture Code,Start ,End,Duration,Task Code,Stool Usage,Sitting,Bed Code,Patient Code,Location
1,8:14:37 AM,8:15:10 AM,00:33,TVH (Transvaginal hysterectomy),No,No,1,1,Left
5,8:15:10 AM,8:16:11 AM,01:01,TVH (Transvaginal hysterectomy),No,No,1,1,Left
1,8:16:11 AM,8:16:29 AM,00:18,TVH (Transvaginal hysterectomy),No,No,2,1,Left
5,8:16:29 AM,8:16:35 AM,00:06,TVH (Transvaginal hysterectomy),No,No,2,1,Left
1,8:16:35 AM,8:16:45 AM,00:10,TVH (Transvaginal hysterectomy),No,No,2,1,Left
3,8:16:45 AM,8:16:48 AM,00:03,TVH (Transvaginal hysterectomy),No,No,2,1,Left
1,8:16:48 AM,8:17:08 AM,00:20,TVH (Transvaginal hysterectomy),No,No,2,1,Left
3,8:17:08 AM,8:17:11 AM,00:03,TVH (Transvaginal hysterectomy),No,No,2,1,Left
1,8:17:11 AM,8:17:13 AM,00:02,TVH (Transvaginal hysterectomy),No,No,2,1,Left
5,8:17:13 AM,8:17:16 AM,00:03,TVH (Transvaginal hysterectomy),No,No,2,1,Left
1,8:17:16 AM,8:17:22 AM,00:06,TVH (Transvaginal hysterectomy),No,No,2,1,Left
2,8:17:22 AM,8:17:33 AM,00:11,TVH (Transvaginal hysterectomy),No,No,2,1,Left
1,8:17:33 AM,8:17:36 AM,00:03,TVH (Transvaginal hysterectomy),No,No,2,1,Left
5,8:17:36 AM,8:17:45 AM,00:09,TVH (Transvaginal hysterectomy),No,No,2,1,Left
1,8:17:45 AM,8:17:46 AM,00:01,TVH (Transvaginal hysterectomy),No,No,2,1,Left
5,8:17:46 AM,8:17:58 AM,00:12,TVH (Transvaginal hysterectomy),No,No,2,1,Left
6,8:17:58 AM,8:18:02 AM,00:04,TVH (Transvaginal hysterectomy),No,No,2,1,Left
5,8:18:02 AM,8:18:03 AM,00:01,TVH (Transvaginal hysterectomy),No,No,2,1,Left
1,8:18:03 AM,8:18:08 AM,00:05,TVH (Transvaginal hysterectomy),No,No,2,1,Left
17,8:18:08 AM,8:18:39 AM,00:31,TVH (Transvaginal hysterectomy),No,No,2,1,Left
18,8:18:39 AM,8:19:08 AM,00:29,TVH (Transvaginal hysterectomy),No,No,2,1,Left
20,8:19:08 AM,8:19:11 AM,00:03,TVH (Transvaginal hysterectomy),No,No,2,1,Left
18,8:19:11 AM,8:19:15 AM,00:04,TVH (Transvaginal hysterectomy),No,No,2,1,Left
26,8:19:15 AM,8:19:21 AM,00:06,TVH (Transvaginal hysterectomy),No,No,2,1,Left
18,8:19:21 AM,8:19:24 AM,00:03,TVH (Transvaginal hysterectomy),No,No,2,1,Left
20,8:19:24 AM,8:19:35 AM,00:11,TVH (Transvaginal hysterectomy),No,No,2,1,Left
18,8:19:35 AM,8:19:36 AM,00:01,TVH (Transvaginal hysterectomy),No,No,2,1,Left
22,8:19:36 AM,8:19:39 AM,00:03,TVH (Transvaginal hysterectomy),No,No,2,1,Left
18,8:19:39 AM,8:19:53 AM,00:14,TVH (Transvaginal hysterectomy),No,No,2,1,Left
17,8:19:53 AM,8:19:55 AM,00:02,TVH (Transvaginal hysterectomy),No,No,2,1,Left
1,8:19:55 AM,8:20:02 AM,00:07,TVH (Transvaginal hysterectomy),No,No,2,1,Left
3,8:20:02 AM,8:20:06 AM,00:04,TVH (Transvaginal hysterectomy),No,No,2,1,Left
4,8:20:06 AM,8:20:07 AM,00:01,TVH (Transvaginal hysterectomy),No,No,2,1,Left
8,8:20:07 AM,8:20:07 AM,00:00,TVH (Transvaginal hysterectomy),No,No,2,1,Left
6,8:20:07 AM,8:20:07 AM,00:00,TVH (Transvaginal hysterectomy),No,No,2,1,Left
2,8:20:07 AM,8:20:28 AM,00:21,TVH (Transvaginal hysterectomy),No,No,2,1,Left
10,8:20:28 AM,8:20:34 AM,00:06,TVH (Transvaginal hysterectomy),No,No,2,1,Left
2,8:20:34 AM,8:20:49 AM,00:15,TVH (Transvaginal hysterectomy),No,No,2,1,Left
1,8:20:49 AM,8:20:51 AM,00:02,TVH (Transvaginal hysterectomy),No,No,2,1,Left
17,8:20:51 AM,8:20:57 AM,00:06,TVH (Transvaginal hysterectomy),No,No,2,1,Left
18,8:20:57 AM,8:21:17 AM,00:20,TVH (Transvaginal hysterectomy),No,No,2,1,Left
20,8:21:17 AM,8:21:21 AM,00:04,TVH (Transvaginal hysterectomy),No,No,2,1,Left
18,8:21:21 AM,8:21:26 AM,00:05,TVH (Transvaginal hysterectomy),No,No,2,1,Left
2,8:21:26 AM,8:21:27 AM,00:01,TVH (Transvaginal hysterectomy),No,No,2,1,Left
1,8:21:27 AM,8:21:35 AM,00:08,TVH (Transvaginal hysterectomy),No,No,2,1,Left
2,8:21:35 AM,8:21:49 AM,00:14,TVH (Transvaginal hysterectomy),No,No,2,1,Left
6,8:21:49 AM,8:22:01 AM,00:12,TVH (Transvaginal hysterectomy),No,No,2,1,Left
14,8:22:01 AM,8:22:37 AM,00:36,TVH (Transvaginal hysterectomy),No,No,2,1,Left
6,8:22:37 AM,8:22:41 AM,00:04,TVH (Transvaginal hysterectomy),No,No,2,1,Left
14,8:22:41 AM,8:22:47 AM,00:06,TVH (Transvaginal hysterectomy),No,No,2,1,Left
10,8:22:47 AM,8:23:14 AM,00:27,TVH (Transvaginal hysterectomy),No,No,2,1,Left
14,8:23:14 AM,8:23:49 AM,00:35,TVH (Transvaginal hysterectomy),No,No,2,1,Left
6,8:23:49 AM,8:23:50 AM,00:01,TVH (Transvaginal hysterectomy),No,No,2,1,Left
5,8:23:50 AM,8:23:51 AM,00:01,TVH (Transvaginal hysterectomy),No,No,2,1,Left
1,8:23:51 AM,8:23:58 AM,00:07,TVH (Transvaginal hysterectomy),No,No,2,1,Left
2,8:23:58 AM,8:24:59 AM,01:01,TVH (Transvaginal hysterectomy),No,No,2,1,Left
4,8:24:59 AM,8:25:08 AM,00:09,TVH (Transvaginal hysterectomy),No,No,2,1,Left
2,8:25:08 AM,8:27:15 AM,02:07,TVH (Transvaginal hysterectomy),No,No,2,1,Left
6,8:27:15 AM,8:27:17 AM,00:02,TVH (Transvaginal hysterectomy),No,No,2,1,Left
2,8:27:17 AM,8:27:24 AM,00:07,TVH (Transvaginal hysterectomy),No,No,2,1,Left
18,8:27:24 AM,8:27:31 AM,00:07,TVH (Transvaginal hysterectomy),No,No,2,1,Left
22,8:27:31 AM,8:27:35 AM,00:04,TVH (Transvaginal hysterectomy),No,No,2,1,Left
24,8:27:35 AM,8:27:39 AM,00:04,TVH (Transvaginal hysterectomy),No,No,2,1,Left
8,8:27:39 AM,8:27:40 AM,00:01,TVH (Transvaginal hysterectomy),No,No,2,1,Left
16,8:27:40 AM,8:28:14 AM,00:34,TVH (Transvaginal hysterectomy),No,No,2,1,Left
8,8:28:14 AM,8:28:16 AM,00:02,TVH (Transvaginal hysterectomy),No,No,2,1,Left
6,8:28:16 AM,8:28:31 AM,00:15,TVH (Transvaginal hysterectomy),No,No,2,1,Left
2,8:28:31 AM,8:28:38 AM,00:07,TVH (Transvaginal hysterectomy),No,No,2,1,Left
6,8:28:38 AM,8:28:41 AM,00:03,TVH (Transvaginal hysterectomy),No,No,2,1,Left
2,8:28:41 AM,8:29:11 AM,00:30,TVH (Transvaginal hysterectomy),No,No,2,1,Left
1,8:29:11 AM,8:29:17 AM,00:06,TVH (Transvaginal hysterectomy),No,No,2,1,Left
3,8:29:17 AM,8:29:29 AM,00:12,TVH (Transvaginal hysterectomy),No,No,2,1,Left
1,8:29:29 AM,8:30:15 AM,00:46,TVH (Transvaginal hysterectomy),No,No,2,1,Left
9,8:30:15 AM,8:30:16 AM,00:01,TVH (Transvaginal hysterectomy),No,No,2,1,Left
1,8:30:16 AM,8:30:35 AM,00:19,TVH (Transvaginal hysterectomy),No,No,2,1,Left
5,8:30:35 AM,8:30:37 AM,00:02,TVH (Transvaginal hysterectomy),No,No,2,1,Left
1,8:30:37 AM,8:30:37 AM,00:00,TVH (Transvaginal hysterectomy),No,No,2,1,Left
17,8:30:37 AM,8:30:38 AM,00:01,TVH (Transvaginal hysterectomy),No,No,2,1,Left
1,8:30:38 AM,8:30:43 AM,00:05,TVH (Transvaginal hysterectomy),No,No,2,1,Left
5,8:30:43 AM,8:30:45 AM,00:02,TVH (Transvaginal hysterectomy),No,No,2,1,Left
1,8:30:45 AM,8:30:51 AM,00:06,TVH (Transvaginal hysterectomy),No,No,2,1,Left
9,8:30:51 AM,8:30:59 AM,00:08,TVH (Transvaginal hysterectomy),No,No,2,1,Left
1,8:30:59 AM,8:31:08 AM,00:09,TVH (Transvaginal hysterectomy),No,No,2,1,Left
2,8:31:08 AM,8:31:13 AM,00:05,TVH (Transvaginal hysterectomy),No,No,2,1,Left
1,8:31:13 AM,8:31:15 AM,00:02,TVH (Transvaginal hysterectomy),No,No,2,1,Left
17,8:31:15 AM,8:31:17 AM,00:02,TVH (Transvaginal hysterectomy),No,No,2,1,Left
1,8:31:17 AM,8:31:22 AM,00:05,TVH (Transvaginal hysterectomy),No,No,2,1,Left
17,8:31:22 AM,8:31:25 AM,00:03,TVH (Transvaginal hysterectomy),No,No,2,1,Left
18,8:31:25 AM,8:31:27 AM,00:02,TVH (Transvaginal hysterectomy),No,No,2,1,Left
2,8:31:27 AM,8:31:29 AM,00:02,TVH (Transvaginal hysterectomy),No,No,2,1,Left
1,8:31:29 AM,8:31:33 AM,00:04,TVH (Transvaginal hysterectomy),No,No,2,1,Left
17,8:31:33 AM,8:31:35 AM,00:02,TVH (Transvaginal hysterectomy),No,No,2,1,Left
1,8:31:35 AM,8:31:37 AM,00:02,TVH (Transvaginal hysterectomy),No,No,2,1,Left
2,8:31:37 AM,8:31:53 AM,00:16,TVH (Transvaginal hysterectomy),No,No,2,1,Left
1,8:31:53 AM,8:32:03 AM,00:10,TVH (Transvaginal hysterectomy),No,No,2,1,Left
2,8:32:03 AM,8:32:06 AM,00:03,TVH (Transvaginal hysterectomy),No,No,2,1,Left
18,8:32:06 AM,8:32:09 AM,00:03,TVH (Transvaginal hysterectomy),No,No,2,1,Left
17,8:32:09 AM,8:32:23 AM,00:14,TVH (Transvaginal hysterectomy),No,No,2,1,Left
1,8:32:23 AM,8:32:25 AM,00:02,TVH (Transvaginal hysterectomy),No,No,2,1,Left
9,8:32:25 AM,8:32:26 AM,00:01,TVH (Transvaginal hysterectomy),No,No,2,1,Left
1,8:32:26 AM,8:32:28 AM,00:02,TVH (Transvaginal hysterectomy),No,No,2,1,Left
17,8:32:28 AM,8:32:30 AM,00:02,TVH (Transvaginal hysterectomy),No,No,2,1,Left
1,8:32:30 AM,8:32:46 AM,00:16,TVH (Transvaginal hysterectomy),No,No,2,1,Left
9,8:32:46 AM,8:32:49 AM,00:03,TVH (Transvaginal hysterectomy),No,No,2,1,Left
1,8:32:49 AM,8:32:49 AM,00:00,TVH (Transvaginal hysterectomy),No,No,2,1,Left
2,8:32:49 AM,8:33:34 AM,00:45,TVH (Transvaginal hysterectomy),No,No,2,1,Left
1,8:33:34 AM,8:33:44 AM,00:10,TVH (Transvaginal hysterectomy),No,No,2,1,Left
9,8:33:44 AM,8:33:45 AM,00:01,TVH (Transvaginal hysterectomy),No,No,2,1,Left
1,8:33:45 AM,8:33:48 AM,00:03,TVH (Transvaginal hysterectomy),No,No,2,1,Left
2,8:33:48 AM,8:33:51 AM,00:03,TVH (Transvaginal hysterectomy),No,No,2,1,Left
1,8:33:51 AM,8:33:53 AM,00:02,TVH (Transvaginal hysterectomy),No,No,2,1,Left
17,8:33:53 AM,8:34:01 AM,00:08,TVH (Transvaginal hysterectomy),No,No,2,1,Left
1,8:34:01 AM,8:34:09 AM,00:08,TVH (Transvaginal hysterectomy),No,No,2,1,Left
2,8:34:09 AM,8:34:16 AM,00:07,TVH (Transvaginal hysterectomy),No,No,2,1,Left
18,8:34:16 AM,8:34:18 AM,00:02,TVH (Transvaginal hysterectomy),No,No,2,1,Left
26,8:34:18 AM,8:34:20 AM,00:02,TVH (Transvaginal hysterectomy),No,No,2,1,Left
18,8:34:20 AM,8:34:33 AM,00:13,TVH (Transvaginal hysterectomy),No,No,2,1,Left
22,8:34:33 AM,8:34:41 AM,00:08,TVH (Transvaginal hysterectomy),No,No,2,1,Left
18,8:34:41 AM,8:34:44 AM,00:03,TVH (Transvaginal hysterectomy),No,No,2,1,Left
2,8:34:44 AM,8:35:01 AM,00:17,TVH (Transvaginal hysterectomy),No,No,2,1,Left
10,8:35:01 AM,8:35:02 AM,00:01,TVH (Transvaginal hysterectomy),No,No,2,1,Left
26,8:35:02 AM,8:35:03 AM,00:01,TVH (Transvaginal hysterectomy),No,No,2,1,Left
18,8:35:03 AM,8:35:43 AM,00:40,TVH (Transvaginal hysterectomy),No,No,2,1,Left
2,8:35:43 AM,8:36:10 AM,00:27,TVH (Transvaginal hysterectomy),No,No,2,1,Left
10,8:36:10 AM,8:36:14 AM,00:04,TVH (Transvaginal hysterectomy),No,No,2,1,Left
2,8:36:14 AM,8:36:18 AM,00:04,TVH (Transvaginal hysterectomy),No,No,2,1,Left
10,8:36:18 AM,8:36:55 AM,00:37,TVH (Transvaginal hysterectomy),No,No,2,1,Left
2,8:36:55 AM,8:36:55 AM,00:00,TVH (Transvaginal hysterectomy),No,No,2,1,Left
18,8:36:55 AM,8:37:37 AM,00:42,TVH (Transvaginal hysterectomy),No,No,2,1,Left
2,8:37:37 AM,8:37:40 AM,00:03,TVH (Transvaginal hysterectomy),No,No,2,1,Left
18,8:37:40 AM,8:37:47 AM,00:07,TVH (Transvaginal hysterectomy),No,No,2,1,Left
2,8:37:47 AM,8:38:21 AM,00:34,TVH (Transvaginal hysterectomy),No,No,2,1,Left
18,8:38:21 AM,8:38:29 AM,00:08,TVH (Transvaginal hysterectomy),No,No,2,1,Left
22,8:38:29 AM,8:38:33 AM,00:04,TVH (Transvaginal hysterectomy),No,No,2,1,Left
18,8:38:33 AM,8:38:33 AM,00:00,TVH (Transvaginal hysterectomy),No,No,2,1,Left
20,8:38:33 AM,8:38:46 AM,00:13,TVH (Transvaginal hysterectomy),No,No,2,1,Left
24,8:38:46 AM,8:38:51 AM,00:05,TVH (Transvaginal hysterectomy),No,No,2,1,Left
20,8:38:51 AM,8:39:00 AM,00:09,TVH (Transvaginal hysterectomy),No,No,2,1,Left
4,8:39:00 AM,8:39:05 AM,00:05,TVH (Transvaginal hysterectomy),No,No,2,1,Left
20,8:39:05 AM,8:39:17 AM,00:12,TVH (Transvaginal hysterectomy),No,No,2,1,Left
18,8:39:17 AM,8:39:25 AM,00:08,TVH (Transvaginal hysterectomy),No,No,2,1,Left
20,8:39:25 AM,8:39:29 AM,00:04,TVH (Transvaginal hysterectomy),No,No,2,1,Left
18,8:39:29 AM,8:39:37 AM,00:08,TVH (Transvaginal hysterectomy),No,No,2,1,Left
20,8:39:37 AM,8:39:39 AM,00:02,TVH (Transvaginal hysterectomy),No,No,2,1,Left
18,8:39:39 AM,8:39:45 AM,00:06,TVH (Transvaginal hysterectomy),No,No,2,1,Left
2,8:39:45 AM,8:39:47 AM,00:02,TVH (Transvaginal hysterectomy),No,No,2,1,Left
18,8:39:47 AM,8:39:48 AM,00:01,TVH (Transvaginal hysterectomy),No,No,2,1,Left
20,8:39:48 AM,8:39:58 AM,00:10,TVH (Transvaginal hysterectomy),No,No,2,1,Left
24,8:39:58 AM,8:39:59 AM,00:01,TVH (Transvaginal hysterectomy),No,No,2,1,Left
20,8:39:59 AM,8:40:00 AM,00:01,TVH (Transvaginal hysterectomy),No,No,2,1,Left
18,8:40:00 AM,8:40:00 AM,00:00,TVH (Transvaginal hysterectomy),No,No,2,1,Left
2,8:40:00 AM,8:40:02 AM,00:02,TVH (Transvaginal hysterectomy),No,No,2,1,Left
18,8:40:02 AM,8:40:14 AM,00:12,TVH (Transvaginal hysterectomy),No,No,2,1,Left
22,8:40:14 AM,8:40:17 AM,00:03,TVH (Transvaginal hysterectomy),No,No,2,1,Left
6,8:40:17 AM,8:40:45 AM,00:28,TVH (Transvaginal hysterectomy),No,No,2,1,Left
8,8:40:45 AM,8:40:50 AM,00:05,TVH (Transvaginal hysterectomy),No,No,2,1,Left
4,8:40:50 AM,8:40:53 AM,00:03,TVH (Transvaginal hysterectomy),No,No,2,1,Left
2,8:40:53 AM,8:40:55 AM,00:02,TVH (Transvaginal hysterectomy),No,No,2,1,Left
6,8:40:55 AM,8:41:12 AM,00:17,TVH (Transvaginal hysterectomy),No,No,2,1,Left
2,8:41:12 AM,8:41:41 AM,00:29,TVH (Transvaginal hysterectomy),No,No,2,1,Left
4,8:41:41 AM,8:41:59 AM,00:18,TVH (Transvaginal hysterectomy),No,No,2,1,Left
2,8:41:59 AM,8:42:24 AM,00:25,TVH (Transvaginal hysterectomy),No,No,2,1,Left
4,8:42:24 AM,8:42:30 AM,00:06,TVH (Transvaginal hysterectomy),No,No,2,1,Left
2,8:42:30 AM,8:42:44 AM,00:14,TVH (Transvaginal hysterectomy),No,No,2,1,Left
18,8:42:44 AM,8:42:52 AM,00:08,TVH (Transvaginal hysterectomy),No,No,2,1,Left
26,8:42:52 AM,8:42:58 AM,00:06,TVH (Transvaginal hysterectomy),No,No,2,1,Left
18,8:42:58 AM,8:43:01 AM,00:03,TVH (Transvaginal hysterectomy),No,No,2,1,Left
20,8:43:01 AM,8:44:39 AM,01:38,TVH (Transvaginal hysterectomy),No,No,2,1,Left
28,8:44:39 AM,8:45:03 AM,00:24,TVH (Transvaginal hysterectomy),No,No,2,1,Left
20,8:45:03 AM,8:45:12 AM,00:09,TVH (Transvaginal hysterectomy),No,No,2,1,Left
28,8:45:12 AM,8:45:49 AM,00:37,TVH (Transvaginal hysterectomy),No,No,2,1,Left
20,8:45:49 AM,8:45:52 AM,00:03,TVH (Transvaginal hysterectomy),No,No,2,1,Left
28,8:45:52 AM,8:45:59 AM,00:07,TVH (Transvaginal hysterectomy),No,No,2,1,Left
32,8:45:59 AM,8:46:05 AM,00:06,TVH (Transvaginal hysterectomy),No,No,2,1,Left
30,8:46:05 AM,8:46:10 AM,00:05,TVH (Transvaginal hysterectomy),No,No,2,1,Left
14,8:46:10 AM,8:46:10 AM,00:00,TVH (Transvaginal hysterectomy),No,No,2,1,Left
6,8:46:10 AM,8:46:22 AM,00:12,TVH (Transvaginal hysterectomy),No,No,2,1,Left
8,8:46:22 AM,8:46:43 AM,00:21,TVH (Transvaginal hysterectomy),No,No,2,1,Left
24,8:46:43 AM,8:46:44 AM,00:01,TVH (Transvaginal hysterectomy),No,No,2,1,Left
8,8:46:44 AM,8:46:52 AM,00:08,TVH (Transvaginal hysterectomy),No,No,2,1,Left
6,8:46:52 AM,8:46:52 AM,00:00,TVH (Transvaginal hysterectomy),No,No,2,1,Left
2,8:46:52 AM,8:46:57 AM,00:05,TVH (Transvaginal hysterectomy),No,No,2,1,Left
6,8:46:57 AM,8:47:00 AM,00:03,TVH (Transvaginal hysterectomy),No,No,2,1,Left
22,8:47:00 AM,8:47:29 AM,00:29,TVH (Transvaginal hysterectomy),No,No,2,1,Left
18,8:47:29 AM,8:47:38 AM,00:09,TVH (Transvaginal hysterectomy),No,No,2,1,Left
26,8:47:38 AM,8:47:39 AM,00:01,TVH (Transvaginal hysterectomy),No,No,2,1,Left
18,8:47:39 AM,8:47:48 AM,00:09,TVH (Transvaginal hysterectomy),No,No,2,1,Left
2,8:47:48 AM,8:47:50 AM,00:02,TVH (Transvaginal hysterectomy),No,No,2,1,Left
6,8:47:50 AM,8:48:48 AM,00:58,TVH (Transvaginal hysterectomy),No,No,2,1,Left
2,8:48:48 AM,8:49:00 AM,00:12,TVH (Transvaginal hysterectomy),No,No,2,1,Left
10,8:49:00 AM,8:49:11 AM,00:11,TVH (Transvaginal hysterectomy),No,No,2,1,Left
12,8:49:11 AM,8:49:12 AM,00:01,TVH (Transvaginal hysterectomy),No,No,2,1,Left
4,8:49:12 AM,8:49:13 AM,00:01,TVH (Transvaginal hysterectomy),No,No,2,1,Left
20,8:49:13 AM,8:49:18 AM,00:05,TVH (Transvaginal hysterectomy),No,No,2,1,Left
4,8:49:18 AM,8:49:20 AM,00:02,TVH (Transvaginal hysterectomy),No,No,2,1,Left
2,8:49:20 AM,8:49:48 AM,00:28,TVH (Transvaginal hysterectomy),No,No,2,1,Left
4,8:49:48 AM,8:49:51 AM,00:03,TVH (Transvaginal hysterectomy),No,No,2,1,Left
20,8:49:51 AM,8:49:58 AM,00:07,TVH (Transvaginal hysterectomy),No,No,2,1,Left
24,8:49:58 AM,8:50:12 AM,00:14,TVH (Transvaginal hysterectomy),No,No,2,1,Left
22,8:50:12 AM,8:50:21 AM,00:09,TVH (Transvaginal hysterectomy),No,No,2,1,Left
6,8:50:21 AM,8:50:31 AM,00:10,TVH (Transvaginal hysterectomy),No,No,2,1,Left
22,8:50:31 AM,8:50:37 AM,00:06,TVH (Transvaginal hysterectomy),No,No,2,1,Left
6,8:50:37 AM,8:50:40 AM,00:03,TVH (Transvaginal hysterectomy),No,No,2,1,Left
2,8:50:40 AM,8:50:46 AM,00:06,TVH (Transvaginal hysterectomy),No,No,2,1,Left
4,8:50:46 AM,8:50:47 AM,00:01,TVH (Transvaginal hysterectomy),No,No,2,1,Left
2,8:50:47 AM,8:51:00 AM,00:13,TVH (Transvaginal hysterectomy),No,No,2,1,Left
6,8:51:00 AM,8:51:06 AM,00:06,TVH (Transvaginal hysterectomy),No,No,2,1,Left
2,8:51:06 AM,8:51:09 AM,00:03,TVH (Transvaginal hysterectomy),No,No,2,1,Left
18,8:51:09 AM,8:51:27 AM,00:18,TVH (Transvaginal hysterectomy),No,No,2,1,Left
20,8:51:27 AM,8:51:30 AM,00:03,TVH (Transvaginal hysterectomy),No,No,2,1,Left
4,8:51:30 AM,8:51:35 AM,00:05,TVH (Transvaginal hysterectomy),No,No,2,1,Left
2,8:51:35 AM,8:51:49 AM,00:14,TVH (Transvaginal hysterectomy),No,No,2,1,Left
6,8:51:49 AM,8:52:06 AM,00:17,TVH (Transvaginal hysterectomy),No,No,2,1,Left
2,8:52:06 AM,8:52:15 AM,00:09,TVH (Transvaginal hysterectomy),No,No,2,1,Left
18,8:52:15 AM,8:52:26 AM,00:11,TVH (Transvaginal hysterectomy),No,No,2,1,Left
2,8:52:26 AM,8:52:27 AM,00:01,TVH (Transvaginal hysterectomy),No,No,2,1,Left
4,8:52:27 AM,8:52:42 AM,00:15,TVH (Transvaginal hysterectomy),No,No,2,1,Left
20,8:52:42 AM,8:52:53 AM,00:11,TVH (Transvaginal hysterectomy),No,No,2,1,Left
4,8:52:53 AM,8:52:57 AM,00:04,TVH (Transvaginal hysterectomy),No,No,2,1,Left
2,8:52:57 AM,8:53:11 AM,00:14,TVH (Transvaginal hysterectomy),No,No,2,1,Left
18,8:53:11 AM,8:53:12 AM,00:01,TVH (Transvaginal hysterectomy),No,No,2,1,Left
2,8:53:12 AM,8:54:42 AM,01:30,TVH (Transvaginal hysterectomy),No,No,2,1,Left
18,8:54:42 AM,8:54:44 AM,00:02,TVH (Transvaginal hysterectomy),No,No,2,1,Left
2,8:54:44 AM,8:55:06 AM,00:22,TVH (Transvaginal hysterectomy),No,No,2,1,Left
4,8:55:06 AM,8:55:09 AM,00:03,TVH (Transvaginal hysterectomy),No,No,2,1,Left
20,8:55:09 AM,8:55:21 AM,00:12,TVH (Transvaginal hysterectomy),No,No,2,1,Left
18,8:55:21 AM,8:55:43 AM,00:22,TVH (Transvaginal hysterectomy),No,No,2,1,Left
20,8:55:43 AM,8:56:30 AM,00:47,TVH (Transvaginal hysterectomy),No,No,2,1,Left
28,8:56:30 AM,9:00:00 AM,03:30,TVH (Transvaginal hysterectomy),No,No,2,1,Left
27,9:00:00 AM,9:00:01 AM,00:01,TVH (Transvaginal hysterectomy),No,No,2,1,Left
28,9:00:01 AM,9:01:00 AM,00:59,TVH (Transvaginal hysterectomy),No,No,2,1,Left
20,9:01:00 AM,9:01:11 AM,00:11,TVH (Transvaginal hysterectomy),No,No,2,1,Left
28,9:01:11 AM,9:01:14 AM,00:03,TVH (Transvaginal hysterectomy),No,No,2,1,Left
26,9:01:14 AM,9:01:19 AM,00:05,TVH (Transvaginal hysterectomy),No,No,2,1,Left
18,9:01:19 AM,9:01:25 AM,00:06,TVH (Transvaginal hysterectomy),No,No,2,1,Left
17,9:01:25 AM,9:01:29 AM,00:04,TVH (Transvaginal hysterectomy),No,No,2,1,Left
18,9:01:29 AM,9:01:31 AM,00:02,TVH (Transvaginal hysterectomy),No,No,2,1,Left
20,9:01:31 AM,9:01:32 AM,00:01,TVH (Transvaginal hysterectomy),No,No,2,1,Left
28,9:01:32 AM,9:01:35 AM,00:03,TVH (Transvaginal hysterectomy),No,No,2,1,Left
32,9:01:35 AM,9:02:44 AM,01:09,TVH (Transvaginal hysterectomy),No,No,2,1,Left
24,9:02:44 AM,9:02:51 AM,00:07,TVH (Transvaginal hysterectomy),No,No,2,1,Left
22,9:02:51 AM,9:02:54 AM,00:03,TVH (Transvaginal hysterectomy),No,No,2,1,Left
24,9:02:54 AM,9:03:01 AM,00:07,TVH (Transvaginal hysterectomy),No,No,2,1,Left
22,9:03:01 AM,9:03:04 AM,00:03,TVH (Transvaginal hysterectomy),No,No,2,1,Left
24,9:03:04 AM,9:03:13 AM,00:09,TVH (Transvaginal hysterectomy),No,No,2,1,Left
22,9:03:13 AM,9:03:13 AM,00:00,TVH (Transvaginal hysterectomy),No,No,2,1,Left
18,9:03:13 AM,9:03:33 AM,00:20,TVH (Transvaginal hysterectomy),No,No,2,1,Left
20,9:03:33 AM,9:03:34 AM,00:01,TVH (Transvaginal hysterectomy),No,No,2,1,Left
24,9:03:34 AM,9:03:47 AM,00:13,TVH (Transvaginal hysterectomy),No,No,2,1,Left
22,9:03:47 AM,9:03:47 AM,00:00,TVH (Transvaginal hysterectomy),No,No,2,1,Left
18,9:03:47 AM,9:03:54 AM,00:07,TVH (Transvaginal hysterectomy),No,No,2,1,Left
20,9:03:54 AM,9:03:55 AM,00:01,TVH (Transvaginal hysterectomy),No,No,2,1,Left
24,9:03:55 AM,9:04:01 AM,00:06,TVH (Transvaginal hysterectomy),No,No,2,1,Left
8,9:04:01 AM,9:04:14 AM,00:13,TVH (Transvaginal hysterectomy),No,No,2,1,Left
6,9:04:14 AM,9:04:15 AM,00:01,TVH (Transvaginal hysterectomy),No,No,2,1,Left
2,9:04:15 AM,9:04:23 AM,00:08,TVH (Transvaginal hysterectomy),No,No,2,1,Left
10,9:04:23 AM,9:04:24 AM,00:01,TVH (Transvaginal hysterectomy),No,No,2,1,Left
2,9:04:24 AM,9:04:26 AM,00:02,TVH (Transvaginal hysterectomy),No,No,2,1,Left
4,9:04:26 AM,9:04:28 AM,00:02,TVH (Transvaginal hysterectomy),No,No,2,1,Left
8,9:04:28 AM,9:04:42 AM,00:14,TVH (Transvaginal hysterectomy),No,No,2,1,Left
6,9:04:42 AM,9:04:43 AM,00:01,TVH (Transvaginal hysterectomy),No,No,2,1,Left
2,9:04:43 AM,9:05:26 AM,00:43,TVH (Transvaginal hysterectomy),No,No,2,1,Left
18,9:05:26 AM,9:05:28 AM,00:02,TVH (Transvaginal hysterectomy),No,No,2,1,Left
2,9:05:28 AM,9:05:38 AM,00:10,TVH (Transvaginal hysterectomy),No,No,2,1,Left
4,9:05:38 AM,9:05:57 AM,00:19,TVH (Transvaginal hysterectomy),No,No,2,1,Left
2,9:05:57 AM,9:06:04 AM,00:07,TVH (Transvaginal hysterectomy),No,No,2,1,Left
18,9:06:04 AM,9:06:06 AM,00:02,TVH (Transvaginal hysterectomy),No,No,2,1,Left
22,9:06:06 AM,9:06:08 AM,00:02,TVH (Transvaginal hysterectomy),No,No,2,1,Left
18,9:06:08 AM,9:06:11 AM,00:03,TVH (Transvaginal hysterectomy),No,No,2,1,Left
2,9:06:11 AM,9:06:33 AM,00:22,TVH (Transvaginal hysterectomy),No,No,2,1,Left
18,9:06:33 AM,9:06:36 AM,00:03,TVH (Transvaginal hysterectomy),No,No,2,1,Left
2,9:06:36 AM,9:06:51 AM,00:15,TVH (Transvaginal hysterectomy),No,No,2,1,Left
6,9:06:51 AM,9:07:01 AM,00:10,TVH (Transvaginal hysterectomy),No,No,2,1,Left
8,9:07:01 AM,9:07:01 AM,00:00,TVH (Transvaginal hysterectomy),No,No,2,1,Left
4,9:07:01 AM,9:07:07 AM,00:06,TVH (Transvaginal hysterectomy),No,No,2,1,Left
2,9:07:07 AM,9:07:10 AM,00:03,TVH (Transvaginal hysterectomy),No,No,2,1,Left
18,9:07:10 AM,9:07:40 AM,00:30,TVH (Transvaginal hysterectomy),No,No,2,1,Left
20,9:07:40 AM,9:07:57 AM,00:17,TVH (Transvaginal hysterectomy),No,No,2,1,Left
18,9:07:57 AM,9:08:12 AM,00:15,TVH (Transvaginal hysterectomy),No,No,2,1,Left
17,9:08:12 AM,9:08:15 AM,00:03,TVH (Transvaginal hysterectomy),No,No,2,1,Left
18,9:08:15 AM,9:08:53 AM,00:38,TVH (Transvaginal hysterectomy),No,No,2,1,Left
2,9:08:53 AM,9:09:16 AM,00:23,TVH (Transvaginal hysterectomy),No,No,2,1,Left
18,9:09:16 AM,9:09:18 AM,00:02,TVH (Transvaginal hysterectomy),No,No,2,1,Left
22,9:09:18 AM,9:09:21 AM,00:03,TVH (Transvaginal hysterectomy),No,No,2,1,Left
6,9:09:21 AM,9:09:21 AM,00:00,TVH (Transvaginal hysterectomy),No,No,2,1,Left
2,9:09:21 AM,9:09:38 AM,00:17,TVH (Transvaginal hysterectomy),No,No,2,1,Left
18,9:09:38 AM,9:09:40 AM,00:02,TVH (Transvaginal hysterectomy),No,No,2,1,Left
26,9:09:40 AM,9:09:42 AM,00:02,TVH (Transvaginal hysterectomy),No,No,2,1,Left
18,9:09:42 AM,9:09:44 AM,00:02,TVH (Transvaginal hysterectomy),No,No,2,1,Left
2,9:09:44 AM,9:10:01 AM,00:17,TVH (Transvaginal hysterectomy),No,No,2,1,Left
1,9:10:01 AM,9:10:01 AM,00:00,TVH (Transvaginal hysterectomy),No,No,2,1,Left
2,9:12:09 AM,9:12:11 AM,00:02,Bilateral salpingectomy,No,No,3,2,Left
4,9:12:11 AM,9:12:18 AM,00:07,Bilateral salpingectomy,No,No,3,2,Left
8,9:12:18 AM,9:12:21 AM,00:03,Bilateral salpingectomy,No,No,3,2,Left
4,9:12:21 AM,9:12:26 AM,00:05,Bilateral salpingectomy,No,No,3,2,Left
8,9:12:26 AM,9:12:43 AM,00:17,Bilateral salpingectomy,No,No,3,2,Left
6,9:12:43 AM,9:12:57 AM,00:14,Bilateral salpingectomy,No,No,3,2,Left
8,9:12:57 AM,9:12:58 AM,00:01,Bilateral salpingectomy,No,No,3,2,Left
6,9:12:58 AM,9:13:02 AM,00:04,Bilateral salpingectomy,No,No,3,2,Left
2,9:13:02 AM,9:13:05 AM,00:03,Bilateral salpingectomy,No,No,3,2,Left
18,9:13:05 AM,9:13:49 AM,00:44,Bilateral salpingectomy,No,No,3,2,Left
20,9:13:49 AM,9:13:51 AM,00:02,Bilateral salpingectomy,No,No,3,2,Left
18,9:13:51 AM,9:14:06 AM,00:15,Bilateral salpingectomy,No,No,3,2,Left
20,9:14:06 AM,9:14:24 AM,00:18,Bilateral salpingectomy,No,No,3,2,Left
18,9:14:24 AM,9:14:37 AM,00:13,Bilateral salpingectomy,No,No,3,2,Left
26,9:14:37 AM,9:14:38 AM,00:01,Bilateral salpingectomy,No,No,3,2,Left
18,9:14:38 AM,9:14:55 AM,00:17,Bilateral salpingectomy,No,No,3,2,Left
20,9:14:55 AM,9:15:02 AM,00:07,Bilateral salpingectomy,No,No,3,2,Left
24,9:15:02 AM,9:15:05 AM,00:03,Bilateral salpingectomy,No,No,3,2,Left
20,9:15:05 AM,9:15:07 AM,00:02,Bilateral salpingectomy,No,No,3,2,Left
18,9:15:07 AM,9:15:11 AM,00:04,Bilateral salpingectomy,No,No,3,2,Left
20,9:15:11 AM,9:15:25 AM,00:14,Bilateral salpingectomy,No,No,3,2,Left
18,9:15:25 AM,9:15:25 AM,00:00,Bilateral salpingectomy,No,No,3,2,Left
17,9:15:25 AM,9:15:25 AM,00:00,Bilateral salpingectomy,No,No,3,2,Left
1,9:15:25 AM,9:15:25 AM,00:00,Bilateral salpingectomy,No,No,3,2,Left
17,9:25:08 AM,9:25:18 AM,00:10,USLS (Uterosacral ligament suspension),No,No,4,3,Left
25,9:25:18 AM,9:25:41 AM,00:23,USLS (Uterosacral ligament suspension),No,No,4,3,Left
17,9:25:41 AM,9:25:58 AM,00:17,USLS (Uterosacral ligament suspension),No,No,4,3,Left
25,9:25:58 AM,9:25:58 AM,00:00,USLS (Uterosacral ligament suspension),No,No,4,3,Left
17,9:25:58 AM,9:31:04 AM,05:06,USLS (Uterosacral ligament suspension),No,No,4,3,Left
18,9:31:04 AM,9:31:09 AM,00:05,USLS (Uterosacral ligament suspension),No,No,4,3,Left
17,9:31:09 AM,9:31:53 AM,00:44,USLS (Uterosacral ligament suspension),No,No,4,3,Left
19,9:31:53 AM,9:32:20 AM,00:27,USLS (Uterosacral ligament suspension),No,No,5,3,Left
17,9:32:20 AM,9:32:50 AM,00:30,USLS (Uterosacral ligament suspension),No,No,5,3,Left
19,9:32:50 AM,9:33:05 AM,00:15,USLS (Uterosacral ligament suspension),No,No,5,3,Left
17,9:33:05 AM,9:33:36 AM,00:31,USLS (Uterosacral ligament suspension),No,No,5,3,Left
18,9:33:36 AM,9:33:42 AM,00:06,USLS (Uterosacral ligament suspension),No,No,5,3,Left
17,9:33:42 AM,9:33:48 AM,00:06,USLS (Uterosacral ligament suspension),No,No,5,3,Left
19,9:33:48 AM,9:33:51 AM,00:03,USLS (Uterosacral ligament suspension),No,No,5,3,Left
17,9:33:51 AM,9:33:55 AM,00:04,USLS (Uterosacral ligament suspension),No,No,5,3,Left
18,9:33:55 AM,9:34:04 AM,00:09,USLS (Uterosacral ligament suspension),No,No,5,3,Left
17,9:34:04 AM,9:34:13 AM,00:09,USLS (Uterosacral ligament suspension),No,No,5,3,Left
18,9:34:13 AM,9:34:18 AM,00:05,USLS (Uterosacral ligament suspension),No,No,5,3,Left
17,9:34:18 AM,9:34:30 AM,00:12,USLS (Uterosacral ligament suspension),No,No,5,3,Left
25,9:34:30 AM,9:34:32 AM,00:02,USLS (Uterosacral ligament suspension),No,No,5,3,Left
17,9:34:32 AM,9:35:34 AM,01:02,USLS (Uterosacral ligament suspension),No,No,5,3,Left
18,9:35:34 AM,9:35:35 AM,00:01,USLS (Uterosacral ligament suspension),No,No,5,3,Left
17,9:35:35 AM,9:35:40 AM,00:05,USLS (Uterosacral ligament suspension),No,No,5,3,Left
25,9:35:40 AM,9:36:38 AM,00:58,USLS (Uterosacral ligament suspension),No,No,5,3,Left
17,9:36:38 AM,9:37:21 AM,00:43,USLS (Uterosacral ligament suspension),No,No,5,3,Left
25,9:37:21 AM,9:37:35 AM,00:14,USLS (Uterosacral ligament suspension),No,No,5,3,Left
17,9:37:35 AM,9:37:37 AM,00:02,USLS (Uterosacral ligament suspension),No,No,5,3,Left
21,9:37:37 AM,9:37:46 AM,00:09,USLS (Uterosacral ligament suspension),No,No,5,3,Left
17,9:37:46 AM,9:37:58 AM,00:12,USLS (Uterosacral ligament suspension),No,No,5,3,Left
18,9:37:58 AM,9:38:07 AM,00:09,USLS (Uterosacral ligament suspension),No,No,5,3,Left
26,9:38:07 AM,9:38:10 AM,00:03,USLS (Uterosacral ligament suspension),No,No,5,3,Left
25,9:38:10 AM,9:38:53 AM,00:43,USLS (Uterosacral ligament suspension),No,No,5,3,Left
17,9:38:53 AM,9:39:20 AM,00:27,USLS (Uterosacral ligament suspension),No,No,5,3,Left
25,9:39:20 AM,9:40:59 AM,01:39,USLS (Uterosacral ligament suspension),No,No,5,3,Left
26,9:40:59 AM,9:41:09 AM,00:10,USLS (Uterosacral ligament suspension),No,No,5,3,Left
18,9:41:09 AM,9:41:25 AM,00:16,USLS (Uterosacral ligament suspension),No,No,5,3,Left
17,9:41:25 AM,9:42:19 AM,00:54,USLS (Uterosacral ligament suspension),No,No,5,3,Left
25,9:42:19 AM,9:42:30 AM,00:11,USLS (Uterosacral ligament suspension),No,No,5,3,Left
17,9:42:30 AM,9:42:51 AM,00:21,USLS (Uterosacral ligament suspension),No,No,5,3,Left
1,9:42:51 AM,9:43:05 AM,00:14,USLS (Uterosacral ligament suspension),No,No,5,3,Left
9,9:43:05 AM,9:43:08 AM,00:03,USLS (Uterosacral ligament suspension),No,No,5,3,Right
11,9:43:08 AM,9:43:12 AM,00:04,USLS (Uterosacral ligament suspension),No,No,5,3,Right
9,9:43:12 AM,9:43:14 AM,00:02,USLS (Uterosacral ligament suspension),No,No,5,3,Right
10,9:43:14 AM,9:43:16 AM,00:02,USLS (Uterosacral ligament suspension),No,No,5,3,Right
9,9:43:16 AM,9:43:44 AM,00:28,USLS (Uterosacral ligament suspension),No,No,5,3,Right
11,9:43:44 AM,9:43:45 AM,00:01,USLS (Uterosacral ligament suspension),No,No,5,3,Right
9,9:43:45 AM,9:44:58 AM,01:13,USLS (Uterosacral ligament suspension),No,No,5,3,Right
10,9:44:58 AM,9:44:59 AM,00:01,USLS (Uterosacral ligament suspension),No,No,5,3,Right
9,9:44:59 AM,9:55:23 AM,10:24,USLS (Uterosacral ligament suspension),No,No,5,3,Right
1,9:55:23 AM,9:55:23 AM,00:00,USLS (Uterosacral ligament suspension),No,No,5,3,Right
2,9:58:45 AM,9:58:57 AM,00:12,Cysto (Cystoscopy),No,No,6,4,Left
1,9:58:57 AM,9:59:12 AM,00:15,Cysto (Cystoscopy),No,No,6,4,Left
17,9:59:12 AM,9:59:14 AM,00:02,Cysto (Cystoscopy),No,No,6,4,Right
1,9:59:14 AM,10:08:10 AM,08:56,Cysto (Cystoscopy),No,No,6,4,Right
5,10:08:10 AM,10:08:11 AM,00:01,Cysto (Cystoscopy),No,No,6,4,Right
1,10:08:11 AM,10:08:12 AM,00:01,Cysto (Cystoscopy),No,No,6,4,Right
3,10:08:12 AM,10:08:16 AM,00:04,Cysto (Cystoscopy),No,No,6,4,Right
1,10:08:16 AM,10:09:39 AM,01:23,Cysto (Cystoscopy),No,No,6,4,Right
17,10:09:39 AM,10:09:52 AM,00:13,Cysto (Cystoscopy),No,No,6,4,Right
1,10:09:52 AM,10:12:08 AM,02:16,Cysto (Cystoscopy),No,No,6,4,Right
2,10:14:39 AM,10:14:39 AM,00:00,USLS (Uterosacral ligament suspension),No,No,7,5,Right
10,10:14:39 AM,10:15:33 AM,00:54,USLS (Uterosacral ligament suspension),No,No,7,5,Right
12,10:15:33 AM,10:15:40 AM,00:07,USLS (Uterosacral ligament suspension),No,No,7,5,Right
10,10:15:40 AM,10:16:29 AM,00:49,USLS (Uterosacral ligament suspension),No,No,7,5,Right
9,10:16:29 AM,10:17:31 AM,01:02,USLS (Uterosacral ligament suspension),No,No,8,5,Right
10,10:17:31 AM,10:17:34 AM,00:03,USLS (Uterosacral ligament suspension),No,No,8,5,Right
9,10:17:34 AM,10:17:36 AM,00:02,USLS (Uterosacral ligament suspension),No,No,8,5,Right
10,10:17:36 AM,10:17:46 AM,00:10,USLS (Uterosacral ligament suspension),No,No,8,5,Right
9,10:17:46 AM,10:19:32 AM,01:46,USLS (Uterosacral ligament suspension),No,No,8,5,Right
1,10:19:32 AM,10:19:42 AM,00:10,USLS (Uterosacral ligament suspension),No,No,8,5,Right
9,10:19:42 AM,10:20:48 AM,01:06,USLS (Uterosacral ligament suspension),No,No,8,5,Right
25,10:20:48 AM,10:21:42 AM,00:54,USLS (Uterosacral ligament suspension),No,No,8,5,Right
9,10:21:42 AM,10:22:13 AM,00:31,USLS (Uterosacral ligament suspension),No,No,8,5,Right
10,10:22:13 AM,10:22:22 AM,00:09,USLS (Uterosacral ligament suspension),No,No,8,5,Right
9,10:22:22 AM,10:22:37 AM,00:15,USLS (Uterosacral ligament suspension),No,No,8,5,Right
25,10:22:37 AM,10:22:40 AM,00:03,USLS (Uterosacral ligament suspension),No,No,8,5,Right
9,10:22:40 AM,10:22:41 AM,00:01,USLS (Uterosacral ligament suspension),No,No,8,5,Right
10,10:22:41 AM,10:22:57 AM,00:16,USLS (Uterosacral ligament suspension),No,No,8,5,Right
9,10:22:57 AM,10:22:57 AM,00:00,USLS (Uterosacral ligament suspension),No,No,8,5,Right
1,10:22:57 AM,10:22:57 AM,00:00,USLS (Uterosacral ligament suspension),No,No,8,5,Right
9,10:28:39 AM,10:29:06 AM,00:27,USLS (Uterosacral ligament suspension),No,No,11,8,Left
10,10:29:06 AM,10:29:17 AM,00:11,USLS (Uterosacral ligament suspension),No,No,11,8,Left
2,10:29:17 AM,10:29:22 AM,00:05,USLS (Uterosacral ligament suspension),No,No,11,8,Left
6,10:29:22 AM,10:29:30 AM,00:08,USLS (Uterosacral ligament suspension),No,No,11,8,Left
8,10:29:30 AM,10:29:31 AM,00:01,USLS (Uterosacral ligament suspension),No,No,11,8,Left
4,10:29:31 AM,10:29:33 AM,00:02,USLS (Uterosacral ligament suspension),No,No,11,8,Left
2,10:29:33 AM,10:29:38 AM,00:05,USLS (Uterosacral ligament suspension),No,No,11,8,Left
1,10:29:38 AM,10:31:55 AM,02:17,USLS (Uterosacral ligament suspension),No,No,11,8,Left
2,10:31:55 AM,10:31:59 AM,00:04,USLS (Uterosacral ligament suspension),No,No,11,8,Left
1,10:31:59 AM,10:32:44 AM,00:45,USLS (Uterosacral ligament suspension),No,No,11,8,Left
2,10:32:44 AM,10:32:47 AM,00:03,USLS (Uterosacral ligament suspension),No,No,11,8,Left
1,10:32:47 AM,10:33:22 AM,00:35,USLS (Uterosacral ligament suspension),No,No,11,8,Left
5,10:33:22 AM,10:33:23 AM,00:01,USLS (Uterosacral ligament suspension),No,No,11,8,Left
1,10:33:23 AM,10:34:07 AM,00:44,USLS (Uterosacral ligament suspension),No,No,11,8,Left
3,10:34:07 AM,10:34:18 AM,00:11,USLS (Uterosacral ligament suspension),No,No,11,8,Left
1,10:34:18 AM,10:34:23 AM,00:05,USLS (Uterosacral ligament suspension),No,No,11,8,Left
3,10:34:23 AM,10:34:25 AM,00:02,USLS (Uterosacral ligament suspension),No,No,11,8,Left
1,10:34:25 AM,10:34:42 AM,00:17,USLS (Uterosacral ligament suspension),No,No,11,8,Left
9,10:34:42 AM,10:34:43 AM,00:01,USLS (Uterosacral ligament suspension),No,No,11,8,Left
1,10:34:43 AM,10:34:46 AM,00:03,USLS (Uterosacral ligament suspension),No,No,11,8,Left
17,10:34:46 AM,10:35:10 AM,00:24,USLS (Uterosacral ligament suspension),No,No,11,8,Left
21,10:35:10 AM,10:35:12 AM,00:02,USLS (Uterosacral ligament suspension),No,No,11,8,Left
17,10:35:12 AM,10:35:13 AM,00:01,USLS (Uterosacral ligament suspension),No,No,11,8,Left
19,10:35:13 AM,10:35:16 AM,00:03,USLS (Uterosacral ligament suspension),No,No,11,8,Left
17,10:35:16 AM,10:35:17 AM,00:01,USLS (Uterosacral ligament suspension),No,No,11,8,Left
19,10:35:17 AM,10:35:24 AM,00:07,USLS (Uterosacral ligament suspension),No,No,11,8,Left
17,10:35:24 AM,10:35:53 AM,00:29,USLS (Uterosacral ligament suspension),No,No,11,8,Left
1,10:35:53 AM,10:35:57 AM,00:04,USLS (Uterosacral ligament suspension),No,No,11,8,Left
17,10:35:57 AM,10:36:09 AM,00:12,USLS (Uterosacral ligament suspension),No,No,11,8,Left
1,10:36:09 AM,10:36:14 AM,00:05,USLS (Uterosacral ligament suspension),No,No,11,8,Left
17,10:36:14 AM,10:37:08 AM,00:54,USLS (Uterosacral ligament suspension),No,No,11,8,Left
21,10:37:08 AM,10:37:22 AM,00:14,USLS (Uterosacral ligament suspension),No,No,11,8,Left
17,10:37:22 AM,10:38:24 AM,01:02,USLS (Uterosacral ligament suspension),No,No,11,8,Left
25,10:38:24 AM,10:38:25 AM,00:01,USLS (Uterosacral ligament suspension),No,No,11,8,Left
17,10:38:25 AM,10:38:34 AM,00:09,USLS (Uterosacral ligament suspension),No,No,11,8,Left
25,10:38:34 AM,10:38:41 AM,00:07,USLS (Uterosacral ligament suspension),No,No,11,8,Left
27,10:38:41 AM,10:38:45 AM,00:04,USLS (Uterosacral ligament suspension),No,No,11,8,Left
25,10:38:45 AM,10:38:47 AM,00:02,USLS (Uterosacral ligament suspension),No,No,11,8,Left
17,10:38:47 AM,10:38:50 AM,00:03,USLS (Uterosacral ligament suspension),No,No,11,8,Left
25,10:38:50 AM,10:38:53 AM,00:03,USLS (Uterosacral ligament suspension),No,No,11,8,Left
17,10:38:53 AM,10:39:24 AM,00:31,USLS (Uterosacral ligament suspension),No,No,11,8,Left
1,10:39:24 AM,10:39:27 AM,00:03,USLS (Uterosacral ligament suspension),No,No,11,8,Left
17,10:39:27 AM,10:39:33 AM,00:06,USLS (Uterosacral ligament suspension),No,No,11,8,Left
18,10:39:33 AM,10:39:36 AM,00:03,USLS (Uterosacral ligament suspension),No,No,11,8,Left
17,10:39:36 AM,10:39:55 AM,00:19,USLS (Uterosacral ligament suspension),No,No,11,8,Left
18,10:39:55 AM,10:39:56 AM,00:01,USLS (Uterosacral ligament suspension),No,No,11,8,Left
17,10:39:56 AM,10:40:21 AM,00:25,USLS (Uterosacral ligament suspension),No,No,11,8,Left
25,10:40:21 AM,10:40:23 AM,00:02,USLS (Uterosacral ligament suspension),No,No,11,8,Left
17,10:40:23 AM,10:41:02 AM,00:39,USLS (Uterosacral ligament suspension),No,No,11,8,Left
1,10:41:02 AM,10:41:59 AM,00:57,USLS (Uterosacral ligament suspension),No,No,11,8,Left
5,10:41:59 AM,10:42:00 AM,00:01,USLS (Uterosacral ligament suspension),No,No,11,8,Left
1,10:42:00 AM,10:44:41 AM,02:41,USLS (Uterosacral ligament suspension),No,No,11,8,Left
9,10:44:41 AM,10:44:45 AM,00:04,USLS (Uterosacral ligament suspension),No,No,11,8,Left
13,10:44:45 AM,10:44:48 AM,00:03,USLS (Uterosacral ligament suspension),No,No,11,8,Left
29,10:44:48 AM,10:44:49 AM,00:01,USLS (Uterosacral ligament suspension),No,No,11,8,Left
21,10:44:49 AM,10:44:52 AM,00:03,USLS (Uterosacral ligament suspension),No,No,11,8,Left
17,10:44:52 AM,10:45:07 AM,00:15,USLS (Uterosacral ligament suspension),No,No,11,8,Left
1,10:45:07 AM,10:45:14 AM,00:07,USLS (Uterosacral ligament suspension),No,No,11,8,Left
17,10:45:14 AM,10:45:17 AM,00:03,USLS (Uterosacral ligament suspension),No,No,11,8,Left
21,10:45:17 AM,10:45:19 AM,00:02,USLS (Uterosacral ligament suspension),No,No,11,8,Left
17,10:45:19 AM,10:45:21 AM,00:02,USLS (Uterosacral ligament suspension),No,No,11,8,Left
1,10:45:21 AM,10:45:41 AM,00:20,USLS (Uterosacral ligament suspension),No,No,11,8,Left
2,10:45:41 AM,10:45:45 AM,00:04,USLS (Uterosacral ligament suspension),No,No,11,8,Left
1,10:45:45 AM,10:46:42 AM,00:57,USLS (Uterosacral ligament suspension),No,No,11,8,Left
5,10:46:42 AM,10:46:45 AM,00:03,USLS (Uterosacral ligament suspension),No,No,11,8,Left
1,10:46:45 AM,10:48:12 AM,01:27,USLS (Uterosacral ligament suspension),No,No,11,8,Left
2,10:50:54 AM,10:50:58 AM,00:04,Cysto (Cystoscopy),No,No,12,9,Left
18,10:50:58 AM,10:51:54 AM,00:56,Cysto (Cystoscopy),No,No,12,9,Left
17,10:51:54 AM,10:51:54 AM,00:00,Cysto (Cystoscopy),No,No,12,9,Left
1,10:51:54 AM,10:51:54 AM,00:00,Cysto (Cystoscopy),No,No,12,9,Left
5,10:54:16 AM,10:54:29 AM,00:13,USLS (Uterosacral ligament suspension),No,No,13,10,Left
21,10:54:29 AM,10:54:36 AM,00:07,USLS (Uterosacral ligament suspension),No,No,13,10,Left
17,10:54:36 AM,10:54:39 AM,00:03,USLS (Uterosacral ligament suspension),No,No,13,10,Left
1,10:54:39 AM,10:54:45 AM,00:06,USLS (Uterosacral ligament suspension),No,No,13,10,Left
17,10:54:45 AM,10:54:47 AM,00:02,USLS (Uterosacral ligament suspension),No,No,13,10,Left
1,10:54:47 AM,10:54:56 AM,00:09,USLS (Uterosacral ligament suspension),No,No,13,10,Left
9,10:54:56 AM,10:54:57 AM,00:01,USLS (Uterosacral ligament suspension),No,No,13,10,Left
1,10:54:57 AM,10:55:16 AM,00:19,USLS (Uterosacral ligament suspension),No,No,13,10,Left
5,10:55:16 AM,10:55:18 AM,00:02,USLS (Uterosacral ligament suspension),No,No,13,10,Left
1,10:55:18 AM,10:55:30 AM,00:12,USLS (Uterosacral ligament suspension),No,No,13,10,Left
5,10:55:30 AM,10:55:34 AM,00:04,USLS (Uterosacral ligament suspension),No,No,13,10,Left
1,10:55:34 AM,10:55:56 AM,00:22,USLS (Uterosacral ligament suspension),No,No,13,10,Left
5,10:55:56 AM,10:55:59 AM,00:03,USLS (Uterosacral ligament suspension),No,No,13,10,Left
6,10:55:59 AM,10:56:28 AM,00:29,USLS (Uterosacral ligament suspension),No,No,13,10,Left
2,10:56:28 AM,10:56:31 AM,00:03,USLS (Uterosacral ligament suspension),No,No,13,10,Left
1,10:56:31 AM,10:57:33 AM,01:02,USLS (Uterosacral ligament suspension),No,No,13,10,Left
5,10:57:33 AM,10:57:37 AM,00:04,USLS (Uterosacral ligament suspension),No,No,13,10,Left
1,10:57:37 AM,10:57:44 AM,00:07,USLS (Uterosacral ligament suspension),No,No,13,10,Left
2,10:57:44 AM,10:57:47 AM,00:03,USLS (Uterosacral ligament suspension),No,No,13,10,Left
6,10:57:47 AM,10:57:50 AM,00:03,USLS (Uterosacral ligament suspension),No,No,13,10,Left
2,10:57:50 AM,10:57:52 AM,00:02,USLS (Uterosacral ligament suspension),No,No,13,10,Left
1,10:57:52 AM,10:58:01 AM,00:09,USLS (Uterosacral ligament suspension),No,No,13,10,Left
5,10:58:01 AM,10:58:10 AM,00:09,USLS (Uterosacral ligament suspension),No,No,13,10,Left
6,10:58:10 AM,10:58:18 AM,00:08,USLS (Uterosacral ligament suspension),No,No,13,10,Left
5,10:58:18 AM,10:58:24 AM,00:06,USLS (Uterosacral ligament suspension),No,No,13,10,Left
21,10:58:24 AM,10:59:06 AM,00:42,USLS (Uterosacral ligament suspension),No,No,13,10,Left
17,10:59:06 AM,10:59:24 AM,00:18,USLS (Uterosacral ligament suspension),No,No,13,10,Left
1,10:59:24 AM,10:59:24 AM,00:00,USLS (Uterosacral ligament suspension),No,No,13,10,Left
17,11:00:27 AM,11:00:56 AM,00:29,PR (Posterior repair),No,No,14,11,Left
1,11:00:56 AM,11:03:17 AM,02:21,PR (Posterior repair),No,No,14,11,Left
17,11:03:17 AM,11:03:26 AM,00:09,PR (Posterior repair),No,No,15,11,Left
1,11:03:26 AM,11:03:37 AM,00:11,PR (Posterior repair),No,No,15,11,Left
3,11:03:37 AM,11:03:38 AM,00:01,PR (Posterior repair),No,No,15,11,Left
1,11:03:38 AM,11:04:06 AM,00:28,PR (Posterior repair),No,No,15,11,Left
17,11:04:06 AM,11:04:09 AM,00:03,PR (Posterior repair),No,No,15,11,Left
18,11:04:09 AM,11:04:11 AM,00:02,PR (Posterior repair),No,No,15,11,Left
2,11:04:11 AM,11:04:12 AM,00:01,PR (Posterior repair),No,No,15,11,Left
1,11:04:12 AM,11:04:19 AM,00:07,PR (Posterior repair),No,No,15,11,Left
3,11:04:19 AM,11:04:21 AM,00:02,PR (Posterior repair),No,No,15,11,Left
1,11:04:21 AM,11:05:03 AM,00:42,PR (Posterior repair),No,No,15,11,Left
