Posture Code,Start ,End,Duration,Task Code,Stool Usage,Sitting,Bed Code,Patient Code,Location
1,3:48:28 PM,3:48:35 PM,00:07,TVH (Transvaginal hysterectomy),No,No,1,1,Left
2,3:48:35 PM,3:49:41 PM,01:06,TVH (Transvaginal hysterectomy),No,No,1,1,Left
1,3:49:41 PM,3:49:46 PM,00:05,TVH (Transvaginal hysterectomy),No,No,1,1,Left
2,3:49:46 PM,3:49:50 PM,00:04,TVH (Transvaginal hysterectomy),No,No,1,1,Left
1,3:49:50 PM,3:50:06 PM,00:16,TVH (Transvaginal hysterectomy),No,No,1,1,Left
2,3:50:06 PM,3:53:18 PM,03:12,TVH (Transvaginal hysterectomy),No,No,1,1,Left
18,3:53:18 PM,3:53:31 PM,00:13,TVH (Transvaginal hysterectomy),No,No,1,1,Left
2,3:53:31 PM,3:53:39 PM,00:08,TVH (Transvaginal hysterectomy),No,No,1,1,Left
18,3:53:39 PM,3:53:46 PM,00:07,TVH (Transvaginal hysterectomy),No,No,1,1,Left
2,3:53:46 PM,3:54:59 PM,01:13,TVH (Transvaginal hysterectomy),No,No,1,1,Left
18,3:54:59 PM,3:55:03 PM,00:04,TVH (Transvaginal hysterectomy),No,No,1,1,Left
2,3:55:03 PM,3:56:40 PM,01:37,TVH (Transvaginal hysterectomy),No,No,1,1,Left
18,3:56:40 PM,3:56:41 PM,00:01,TVH (Transvaginal hysterectomy),No,No,1,1,Left
2,3:56:41 PM,3:59:03 PM,02:22,TVH (Transvaginal hysterectomy),No,No,1,1,Left
1,3:59:03 PM,3:59:08 PM,00:05,TVH (Transvaginal hysterectomy),No,No,1,1,Left
2,3:59:08 PM,3:59:09 PM,00:01,TVH (Transvaginal hysterectomy),No,No,1,1,Left
1,3:59:09 PM,3:59:30 PM,00:21,TVH (Transvaginal hysterectomy),No,No,1,1,Left
2,3:59:30 PM,3:59:50 PM,00:20,TVH (Transvaginal hysterectomy),No,No,1,1,Left
4,3:59:50 PM,3:59:57 PM,00:07,TVH (Transvaginal hysterectomy),No,No,1,1,Left
8,3:59:57 PM,4:00:26 PM,00:29,TVH (Transvaginal hysterectomy),No,No,1,1,Left
16,4:00:26 PM,4:00:29 PM,00:03,TVH (Transvaginal hysterectomy),No,No,1,1,Left
12,4:00:29 PM,4:00:34 PM,00:05,TVH (Transvaginal hysterectomy),No,No,1,1,Left
4,4:00:34 PM,4:00:48 PM,00:14,TVH (Transvaginal hysterectomy),No,No,1,1,Left
2,4:00:48 PM,4:02:31 PM,01:43,TVH (Transvaginal hysterectomy),No,No,1,1,Left
1,4:02:31 PM,4:02:33 PM,00:02,TVH (Transvaginal hysterectomy),No,No,2,1,Left
2,4:02:33 PM,4:03:34 PM,01:01,TVH (Transvaginal hysterectomy),No,No,2,1,Left
1,4:03:34 PM,4:03:41 PM,00:07,TVH (Transvaginal hysterectomy),No,No,2,1,Left
2,4:03:41 PM,4:03:55 PM,00:14,TVH (Transvaginal hysterectomy),No,No,2,1,Left
4,4:03:55 PM,4:04:00 PM,00:05,TVH (Transvaginal hysterectomy),No,No,2,1,Left
2,4:04:00 PM,4:04:00 PM,00:00,TVH (Transvaginal hysterectomy),No,No,2,1,Left
6,4:04:00 PM,4:04:13 PM,00:13,TVH (Transvaginal hysterectomy),No,No,2,1,Left
2,4:04:13 PM,4:04:32 PM,00:19,TVH (Transvaginal hysterectomy),No,No,2,1,Left
4,4:04:32 PM,4:04:35 PM,00:03,TVH (Transvaginal hysterectomy),No,No,2,1,Left
8,4:04:35 PM,4:04:57 PM,00:22,TVH (Transvaginal hysterectomy),No,No,2,1,Left
6,4:04:57 PM,4:05:13 PM,00:16,TVH (Transvaginal hysterectomy),No,No,2,1,Left
2,4:05:13 PM,4:05:58 PM,00:45,TVH (Transvaginal hysterectomy),No,No,2,1,Left
10,4:05:58 PM,4:06:00 PM,00:02,TVH (Transvaginal hysterectomy),No,No,2,1,Left
2,4:06:00 PM,4:06:02 PM,00:02,TVH (Transvaginal hysterectomy),No,No,2,1,Left
18,4:06:02 PM,4:06:05 PM,00:03,TVH (Transvaginal hysterectomy),No,No,2,1,Left
2,4:06:05 PM,4:06:08 PM,00:03,TVH (Transvaginal hysterectomy),No,No,2,1,Left
6,4:06:08 PM,4:06:24 PM,00:16,TVH (Transvaginal hysterectomy),No,No,2,1,Left
8,4:06:24 PM,4:06:39 PM,00:15,TVH (Transvaginal hysterectomy),No,No,2,1,Left
6,4:06:39 PM,4:06:55 PM,00:16,TVH (Transvaginal hysterectomy),No,No,2,1,Left
2,4:06:55 PM,4:07:11 PM,00:16,TVH (Transvaginal hysterectomy),No,No,2,1,Left
6,4:07:11 PM,4:07:13 PM,00:02,TVH (Transvaginal hysterectomy),No,No,2,1,Left
2,4:07:13 PM,4:07:50 PM,00:37,TVH (Transvaginal hysterectomy),No,No,2,1,Left
6,4:07:50 PM,4:08:32 PM,00:42,TVH (Transvaginal hysterectomy),No,No,2,1,Left
8,4:08:32 PM,4:08:47 PM,00:15,TVH (Transvaginal hysterectomy),No,No,2,1,Left
6,4:08:47 PM,4:09:20 PM,00:33,TVH (Transvaginal hysterectomy),No,No,2,1,Left
2,4:09:20 PM,4:09:32 PM,00:12,TVH (Transvaginal hysterectomy),No,No,2,1,Left
18,4:09:32 PM,4:09:33 PM,00:01,TVH (Transvaginal hysterectomy),No,No,2,1,Left
2,4:09:33 PM,4:09:34 PM,00:01,TVH (Transvaginal hysterectomy),No,No,2,1,Left
18,4:09:34 PM,4:09:36 PM,00:02,TVH (Transvaginal hysterectomy),No,No,2,1,Left
2,4:09:36 PM,4:09:44 PM,00:08,TVH (Transvaginal hysterectomy),No,No,2,1,Left
6,4:09:44 PM,4:10:04 PM,00:20,TVH (Transvaginal hysterectomy),No,No,2,1,Left
2,4:10:04 PM,4:10:07 PM,00:03,TVH (Transvaginal hysterectomy),No,No,2,1,Left
18,4:10:07 PM,4:10:24 PM,00:17,TVH (Transvaginal hysterectomy),No,No,2,1,Left
22,4:10:24 PM,4:10:44 PM,00:20,TVH (Transvaginal hysterectomy),No,No,2,1,Left
18,4:10:44 PM,4:10:45 PM,00:01,TVH (Transvaginal hysterectomy),No,No,2,1,Left
20,4:10:45 PM,4:11:11 PM,00:26,TVH (Transvaginal hysterectomy),No,No,2,1,Left
18,4:11:11 PM,4:11:24 PM,00:13,TVH (Transvaginal hysterectomy),No,No,2,1,Left
26,4:11:24 PM,4:11:36 PM,00:12,TVH (Transvaginal hysterectomy),No,No,2,1,Left
18,4:11:36 PM,4:12:08 PM,00:32,TVH (Transvaginal hysterectomy),No,No,2,1,Left
2,4:12:08 PM,4:12:18 PM,00:10,TVH (Transvaginal hysterectomy),No,No,2,1,Left
18,4:12:18 PM,4:13:00 PM,00:42,TVH (Transvaginal hysterectomy),No,No,2,1,Left
2,4:13:00 PM,4:13:04 PM,00:04,TVH (Transvaginal hysterectomy),No,No,2,1,Left
18,4:13:04 PM,4:14:01 PM,00:57,TVH (Transvaginal hysterectomy),No,No,2,1,Left
22,4:14:01 PM,4:14:24 PM,00:23,TVH (Transvaginal hysterectomy),No,No,2,1,Left
6,4:14:24 PM,4:14:29 PM,00:05,TVH (Transvaginal hysterectomy),No,No,2,1,Left
22,4:14:29 PM,4:14:31 PM,00:02,TVH (Transvaginal hysterectomy),No,No,2,1,Left
6,4:14:31 PM,4:15:03 PM,00:32,TVH (Transvaginal hysterectomy),No,No,2,1,Left
2,4:15:03 PM,4:15:40 PM,00:37,TVH (Transvaginal hysterectomy),No,No,2,1,Left
18,4:15:40 PM,4:15:51 PM,00:11,TVH (Transvaginal hysterectomy),No,No,2,1,Left
22,4:15:51 PM,4:16:28 PM,00:37,TVH (Transvaginal hysterectomy),No,No,2,1,Left
30,4:16:28 PM,4:16:29 PM,00:01,TVH (Transvaginal hysterectomy),No,No,2,1,Left
22,4:16:29 PM,4:16:30 PM,00:01,TVH (Transvaginal hysterectomy),No,No,2,1,Left
6,4:16:30 PM,4:16:31 PM,00:01,TVH (Transvaginal hysterectomy),No,No,2,1,Left
2,4:16:31 PM,4:16:35 PM,00:04,TVH (Transvaginal hysterectomy),No,No,2,1,Left
1,4:16:35 PM,4:16:54 PM,00:19,TVH (Transvaginal hysterectomy),No,No,2,1,Left
2,4:16:54 PM,4:16:58 PM,00:04,TVH (Transvaginal hysterectomy),No,No,2,1,Left
18,4:16:58 PM,4:17:11 PM,00:13,TVH (Transvaginal hysterectomy),No,No,2,1,Left
20,4:17:11 PM,4:17:14 PM,00:03,TVH (Transvaginal hysterectomy),No,No,2,1,Left
4,4:17:14 PM,4:17:14 PM,00:00,TVH (Transvaginal hysterectomy),No,No,2,1,Left
20,4:17:14 PM,4:17:15 PM,00:01,TVH (Transvaginal hysterectomy),No,No,2,1,Left
4,4:17:15 PM,4:17:25 PM,00:10,TVH (Transvaginal hysterectomy),No,No,2,1,Left
2,4:17:25 PM,4:17:45 PM,00:20,TVH (Transvaginal hysterectomy),No,No,2,1,Left
1,4:17:45 PM,4:17:46 PM,00:01,TVH (Transvaginal hysterectomy),No,No,2,1,Left
2,4:17:46 PM,4:18:29 PM,00:43,TVH (Transvaginal hysterectomy),No,No,2,1,Left
1,4:18:29 PM,4:19:21 PM,00:52,TVH (Transvaginal hysterectomy),No,No,2,1,Left
2,4:19:21 PM,4:19:34 PM,00:13,TVH (Transvaginal hysterectomy),No,No,2,1,Left
18,4:19:34 PM,4:22:04 PM,02:30,TVH (Transvaginal hysterectomy),No,No,2,1,Left
22,4:22:04 PM,4:22:45 PM,00:41,TVH (Transvaginal hysterectomy),No,No,2,1,Left
18,4:22:45 PM,4:22:46 PM,00:01,TVH (Transvaginal hysterectomy),No,No,2,1,Left
2,4:22:46 PM,4:22:49 PM,00:03,TVH (Transvaginal hysterectomy),No,No,2,1,Left
6,4:22:49 PM,4:22:49 PM,00:00,TVH (Transvaginal hysterectomy),No,No,2,1,Left
8,4:22:49 PM,4:23:03 PM,00:14,TVH (Transvaginal hysterectomy),No,No,2,1,Left
24,4:23:03 PM,4:23:04 PM,00:01,TVH (Transvaginal hysterectomy),No,No,2,1,Left
22,4:23:04 PM,4:23:04 PM,00:00,TVH (Transvaginal hysterectomy),No,No,2,1,Left
18,4:23:04 PM,4:23:16 PM,00:12,TVH (Transvaginal hysterectomy),No,No,2,1,Left
20,4:23:16 PM,4:23:40 PM,00:24,TVH (Transvaginal hysterectomy),No,No,2,1,Center
18,4:23:40 PM,4:23:41 PM,00:01,TVH (Transvaginal hysterectomy),No,No,2,1,Center
2,4:23:41 PM,4:23:52 PM,00:11,TVH (Transvaginal hysterectomy),No,No,2,1,Center
18,4:23:52 PM,4:24:18 PM,00:26,TVH (Transvaginal hysterectomy),No,No,2,1,Left
22,4:24:18 PM,4:24:23 PM,00:05,TVH (Transvaginal hysterectomy),No,No,2,1,Left
18,4:24:23 PM,4:24:25 PM,00:02,TVH (Transvaginal hysterectomy),No,No,2,1,Left
17,4:24:25 PM,4:24:25 PM,00:00,TVH (Transvaginal hysterectomy),No,No,2,1,Left
1,4:24:25 PM,4:24:27 PM,00:02,TVH (Transvaginal hysterectomy),No,No,2,1,Left
2,4:24:27 PM,4:24:33 PM,00:06,TVH (Transvaginal hysterectomy),No,No,2,1,Left
4,4:24:33 PM,4:24:34 PM,00:01,TVH (Transvaginal hysterectomy),No,No,2,1,Left
8,4:24:34 PM,4:26:05 PM,01:31,TVH (Transvaginal hysterectomy),No,No,2,1,Left
4,4:26:05 PM,4:26:06 PM,00:01,TVH (Transvaginal hysterectomy),No,No,3,1,Left
2,4:26:06 PM,4:26:35 PM,00:29,TVH (Transvaginal hysterectomy),No,No,3,1,Left
1,4:26:35 PM,4:26:53 PM,00:18,TVH (Transvaginal hysterectomy),No,No,3,1,Left
2,4:26:53 PM,4:26:56 PM,00:03,TVH (Transvaginal hysterectomy),No,No,3,1,Left
18,4:26:56 PM,4:26:57 PM,00:01,TVH (Transvaginal hysterectomy),No,No,3,1,Left
2,4:26:57 PM,4:27:07 PM,00:10,TVH (Transvaginal hysterectomy),No,No,3,1,Left
6,4:27:07 PM,4:28:12 PM,01:05,TVH (Transvaginal hysterectomy),No,No,3,1,Left
5,4:28:12 PM,4:28:18 PM,00:06,TVH (Transvaginal hysterectomy),No,No,3,1,Left
6,4:28:18 PM,4:28:22 PM,00:04,TVH (Transvaginal hysterectomy),No,No,3,1,Left
22,4:28:22 PM,4:28:22 PM,00:00,TVH (Transvaginal hysterectomy),No,No,3,1,Left
6,4:28:22 PM,4:28:27 PM,00:05,TVH (Transvaginal hysterectomy),No,No,3,1,Left
8,4:28:27 PM,4:28:28 PM,00:01,TVH (Transvaginal hysterectomy),No,No,3,1,Left
6,4:28:28 PM,4:28:28 PM,00:00,TVH (Transvaginal hysterectomy),No,No,3,1,Left
2,4:28:28 PM,4:28:33 PM,00:05,TVH (Transvaginal hysterectomy),No,No,3,1,Left
6,4:28:33 PM,4:28:39 PM,00:06,TVH (Transvaginal hysterectomy),No,No,3,1,Left
2,4:28:39 PM,4:28:40 PM,00:01,TVH (Transvaginal hysterectomy),No,No,3,1,Left
6,4:28:40 PM,4:28:42 PM,00:02,TVH (Transvaginal hysterectomy),No,No,3,1,Left
22,4:28:42 PM,4:28:57 PM,00:15,TVH (Transvaginal hysterectomy),No,No,3,1,Left
6,4:28:57 PM,4:29:00 PM,00:03,TVH (Transvaginal hysterectomy),No,No,3,1,Left
14,4:29:00 PM,4:29:01 PM,00:01,TVH (Transvaginal hysterectomy),No,No,3,1,Left
6,4:29:01 PM,4:29:02 PM,00:01,TVH (Transvaginal hysterectomy),No,No,3,1,Left
22,4:29:02 PM,4:29:13 PM,00:11,TVH (Transvaginal hysterectomy),No,No,3,1,Left
6,4:29:13 PM,4:29:19 PM,00:06,TVH (Transvaginal hysterectomy),No,No,3,1,Left
22,4:29:19 PM,4:29:33 PM,00:14,TVH (Transvaginal hysterectomy),No,No,3,1,Left
6,4:29:33 PM,4:29:39 PM,00:06,TVH (Transvaginal hysterectomy),No,No,3,1,Left
2,4:29:39 PM,4:29:40 PM,00:01,TVH (Transvaginal hysterectomy),No,No,3,1,Left
4,4:29:40 PM,4:29:44 PM,00:04,TVH (Transvaginal hysterectomy),No,No,3,1,Left
2,4:29:44 PM,4:30:00 PM,00:16,TVH (Transvaginal hysterectomy),No,No,3,1,Left
18,4:30:00 PM,4:30:02 PM,00:02,TVH (Transvaginal hysterectomy),No,No,3,1,Left
2,4:30:02 PM,4:30:27 PM,00:25,TVH (Transvaginal hysterectomy),No,No,3,1,Left
18,4:30:27 PM,4:30:50 PM,00:23,TVH (Transvaginal hysterectomy),No,No,3,1,Left
2,4:30:50 PM,4:31:00 PM,00:10,TVH (Transvaginal hysterectomy),No,No,3,1,Left
18,4:31:00 PM,4:32:15 PM,01:15,TVH (Transvaginal hysterectomy),No,No,3,1,Left
22,4:32:15 PM,4:32:17 PM,00:02,TVH (Transvaginal hysterectomy),No,No,3,1,Left
18,4:32:17 PM,4:32:18 PM,00:01,TVH (Transvaginal hysterectomy),No,No,3,1,Left
26,4:32:18 PM,4:32:19 PM,00:01,TVH (Transvaginal hysterectomy),No,No,3,1,Left
10,4:32:19 PM,4:32:21 PM,00:02,TVH (Transvaginal hysterectomy),No,No,3,1,Left
26,4:32:21 PM,4:32:27 PM,00:06,TVH (Transvaginal hysterectomy),No,No,3,1,Left
30,4:32:27 PM,4:32:36 PM,00:09,TVH (Transvaginal hysterectomy),No,No,3,1,Left
26,4:32:36 PM,4:32:38 PM,00:02,TVH (Transvaginal hysterectomy),No,No,3,1,Left
18,4:32:38 PM,4:32:41 PM,00:03,TVH (Transvaginal hysterectomy),No,No,3,1,Left
2,4:32:41 PM,4:33:44 PM,01:03,TVH (Transvaginal hysterectomy),No,No,3,1,Left
18,4:33:44 PM,4:35:31 PM,01:47,TVH (Transvaginal hysterectomy),No,No,3,1,Left
22,4:35:31 PM,4:35:42 PM,00:11,TVH (Transvaginal hysterectomy),No,No,3,1,Left
18,4:35:42 PM,4:36:33 PM,00:51,TVH (Transvaginal hysterectomy),No,No,3,1,Left
2,4:36:33 PM,4:36:35 PM,00:02,TVH (Transvaginal hysterectomy),No,No,3,1,Left
1,4:36:35 PM,4:37:26 PM,00:51,TVH (Transvaginal hysterectomy),No,No,3,1,Left
2,4:37:26 PM,4:38:52 PM,01:26,TVH (Transvaginal hysterectomy),No,No,3,1,Left
1,4:38:52 PM,4:39:01 PM,00:09,TVH (Transvaginal hysterectomy),No,No,3,1,Left
2,4:39:01 PM,4:39:02 PM,00:01,TVH (Transvaginal hysterectomy),No,No,3,1,Left
18,4:39:02 PM,4:39:24 PM,00:22,TVH (Transvaginal hysterectomy),No,No,3,1,Left
20,4:39:24 PM,4:39:27 PM,00:03,TVH (Transvaginal hysterectomy),No,No,3,1,Left
4,4:39:27 PM,4:39:30 PM,00:03,TVH (Transvaginal hysterectomy),No,No,3,1,Left
8,4:39:30 PM,4:39:32 PM,00:02,TVH (Transvaginal hysterectomy),No,No,3,1,Left
6,4:39:32 PM,4:39:33 PM,00:01,TVH (Transvaginal hysterectomy),No,No,3,1,Left
2,4:39:33 PM,4:39:39 PM,00:06,TVH (Transvaginal hysterectomy),No,No,3,1,Left
6,4:39:39 PM,4:40:42 PM,01:03,TVH (Transvaginal hysterectomy),No,No,3,1,Left
2,4:40:42 PM,4:40:44 PM,00:02,TVH (Transvaginal hysterectomy),No,No,3,1,Left
1,4:40:44 PM,4:40:47 PM,00:03,TVH (Transvaginal hysterectomy),No,No,3,1,Left
2,4:40:47 PM,4:40:51 PM,00:04,TVH (Transvaginal hysterectomy),No,No,3,1,Left
18,4:40:51 PM,4:40:52 PM,00:01,TVH (Transvaginal hysterectomy),No,No,3,1,Left
22,4:40:51 PM,4:40:55 PM,00:04,TVH (Transvaginal hysterectomy),No,No,3,1,Left
6,4:40:55 PM,4:41:00 PM,00:05,TVH (Transvaginal hysterectomy),No,No,3,1,Left
2,4:41:00 PM,4:41:00 PM,00:00,TVH (Transvaginal hysterectomy),No,No,3,1,Left
1,4:41:00 PM,4:41:20 PM,00:20,TVH (Transvaginal hysterectomy),No,No,3,1,Left
2,4:41:20 PM,4:41:40 PM,00:20,TVH (Transvaginal hysterectomy),No,No,3,1,Left
1,4:41:40 PM,4:42:03 PM,00:23,TVH (Transvaginal hysterectomy),No,No,3,1,Left
2,4:42:03 PM,4:42:09 PM,00:06,TVH (Transvaginal hysterectomy),No,No,3,1,Left
6,4:42:09 PM,4:42:11 PM,00:02,TVH (Transvaginal hysterectomy),No,No,3,1,Left
2,4:42:11 PM,4:42:13 PM,00:02,TVH (Transvaginal hysterectomy),No,No,3,1,Left
4,4:42:13 PM,4:42:15 PM,00:02,TVH (Transvaginal hysterectomy),No,No,3,1,Left
2,4:42:15 PM,4:42:37 PM,00:22,TVH (Transvaginal hysterectomy),No,No,3,1,Left
4,4:42:37 PM,4:43:01 PM,00:24,TVH (Transvaginal hysterectomy),No,No,3,1,Left
2,4:43:01 PM,4:43:04 PM,00:03,TVH (Transvaginal hysterectomy),No,No,3,1,Left
18,4:43:04 PM,4:43:06 PM,00:02,TVH (Transvaginal hysterectomy),No,No,3,1,Left
2,4:43:06 PM,4:43:06 PM,00:00,TVH (Transvaginal hysterectomy),No,No,3,1,Left
1,4:43:06 PM,4:43:08 PM,00:02,TVH (Transvaginal hysterectomy),No,No,3,1,Left
9,4:43:08 PM,4:43:09 PM,00:01,TVH (Transvaginal hysterectomy),No,No,3,1,Left
25,4:43:09 PM,4:43:26 PM,00:17,TVH (Transvaginal hysterectomy),No,No,3,1,Left
9,4:43:26 PM,4:43:26 PM,00:00,TVH (Transvaginal hysterectomy),No,No,3,1,Left
1,4:43:26 PM,4:43:28 PM,00:02,TVH (Transvaginal hysterectomy),No,No,3,1,Left
2,4:43:28 PM,4:43:41 PM,00:13,TVH (Transvaginal hysterectomy),No,No,3,1,Left
6,4:43:41 PM,4:43:46 PM,00:05,TVH (Transvaginal hysterectomy),No,No,3,1,Left
5,4:43:46 PM,4:43:47 PM,00:01,TVH (Transvaginal hysterectomy),No,No,3,1,Left
1,4:43:47 PM,4:43:55 PM,00:08,TVH (Transvaginal hysterectomy),No,No,3,1,Left
5,4:43:55 PM,4:43:57 PM,00:02,TVH (Transvaginal hysterectomy),No,No,3,1,Left
6,4:43:57 PM,4:43:59 PM,00:02,TVH (Transvaginal hysterectomy),No,No,3,1,Left
22,4:43:59 PM,4:44:20 PM,00:21,TVH (Transvaginal hysterectomy),No,No,3,1,Left
6,4:44:20 PM,4:44:25 PM,00:05,TVH (Transvaginal hysterectomy),No,No,3,1,Left
2,4:44:25 PM,4:44:38 PM,00:13,TVH (Transvaginal hysterectomy),No,No,3,1,Left
1,4:44:38 PM,4:45:09 PM,00:31,TVH (Transvaginal hysterectomy),No,No,3,1,Left
2,4:45:09 PM,4:45:11 PM,00:02,TVH (Transvaginal hysterectomy),No,No,3,1,Left
4,4:45:11 PM,4:45:20 PM,00:09,TVH (Transvaginal hysterectomy),No,No,3,1,Left
2,4:45:20 PM,4:45:44 PM,00:24,TVH (Transvaginal hysterectomy),No,No,3,1,Left
18,4:45:44 PM,4:45:47 PM,00:03,TVH (Transvaginal hysterectomy),No,No,3,1,Left
2,4:45:47 PM,4:45:48 PM,00:01,TVH (Transvaginal hysterectomy),No,No,3,1,Left
6,4:45:48 PM,4:45:51 PM,00:03,TVH (Transvaginal hysterectomy),No,No,3,1,Left
2,4:45:51 PM,4:45:53 PM,00:02,TVH (Transvaginal hysterectomy),No,No,3,1,Left
18,4:45:53 PM,4:45:54 PM,00:01,TVH (Transvaginal hysterectomy),No,No,3,1,Left
17,4:45:54 PM,4:45:58 PM,00:04,TVH (Transvaginal hysterectomy),No,No,3,1,Left
18,4:45:58 PM,4:46:03 PM,00:05,TVH (Transvaginal hysterectomy),No,No,3,1,Left
17,4:46:03 PM,4:46:10 PM,00:07,TVH (Transvaginal hysterectomy),No,No,3,1,Left
18,4:46:10 PM,4:46:18 PM,00:08,TVH (Transvaginal hysterectomy),No,No,3,1,Left
22,4:46:18 PM,4:46:23 PM,00:05,TVH (Transvaginal hysterectomy),No,No,3,1,Left
6,4:46:23 PM,4:46:26 PM,00:03,TVH (Transvaginal hysterectomy),No,No,3,1,Left
2,4:46:26 PM,4:46:54 PM,00:28,TVH (Transvaginal hysterectomy),No,No,3,1,Left
1,4:46:54 PM,4:47:09 PM,00:15,TVH (Transvaginal hysterectomy),No,No,3,1,Left
2,4:47:09 PM,4:47:27 PM,00:18,TVH (Transvaginal hysterectomy),No,No,3,1,Center
18,4:47:27 PM,4:47:58 PM,00:31,TVH (Transvaginal hysterectomy),No,No,3,1,Center
2,4:47:58 PM,4:48:01 PM,00:03,TVH (Transvaginal hysterectomy),No,No,3,1,Center
1,4:48:01 PM,4:48:05 PM,00:04,TVH (Transvaginal hysterectomy),No,No,3,1,Center
2,4:48:05 PM,4:48:22 PM,00:17,TVH (Transvaginal hysterectomy),No,No,3,1,Left
6,4:48:22 PM,4:48:29 PM,00:07,TVH (Transvaginal hysterectomy),No,No,3,1,Left
2,4:48:29 PM,4:48:30 PM,00:01,TVH (Transvaginal hysterectomy),No,No,3,1,Left
18,4:48:30 PM,4:48:32 PM,00:02,TVH (Transvaginal hysterectomy),No,No,3,1,Left
17,4:48:32 PM,4:48:43 PM,00:11,TVH (Transvaginal hysterectomy),No,No,3,1,Left
18,4:48:43 PM,4:48:51 PM,00:08,TVH (Transvaginal hysterectomy),No,No,3,1,Left
22,4:48:51 PM,4:49:19 PM,00:28,TVH (Transvaginal hysterectomy),No,No,3,1,Left
18,4:49:19 PM,4:50:04 PM,00:45,TVH (Transvaginal hysterectomy),No,No,3,1,Left
17,4:50:04 PM,4:50:16 PM,00:12,TVH (Transvaginal hysterectomy),No,No,3,1,Left
25,4:50:16 PM,4:50:21 PM,00:05,TVH (Transvaginal hysterectomy),No,No,3,1,Left
17,4:50:21 PM,4:50:56 PM,00:35,TVH (Transvaginal hysterectomy),No,No,3,1,Left
18,4:50:56 PM,4:50:58 PM,00:02,TVH (Transvaginal hysterectomy),No,No,3,1,Left
2,4:50:58 PM,4:51:31 PM,00:33,TVH (Transvaginal hysterectomy),No,No,3,1,Left
6,4:51:31 PM,4:51:36 PM,00:05,TVH (Transvaginal hysterectomy),No,No,3,1,Left
2,4:51:36 PM,4:51:37 PM,00:01,TVH (Transvaginal hysterectomy),No,No,3,1,Left
4,4:51:37 PM,4:51:52 PM,00:15,TVH (Transvaginal hysterectomy),No,No,3,1,Left
12,4:51:52 PM,4:51:56 PM,00:04,TVH (Transvaginal hysterectomy),No,No,3,1,Left
4,4:51:55 PM,4:52:04 PM,00:09,TVH (Transvaginal hysterectomy),No,No,3,1,Left
2,4:52:04 PM,4:52:04 PM,00:00,TVH (Transvaginal hysterectomy),No,No,3,1,Left
1,4:52:04 PM,4:52:09 PM,00:05,TVH (Transvaginal hysterectomy),No,No,3,1,Left
2,4:52:09 PM,4:52:10 PM,00:01,TVH (Transvaginal hysterectomy),No,No,3,1,Center
18,4:52:10 PM,4:52:11 PM,00:01,TVH (Transvaginal hysterectomy),No,No,3,1,Center
2,4:52:11 PM,4:52:33 PM,00:22,TVH (Transvaginal hysterectomy),No,No,3,1,Center
10,4:52:33 PM,4:52:34 PM,00:01,TVH (Transvaginal hysterectomy),No,No,3,1,Center
2,4:52:34 PM,4:52:53 PM,00:19,TVH (Transvaginal hysterectomy),No,No,3,1,Center
18,4:52:53 PM,4:52:54 PM,00:01,TVH (Transvaginal hysterectomy),No,No,3,1,Center
2,4:52:54 PM,4:53:13 PM,00:19,TVH (Transvaginal hysterectomy),No,No,3,1,Center
18,4:53:13 PM,4:53:15 PM,00:02,TVH (Transvaginal hysterectomy),No,No,3,1,Center
2,4:53:15 PM,4:53:47 PM,00:32,TVH (Transvaginal hysterectomy),No,No,3,1,Center
10,4:53:47 PM,4:53:52 PM,00:05,TVH (Transvaginal hysterectomy),No,No,3,1,Center
2,4:53:52 PM,4:54:39 PM,00:47,TVH (Transvaginal hysterectomy),No,No,3,1,Center
18,4:54:39 PM,4:54:41 PM,00:02,TVH (Transvaginal hysterectomy),No,No,3,1,Center
26,4:54:41 PM,4:54:42 PM,00:01,TVH (Transvaginal hysterectomy),No,No,3,1,Center
10,4:54:42 PM,4:54:47 PM,00:05,TVH (Transvaginal hysterectomy),No,No,3,1,Center
2,4:54:47 PM,4:54:55 PM,00:08,TVH (Transvaginal hysterectomy),No,No,3,1,Center
10,4:54:55 PM,4:55:13 PM,00:18,TVH (Transvaginal hysterectomy),No,No,3,1,Center
2,4:55:13 PM,4:55:44 PM,00:31,TVH (Transvaginal hysterectomy),No,No,3,1,Center
4,4:55:44 PM,4:56:04 PM,00:20,TVH (Transvaginal hysterectomy),No,No,3,1,Center
2,4:56:04 PM,4:56:21 PM,00:17,TVH (Transvaginal hysterectomy),No,No,3,1,Center
1,4:56:21 PM,4:56:24 PM,00:03,TVH (Transvaginal hysterectomy),No,No,3,1,Center
2,4:56:24 PM,4:56:25 PM,00:01,TVH (Transvaginal hysterectomy),No,No,3,1,Left
4,4:56:25 PM,4:56:46 PM,00:21,TVH (Transvaginal hysterectomy),No,No,3,1,Left
2,4:56:46 PM,4:56:56 PM,00:10,TVH (Transvaginal hysterectomy),No,No,3,1,Left
10,4:56:56 PM,4:56:58 PM,00:02,TVH (Transvaginal hysterectomy),No,No,3,1,Left
2,4:56:58 PM,4:57:05 PM,00:07,TVH (Transvaginal hysterectomy),No,No,3,1,Left
6,4:57:05 PM,4:57:08 PM,00:03,TVH (Transvaginal hysterectomy),No,No,3,1,Left
14,4:57:08 PM,4:57:10 PM,00:02,TVH (Transvaginal hysterectomy),No,No,3,1,Left
6,4:57:10 PM,4:57:57 PM,00:47,TVH (Transvaginal hysterectomy),No,No,3,1,Left
14,4:57:57 PM,4:57:59 PM,00:02,TVH (Transvaginal hysterectomy),No,No,3,1,Left
6,4:57:59 PM,4:57:59 PM,00:00,TVH (Transvaginal hysterectomy),No,No,3,1,Left
22,4:57:59 PM,4:58:18 PM,00:19,TVH (Transvaginal hysterectomy),No,No,3,1,Left
18,4:58:18 PM,4:58:18 PM,00:00,TVH (Transvaginal hysterectomy),No,No,3,1,Left
17,4:58:18 PM,4:58:18 PM,00:00,TVH (Transvaginal hysterectomy),No,No,3,1,Left
1,4:58:18 PM,4:58:18 PM,00:00,TVH (Transvaginal hysterectomy),No,No,3,1,Left
2,4:59:08 PM,4:59:10 PM,00:02,BSO (Biateral salpingo-oophrectomy),No,No,4,2,Center
18,4:59:10 PM,4:59:14 PM,00:04,BSO (Biateral salpingo-oophrectomy),No,No,4,2,Center
26,4:59:14 PM,4:59:22 PM,00:08,BSO (Biateral salpingo-oophrectomy),No,No,4,2,Center
18,4:59:22 PM,4:59:34 PM,00:12,BSO (Biateral salpingo-oophrectomy),No,No,4,2,Center
20,4:59:34 PM,4:59:48 PM,00:14,BSO (Biateral salpingo-oophrectomy),No,No,4,2,Center
18,4:59:48 PM,4:59:54 PM,00:06,BSO (Biateral salpingo-oophrectomy),No,No,4,2,Center
2,4:59:54 PM,4:59:59 PM,00:05,BSO (Biateral salpingo-oophrectomy),No,No,4,2,Center
18,4:59:59 PM,5:00:31 PM,00:32,BSO (Biateral salpingo-oophrectomy),No,No,4,2,Center
2,5:00:31 PM,5:01:13 PM,00:42,BSO (Biateral salpingo-oophrectomy),No,No,4,2,Center
10,5:01:13 PM,5:01:17 PM,00:04,BSO (Biateral salpingo-oophrectomy),No,No,4,2,Center
2,5:01:17 PM,5:02:53 PM,01:36,BSO (Biateral salpingo-oophrectomy),No,No,4,2,Center
18,5:02:53 PM,5:02:56 PM,00:03,BSO (Biateral salpingo-oophrectomy),No,No,4,2,Center
2,5:02:56 PM,5:02:57 PM,00:01,BSO (Biateral salpingo-oophrectomy),No,No,4,2,Center
18,5:02:57 PM,5:03:23 PM,00:26,BSO (Biateral salpingo-oophrectomy),No,No,4,2,Center
2,5:03:23 PM,5:03:24 PM,00:01,BSO (Biateral salpingo-oophrectomy),No,No,4,2,Center
1,5:03:24 PM,5:03:29 PM,00:05,BSO (Biateral salpingo-oophrectomy),No,No,4,2,Center
2,5:03:29 PM,5:03:49 PM,00:20,BSO (Biateral salpingo-oophrectomy),No,No,4,2,Left
10,5:03:49 PM,5:03:50 PM,00:01,BSO (Biateral salpingo-oophrectomy),No,No,4,2,Right
9,5:03:50 PM,5:03:50 PM,00:00,BSO (Biateral salpingo-oophrectomy),No,No,4,2,Right
10,5:03:50 PM,5:03:53 PM,00:03,BSO (Biateral salpingo-oophrectomy),No,No,4,2,Right
12,5:03:53 PM,5:03:56 PM,00:03,BSO (Biateral salpingo-oophrectomy),No,No,4,2,Right
10,5:03:56 PM,5:04:22 PM,00:26,BSO (Biateral salpingo-oophrectomy),No,No,4,2,Right
14,5:04:22 PM,5:04:36 PM,00:14,BSO (Biateral salpingo-oophrectomy),No,No,4,2,Right
13,5:04:36 PM,5:04:54 PM,00:18,BSO (Biateral salpingo-oophrectomy),No,No,4,2,Right
9,5:04:54 PM,5:04:57 PM,00:03,BSO (Biateral salpingo-oophrectomy),No,No,4,2,Right
25,5:04:57 PM,5:04:58 PM,00:01,BSO (Biateral salpingo-oophrectomy),No,No,4,2,Right
9,5:04:58 PM,5:05:00 PM,00:02,BSO (Biateral salpingo-oophrectomy),No,No,4,2,Right
10,5:05:00 PM,5:05:02 PM,00:02,BSO (Biateral salpingo-oophrectomy),No,No,4,2,Right
14,5:05:02 PM,5:05:05 PM,00:03,BSO (Biateral salpingo-oophrectomy),No,No,4,2,Right
13,5:05:05 PM,5:05:10 PM,00:05,BSO (Biateral salpingo-oophrectomy),No,No,4,2,Right
14,5:05:10 PM,5:06:31 PM,01:21,BSO (Biateral salpingo-oophrectomy),No,No,4,2,Right
10,5:06:31 PM,5:06:56 PM,00:25,BSO (Biateral salpingo-oophrectomy),No,No,4,2,Right
9,5:06:56 PM,5:07:19 PM,00:23,BSO (Biateral salpingo-oophrectomy),No,No,4,2,Right
10,5:07:19 PM,5:07:48 PM,00:29,BSO (Biateral salpingo-oophrectomy),No,No,4,2,Right
2,5:07:48 PM,5:07:51 PM,00:03,BSO (Biateral salpingo-oophrectomy),No,No,4,2,Right
10,5:07:51 PM,5:07:53 PM,00:02,BSO (Biateral salpingo-oophrectomy),No,No,4,2,Right
14,5:07:53 PM,5:08:03 PM,00:10,BSO (Biateral salpingo-oophrectomy),No,No,4,2,Right
10,5:08:03 PM,5:08:04 PM,00:01,BSO (Biateral salpingo-oophrectomy),No,No,4,2,Right
12,5:08:04 PM,5:08:07 PM,00:03,BSO (Biateral salpingo-oophrectomy),No,No,4,2,Right
4,5:08:07 PM,5:08:19 PM,00:12,BSO (Biateral salpingo-oophrectomy),No,No,4,2,Right
12,5:08:19 PM,5:08:35 PM,00:16,BSO (Biateral salpingo-oophrectomy),No,No,4,2,Right
4,5:08:35 PM,5:08:37 PM,00:02,BSO (Biateral salpingo-oophrectomy),No,No,4,2,Right
2,5:08:37 PM,5:08:38 PM,00:01,BSO (Biateral salpingo-oophrectomy),No,No,4,2,Right
10,5:08:38 PM,5:08:39 PM,00:01,BSO (Biateral salpingo-oophrectomy),No,No,4,2,Right
2,5:08:39 PM,5:09:00 PM,00:21,BSO (Biateral salpingo-oophrectomy),No,No,4,2,Right
6,5:09:00 PM,5:09:01 PM,00:01,BSO (Biateral salpingo-oophrectomy),No,No,4,2,Right
14,5:09:01 PM,5:09:06 PM,00:05,BSO (Biateral salpingo-oophrectomy),No,No,4,2,Right
10,5:09:06 PM,5:09:07 PM,00:01,BSO (Biateral salpingo-oophrectomy),No,No,4,2,Right
14,5:09:07 PM,5:09:09 PM,00:02,BSO (Biateral salpingo-oophrectomy),No,No,4,2,Right
6,5:09:09 PM,5:09:14 PM,00:05,BSO (Biateral salpingo-oophrectomy),No,No,4,2,Right
8,5:09:14 PM,5:09:14 PM,00:00,BSO (Biateral salpingo-oophrectomy),No,No,4,2,Right
4,5:09:14 PM,5:09:17 PM,00:03,BSO (Biateral salpingo-oophrectomy),No,No,4,2,Right
12,5:09:17 PM,5:09:19 PM,00:02,BSO (Biateral salpingo-oophrectomy),No,No,4,2,Right
4,5:09:19 PM,5:09:22 PM,00:03,BSO (Biateral salpingo-oophrectomy),No,No,4,2,Right
8,5:09:22 PM,5:09:38 PM,00:16,BSO (Biateral salpingo-oophrectomy),No,No,4,2,Right
4,5:09:38 PM,5:09:41 PM,00:03,BSO (Biateral salpingo-oophrectomy),No,No,4,2,Right
8,5:09:41 PM,5:10:20 PM,00:39,BSO (Biateral salpingo-oophrectomy),No,No,4,2,Right
6,5:10:20 PM,5:10:21 PM,00:01,BSO (Biateral salpingo-oophrectomy),No,No,4,2,Right
2,5:10:21 PM,5:10:23 PM,00:02,BSO (Biateral salpingo-oophrectomy),No,No,4,2,Right
1,5:10:23 PM,5:10:23 PM,00:00,BSO (Biateral salpingo-oophrectomy),No,No,4,2,Right
2,5:10:23 PM,5:10:24 PM,00:01,BSO (Biateral salpingo-oophrectomy),No,No,4,2,Right
1,5:10:24 PM,5:10:41 PM,00:17,BSO (Biateral salpingo-oophrectomy),No,No,4,2,Right
2,5:10:41 PM,5:10:44 PM,00:03,BSO (Biateral salpingo-oophrectomy),No,No,4,2,Right
6,5:10:44 PM,5:10:46 PM,00:02,BSO (Biateral salpingo-oophrectomy),No,No,4,2,Right
8,5:10:46 PM,5:11:28 PM,00:42,BSO (Biateral salpingo-oophrectomy),No,No,4,2,Right
16,5:11:28 PM,5:11:30 PM,00:02,BSO (Biateral salpingo-oophrectomy),No,No,4,2,Right
8,5:11:30 PM,5:11:43 PM,00:13,BSO (Biateral salpingo-oophrectomy),No,No,4,2,Right
24,5:11:43 PM,5:11:44 PM,00:01,BSO (Biateral salpingo-oophrectomy),No,No,4,2,Right
20,5:11:44 PM,5:11:52 PM,00:08,BSO (Biateral salpingo-oophrectomy),No,No,4,2,Right
18,5:11:52 PM,5:11:54 PM,00:02,BSO (Biateral salpingo-oophrectomy),No,No,4,2,Right
2,5:11:54 PM,5:12:27 PM,00:33,BSO (Biateral salpingo-oophrectomy),No,No,4,2,Right
10,5:12:27 PM,5:12:29 PM,00:02,BSO (Biateral salpingo-oophrectomy),No,No,4,2,Right
2,5:12:29 PM,5:13:41 PM,01:12,BSO (Biateral salpingo-oophrectomy),No,No,4,2,Right
18,5:13:41 PM,5:13:52 PM,00:11,BSO (Biateral salpingo-oophrectomy),No,No,4,2,Right
26,5:13:52 PM,5:13:53 PM,00:01,BSO (Biateral salpingo-oophrectomy),No,No,4,2,Right
10,5:13:53 PM,5:14:46 PM,00:53,BSO (Biateral salpingo-oophrectomy),No,No,4,2,Right
2,5:14:46 PM,5:15:01 PM,00:15,BSO (Biateral salpingo-oophrectomy),No,No,4,2,Right
18,5:15:01 PM,5:15:16 PM,00:15,BSO (Biateral salpingo-oophrectomy),No,No,4,2,Right
2,5:15:16 PM,5:15:19 PM,00:03,BSO (Biateral salpingo-oophrectomy),No,No,4,2,Right
10,5:15:19 PM,5:15:20 PM,00:01,BSO (Biateral salpingo-oophrectomy),No,No,4,2,Right
2,5:15:20 PM,5:15:59 PM,00:39,BSO (Biateral salpingo-oophrectomy),No,No,4,2,Right
10,5:15:59 PM,5:16:00 PM,00:01,BSO (Biateral salpingo-oophrectomy),No,No,4,2,Right
12,5:16:00 PM,5:16:02 PM,00:02,BSO (Biateral salpingo-oophrectomy),No,No,4,2,Right
10,5:16:02 PM,5:16:04 PM,00:02,BSO (Biateral salpingo-oophrectomy),No,No,4,2,Right
2,5:16:04 PM,5:16:23 PM,00:19,BSO (Biateral salpingo-oophrectomy),No,No,4,2,Right
10,5:16:23 PM,5:16:29 PM,00:06,BSO (Biateral salpingo-oophrectomy),No,No,4,2,Right
12,5:16:29 PM,5:16:38 PM,00:09,BSO (Biateral salpingo-oophrectomy),No,No,4,2,Right
10,5:16:38 PM,5:16:38 PM,00:00,BSO (Biateral salpingo-oophrectomy),No,No,4,2,Right
2,5:16:38 PM,5:16:43 PM,00:05,BSO (Biateral salpingo-oophrectomy),No,No,4,2,Right
10,5:16:43 PM,5:17:01 PM,00:18,BSO (Biateral salpingo-oophrectomy),No,No,4,2,Right
2,5:17:01 PM,5:17:20 PM,00:19,BSO (Biateral salpingo-oophrectomy),No,No,4,2,Right
10,5:17:20 PM,5:17:26 PM,00:06,BSO (Biateral salpingo-oophrectomy),No,No,4,2,Right
2,5:17:26 PM,5:17:57 PM,00:31,BSO (Biateral salpingo-oophrectomy),No,No,4,2,Right
10,5:17:57 PM,5:17:58 PM,00:01,BSO (Biateral salpingo-oophrectomy),No,No,4,2,Right
2,5:17:58 PM,5:19:03 PM,01:05,BSO (Biateral salpingo-oophrectomy),No,No,4,2,Right
10,5:19:03 PM,5:19:03 PM,00:00,BSO (Biateral salpingo-oophrectomy),No,No,4,2,Right
26,5:19:03 PM,5:19:05 PM,00:02,BSO (Biateral salpingo-oophrectomy),No,No,4,2,Right
30,5:19:05 PM,5:19:06 PM,00:01,BSO (Biateral salpingo-oophrectomy),No,No,4,2,Right
14,5:19:06 PM,5:19:10 PM,00:04,BSO (Biateral salpingo-oophrectomy),No,No,4,2,Right
16,5:19:10 PM,5:19:10 PM,00:00,BSO (Biateral salpingo-oophrectomy),No,No,4,2,Right
12,5:19:10 PM,5:19:31 PM,00:21,BSO (Biateral salpingo-oophrectomy),No,No,4,2,Right
4,5:19:31 PM,5:19:36 PM,00:05,BSO (Biateral salpingo-oophrectomy),No,No,4,2,Right
2,5:19:36 PM,5:19:43 PM,00:07,BSO (Biateral salpingo-oophrectomy),No,No,4,2,Right
18,5:19:43 PM,5:19:50 PM,00:07,BSO (Biateral salpingo-oophrectomy),No,No,4,2,Right
22,5:19:50 PM,5:20:14 PM,00:24,BSO (Biateral salpingo-oophrectomy),No,No,4,2,Right
30,5:20:14 PM,5:20:15 PM,00:01,BSO (Biateral salpingo-oophrectomy),No,No,4,2,Right
14,5:20:15 PM,5:20:17 PM,00:02,BSO (Biateral salpingo-oophrectomy),No,No,4,2,Right
10,5:20:17 PM,5:20:47 PM,00:30,BSO (Biateral salpingo-oophrectomy),No,No,4,2,Right
12,5:20:47 PM,5:21:15 PM,00:28,BSO (Biateral salpingo-oophrectomy),No,No,4,2,Right
4,5:21:15 PM,5:21:15 PM,00:00,BSO (Biateral salpingo-oophrectomy),No,No,4,2,Right
2,5:21:15 PM,5:21:20 PM,00:05,BSO (Biateral salpingo-oophrectomy),No,No,4,2,Right
1,5:21:20 PM,5:21:21 PM,00:01,BSO (Biateral salpingo-oophrectomy),No,No,4,2,Center
2,5:21:21 PM,5:21:24 PM,00:03,BSO (Biateral salpingo-oophrectomy),No,No,4,2,Center
18,5:21:24 PM,5:21:26 PM,00:02,BSO (Biateral salpingo-oophrectomy),No,No,4,2,Center
22,5:21:26 PM,5:21:49 PM,00:23,BSO (Biateral salpingo-oophrectomy),No,No,4,2,Center
30,5:21:49 PM,5:21:51 PM,00:02,BSO (Biateral salpingo-oophrectomy),No,No,4,2,Center
22,5:21:51 PM,5:21:53 PM,00:02,BSO (Biateral salpingo-oophrectomy),No,No,4,2,Center
30,5:21:53 PM,5:21:55 PM,00:02,BSO (Biateral salpingo-oophrectomy),No,No,4,2,Center
14,5:21:55 PM,5:21:57 PM,00:02,BSO (Biateral salpingo-oophrectomy),No,No,4,2,Center
16,5:21:57 PM,5:21:57 PM,00:00,BSO (Biateral salpingo-oophrectomy),No,No,4,2,Center
12,5:21:57 PM,5:22:06 PM,00:09,BSO (Biateral salpingo-oophrectomy),No,No,4,2,Center
10,5:22:06 PM,5:22:07 PM,00:01,BSO (Biateral salpingo-oophrectomy),No,No,4,2,Center
2,5:22:07 PM,5:22:11 PM,00:04,BSO (Biateral salpingo-oophrectomy),No,No,4,2,Center
6,5:22:11 PM,5:22:13 PM,00:02,BSO (Biateral salpingo-oophrectomy),No,No,4,2,Center
2,5:22:13 PM,5:22:17 PM,00:04,BSO (Biateral salpingo-oophrectomy),No,No,4,2,Center
18,5:22:17 PM,5:22:20 PM,00:03,BSO (Biateral salpingo-oophrectomy),No,No,4,2,Center
22,5:22:20 PM,5:22:37 PM,00:17,BSO (Biateral salpingo-oophrectomy),No,No,4,2,Center
6,5:22:37 PM,5:22:50 PM,00:13,BSO (Biateral salpingo-oophrectomy),No,No,4,2,Center
22,5:22:50 PM,5:23:09 PM,00:19,BSO (Biateral salpingo-oophrectomy),No,No,4,2,Center
6,5:23:09 PM,5:23:10 PM,00:01,BSO (Biateral salpingo-oophrectomy),No,No,4,2,Center
2,5:23:10 PM,5:23:20 PM,00:10,BSO (Biateral salpingo-oophrectomy),No,No,4,2,Center
10,5:23:20 PM,5:23:24 PM,00:04,BSO (Biateral salpingo-oophrectomy),No,No,4,2,Center
26,5:23:24 PM,5:23:32 PM,00:08,BSO (Biateral salpingo-oophrectomy),No,No,4,2,Center
10,5:23:32 PM,5:23:33 PM,00:01,BSO (Biateral salpingo-oophrectomy),No,No,4,2,Center
2,5:23:33 PM,5:23:47 PM,00:14,BSO (Biateral salpingo-oophrectomy),No,No,4,2,Center
6,5:23:47 PM,5:23:50 PM,00:03,BSO (Biateral salpingo-oophrectomy),No,No,4,2,Center
2,5:23:50 PM,5:23:57 PM,00:07,BSO (Biateral salpingo-oophrectomy),No,No,4,2,Center
1,5:23:57 PM,5:24:29 PM,00:32,BSO (Biateral salpingo-oophrectomy),No,No,4,2,Center
2,5:24:29 PM,5:24:53 PM,00:24,BSO (Biateral salpingo-oophrectomy),No,No,4,2,Center
1,5:24:53 PM,5:24:58 PM,00:05,BSO (Biateral salpingo-oophrectomy),No,No,4,2,Center
2,5:24:58 PM,5:25:20 PM,00:22,BSO (Biateral salpingo-oophrectomy),No,No,4,2,Left
18,5:25:20 PM,5:25:28 PM,00:08,BSO (Biateral salpingo-oophrectomy),No,No,4,2,Left
2,5:25:28 PM,5:25:32 PM,00:04,BSO (Biateral salpingo-oophrectomy),No,No,4,2,Left
1,5:25:32 PM,5:26:13 PM,00:41,BSO (Biateral salpingo-oophrectomy),No,No,4,2,Left
2,5:26:13 PM,5:26:15 PM,00:02,BSO (Biateral salpingo-oophrectomy),No,No,4,2,Left
6,5:26:15 PM,5:26:32 PM,00:17,BSO (Biateral salpingo-oophrectomy),No,No,4,2,Left
2,5:26:32 PM,5:26:33 PM,00:01,BSO (Biateral salpingo-oophrectomy),No,No,4,2,Left
1,5:26:33 PM,5:26:51 PM,00:18,BSO (Biateral salpingo-oophrectomy),No,No,4,2,Left
2,5:27:23 PM,5:27:40 PM,00:17,TVH (Transvaginal hysterectomy),No,No,5,3,Left
6,5:27:40 PM,5:27:56 PM,00:16,TVH (Transvaginal hysterectomy),No,No,5,3,Left
14,5:27:56 PM,5:27:57 PM,00:01,TVH (Transvaginal hysterectomy),No,No,5,3,Left
6,5:27:57 PM,5:28:11 PM,00:14,TVH (Transvaginal hysterectomy),No,No,5,3,Left
2,5:28:11 PM,5:28:12 PM,00:01,TVH (Transvaginal hysterectomy),No,No,5,3,Left
1,5:28:12 PM,5:29:26 PM,01:14,TVH (Transvaginal hysterectomy),No,No,5,3,Left
2,5:29:26 PM,5:29:27 PM,00:01,TVH (Transvaginal hysterectomy),No,No,5,3,Left
6,5:29:27 PM,5:29:40 PM,00:13,TVH (Transvaginal hysterectomy),No,No,5,3,Left
2,5:29:40 PM,5:29:55 PM,00:15,TVH (Transvaginal hysterectomy),No,No,5,3,Left
10,5:29:55 PM,5:29:56 PM,00:01,TVH (Transvaginal hysterectomy),No,No,5,3,Left
2,5:29:56 PM,5:29:58 PM,00:02,TVH (Transvaginal hysterectomy),No,No,5,3,Left
10,5:29:58 PM,5:30:00 PM,00:02,TVH (Transvaginal hysterectomy),No,No,5,3,Left
2,5:30:00 PM,5:30:13 PM,00:13,TVH (Transvaginal hysterectomy),No,No,5,3,Left
6,5:30:13 PM,5:30:19 PM,00:06,TVH (Transvaginal hysterectomy),No,No,5,3,Left
2,5:30:19 PM,5:30:22 PM,00:03,TVH (Transvaginal hysterectomy),No,No,5,3,Left
18,5:30:22 PM,5:31:15 PM,00:53,TVH (Transvaginal hysterectomy),No,No,5,3,Left
17,5:31:15 PM,5:32:10 PM,00:55,TVH (Transvaginal hysterectomy),No,No,5,3,Left
19,5:32:10 PM,5:32:11 PM,00:01,TVH (Transvaginal hysterectomy),No,No,5,3,Left
3,5:32:11 PM,5:32:11 PM,00:00,TVH (Transvaginal hysterectomy),No,No,5,3,Left
4,5:32:11 PM,5:32:20 PM,00:09,TVH (Transvaginal hysterectomy),No,No,5,3,Left
8,5:32:20 PM,5:32:23 PM,00:03,TVH (Transvaginal hysterectomy),No,No,5,3,Left
6,5:32:23 PM,5:32:23 PM,00:00,TVH (Transvaginal hysterectomy),No,No,5,3,Left
2,5:32:23 PM,5:32:28 PM,00:05,TVH (Transvaginal hysterectomy),No,No,5,3,Left
6,5:32:28 PM,5:32:40 PM,00:12,TVH (Transvaginal hysterectomy),No,No,5,3,Left
22,5:32:40 PM,5:32:41 PM,00:01,TVH (Transvaginal hysterectomy),No,No,5,3,Left
6,5:32:41 PM,5:32:46 PM,00:05,TVH (Transvaginal hysterectomy),No,No,5,3,Left
8,5:32:46 PM,5:32:55 PM,00:09,TVH (Transvaginal hysterectomy),No,No,5,3,Left
6,5:32:55 PM,5:33:07 PM,00:12,TVH (Transvaginal hysterectomy),No,No,5,3,Left
2,5:33:07 PM,5:33:09 PM,00:02,TVH (Transvaginal hysterectomy),No,No,5,3,Left
1,5:33:09 PM,5:33:15 PM,00:06,TVH (Transvaginal hysterectomy),No,No,5,3,Left
2,5:33:15 PM,5:33:16 PM,00:01,TVH (Transvaginal hysterectomy),No,No,5,3,Center
18,5:33:16 PM,5:33:27 PM,00:11,TVH (Transvaginal hysterectomy),No,No,5,3,Center
2,5:33:27 PM,5:33:29 PM,00:02,TVH (Transvaginal hysterectomy),No,No,5,3,Center
18,5:33:29 PM,5:33:53 PM,00:24,TVH (Transvaginal hysterectomy),No,No,5,3,Center
2,5:33:53 PM,5:34:01 PM,00:08,TVH (Transvaginal hysterectomy),No,No,5,3,Center
1,5:34:01 PM,5:34:03 PM,00:02,TVH (Transvaginal hysterectomy),No,No,5,3,Left
2,5:34:03 PM,5:34:07 PM,00:04,TVH (Transvaginal hysterectomy),No,No,5,3,Left
6,5:34:07 PM,5:34:41 PM,00:34,TVH (Transvaginal hysterectomy),No,No,5,3,Left
22,5:34:41 PM,5:35:09 PM,00:28,TVH (Transvaginal hysterectomy),No,No,5,3,Left
18,5:35:09 PM,5:35:21 PM,00:12,TVH (Transvaginal hysterectomy),No,No,5,3,Left
22,5:35:21 PM,5:35:23 PM,00:02,TVH (Transvaginal hysterectomy),No,No,5,3,Left
24,5:35:23 PM,5:35:25 PM,00:02,TVH (Transvaginal hysterectomy),No,No,5,3,Left
8,5:35:25 PM,5:35:55 PM,00:30,TVH (Transvaginal hysterectomy),No,No,5,3,Left
6,5:35:55 PM,5:35:59 PM,00:04,TVH (Transvaginal hysterectomy),No,No,5,3,Left
2,5:35:59 PM,5:36:12 PM,00:13,TVH (Transvaginal hysterectomy),No,No,5,3,Left
10,5:36:12 PM,5:36:18 PM,00:06,TVH (Transvaginal hysterectomy),No,No,5,3,Left
2,5:36:18 PM,5:36:46 PM,00:28,TVH (Transvaginal hysterectomy),No,No,5,3,Left
18,5:36:46 PM,5:36:50 PM,00:04,TVH (Transvaginal hysterectomy),No,No,5,3,Left
2,5:36:50 PM,5:37:06 PM,00:16,TVH (Transvaginal hysterectomy),No,No,5,3,Left
18,5:37:06 PM,5:37:10 PM,00:04,TVH (Transvaginal hysterectomy),No,No,5,3,Left
2,5:37:10 PM,5:37:11 PM,00:01,TVH (Transvaginal hysterectomy),No,No,5,3,Left
1,5:37:11 PM,5:37:20 PM,00:09,TVH (Transvaginal hysterectomy),No,No,5,3,Left
2,5:37:20 PM,5:37:25 PM,00:05,TVH (Transvaginal hysterectomy),No,No,5,3,Left
1,5:37:25 PM,5:37:30 PM,00:05,TVH (Transvaginal hysterectomy),No,No,5,3,Left
9,5:37:30 PM,5:37:32 PM,00:02,TVH (Transvaginal hysterectomy),No,No,5,3,Left
1,5:37:32 PM,5:37:45 PM,00:13,TVH (Transvaginal hysterectomy),No,No,5,3,Left
2,5:37:45 PM,5:38:05 PM,00:20,TVH (Transvaginal hysterectomy),No,No,5,3,Left
1,5:38:05 PM,5:38:08 PM,00:03,TVH (Transvaginal hysterectomy),No,No,5,3,Left
2,5:38:08 PM,5:38:47 PM,00:39,TVH (Transvaginal hysterectomy),No,No,5,3,Left
1,5:38:47 PM,5:38:55 PM,00:08,TVH (Transvaginal hysterectomy),No,No,5,3,Left
2,5:38:55 PM,5:38:56 PM,00:01,TVH (Transvaginal hysterectomy),No,No,5,3,Left
6,5:38:56 PM,5:38:57 PM,00:01,TVH (Transvaginal hysterectomy),No,No,5,3,Left
8,5:38:57 PM,5:39:10 PM,00:13,TVH (Transvaginal hysterectomy),No,No,5,3,Left
6,5:39:10 PM,5:39:10 PM,00:00,TVH (Transvaginal hysterectomy),No,No,5,3,Left
2,5:39:10 PM,5:39:40 PM,00:30,TVH (Transvaginal hysterectomy),No,No,5,3,Left
4,5:39:40 PM,5:39:42 PM,00:02,TVH (Transvaginal hysterectomy),No,No,5,3,Left
2,5:39:42 PM,5:40:54 PM,01:12,TVH (Transvaginal hysterectomy),No,No,5,3,Left
6,5:40:54 PM,5:41:20 PM,00:26,TVH (Transvaginal hysterectomy),No,No,5,3,Left
2,5:41:20 PM,5:41:26 PM,00:06,TVH (Transvaginal hysterectomy),No,No,5,3,Left
10,5:41:26 PM,5:41:29 PM,00:03,TVH (Transvaginal hysterectomy),No,No,5,3,Left
2,5:41:29 PM,5:41:54 PM,00:25,TVH (Transvaginal hysterectomy),No,No,5,3,Left
1,5:41:54 PM,5:42:18 PM,00:24,TVH (Transvaginal hysterectomy),No,No,5,3,Left
2,5:42:18 PM,5:42:19 PM,00:01,TVH (Transvaginal hysterectomy),No,No,5,3,Left
6,5:42:19 PM,5:42:34 PM,00:15,TVH (Transvaginal hysterectomy),No,No,5,3,Left
14,5:42:34 PM,5:42:38 PM,00:04,TVH (Transvaginal hysterectomy),No,No,5,3,Left
6,5:42:38 PM,5:42:40 PM,00:02,TVH (Transvaginal hysterectomy),No,No,5,3,Left
2,5:42:40 PM,5:42:43 PM,00:03,TVH (Transvaginal hysterectomy),No,No,5,3,Left
1,5:42:43 PM,5:42:45 PM,00:02,TVH (Transvaginal hysterectomy),No,No,5,3,Left
2,5:42:45 PM,5:42:48 PM,00:03,TVH (Transvaginal hysterectomy),No,No,5,3,Left
6,5:42:48 PM,5:43:18 PM,00:30,TVH (Transvaginal hysterectomy),No,No,5,3,Left
2,5:43:18 PM,5:43:21 PM,00:03,TVH (Transvaginal hysterectomy),No,No,5,3,Left
6,5:43:21 PM,5:43:50 PM,00:29,TVH (Transvaginal hysterectomy),No,No,5,3,Left
2,5:43:50 PM,5:44:11 PM,00:21,TVH (Transvaginal hysterectomy),No,No,5,3,Left
10,5:44:11 PM,5:44:13 PM,00:02,TVH (Transvaginal hysterectomy),No,No,5,3,Left
26,5:44:13 PM,5:44:16 PM,00:03,TVH (Transvaginal hysterectomy),No,No,5,3,Left
25,5:44:16 PM,5:44:21 PM,00:05,TVH (Transvaginal hysterectomy),No,No,5,3,Left
17,5:44:21 PM,5:44:22 PM,00:01,TVH (Transvaginal hysterectomy),No,No,5,3,Left
1,5:44:22 PM,5:44:44 PM,00:22,TVH (Transvaginal hysterectomy),No,No,5,3,Left
2,5:44:44 PM,5:45:18 PM,00:34,TVH (Transvaginal hysterectomy),No,No,5,3,Left
1,5:45:18 PM,5:45:55 PM,00:37,TVH (Transvaginal hysterectomy),No,No,5,3,Left
2,5:45:55 PM,5:45:59 PM,00:04,TVH (Transvaginal hysterectomy),No,No,5,3,Left
6,5:45:59 PM,5:46:07 PM,00:08,TVH (Transvaginal hysterectomy),No,No,5,3,Left
8,5:46:07 PM,5:46:13 PM,00:06,TVH (Transvaginal hysterectomy),No,No,5,3,Left
6,5:46:13 PM,5:46:45 PM,00:32,TVH (Transvaginal hysterectomy),No,No,5,3,Left
2,5:46:45 PM,5:46:45 PM,00:00,TVH (Transvaginal hysterectomy),No,No,5,3,Left
1,5:46:45 PM,5:46:49 PM,00:04,TVH (Transvaginal hysterectomy),No,No,5,3,Left
2,5:46:49 PM,5:47:05 PM,00:16,TVH (Transvaginal hysterectomy),No,No,5,3,Left
1,5:47:05 PM,5:47:20 PM,00:15,TVH (Transvaginal hysterectomy),No,No,5,3,Left
2,5:47:20 PM,5:47:22 PM,00:02,TVH (Transvaginal hysterectomy),No,No,5,3,Left
6,5:47:22 PM,5:47:47 PM,00:25,TVH (Transvaginal hysterectomy),No,No,5,3,Left
2,5:47:47 PM,5:48:20 PM,00:33,TVH (Transvaginal hysterectomy),No,No,5,3,Left
1,5:48:20 PM,5:48:24 PM,00:04,TVH (Transvaginal hysterectomy),No,No,5,3,Left
2,5:49:55 PM,5:49:56 PM,00:01,REMOVAL OF LESION VIN,No,No,6,4,Left
6,5:49:56 PM,5:50:22 PM,00:26,REMOVAL OF LESION VIN,No,No,6,4,Left
2,5:50:22 PM,5:51:02 PM,00:40,REMOVAL OF LESION VIN,No,No,6,4,Left
1,5:51:02 PM,5:51:15 PM,00:13,REMOVAL OF LESION VIN,No,No,6,4,Left
2,5:52:12 PM,5:52:37 PM,00:25,REMOVAL OF LESION VIN,No,No,8,6,Left
18,5:52:37 PM,5:52:46 PM,00:09,REMOVAL OF LESION VIN,No,No,8,6,Left
2,5:52:46 PM,5:53:26 PM,00:40,REMOVAL OF LESION VIN,No,No,8,6,Left
18,5:53:26 PM,5:53:30 PM,00:04,REMOVAL OF LESION VIN,No,No,8,6,Left
2,5:53:30 PM,5:54:14 PM,00:44,REMOVAL OF LESION VIN,No,No,8,6,Left
1,5:54:14 PM,5:54:25 PM,00:11,REMOVAL OF LESION VIN,No,No,8,6,Left
17,5:54:25 PM,5:54:29 PM,00:04,REMOVAL OF LESION VIN,No,No,8,6,Left
18,5:54:29 PM,5:54:37 PM,00:08,REMOVAL OF LESION VIN,No,No,8,6,Left
2,5:54:37 PM,5:55:11 PM,00:34,REMOVAL OF LESION VIN,No,No,8,6,Left
1,5:55:11 PM,5:55:14 PM,00:03,REMOVAL OF LESION VIN,No,No,8,6,Left
5,5:55:14 PM,5:55:18 PM,00:04,REMOVAL OF LESION VIN,No,No,8,6,Left
1,5:55:18 PM,5:56:02 PM,00:44,REMOVAL OF LESION VIN,No,No,8,6,Left
2,5:56:02 PM,5:56:04 PM,00:02,REMOVAL OF LESION VIN,No,No,8,6,Left
18,5:56:04 PM,5:56:14 PM,00:10,REMOVAL OF LESION VIN,No,No,8,6,Left
22,5:56:14 PM,5:56:31 PM,00:17,REMOVAL OF LESION VIN,No,No,8,6,Left
18,5:56:31 PM,5:56:32 PM,00:01,REMOVAL OF LESION VIN,No,No,8,6,Left
2,5:56:32 PM,5:57:38 PM,01:06,REMOVAL OF LESION VIN,No,No,8,6,Left
1,5:57:38 PM,5:58:19 PM,00:41,REMOVAL OF LESION VIN,No,No,8,6,Left
2,5:58:19 PM,5:58:20 PM,00:01,REMOVAL OF LESION VIN,No,No,8,6,Left
18,5:58:20 PM,5:58:27 PM,00:07,REMOVAL OF LESION VIN,No,No,8,6,Left
2,5:58:27 PM,5:58:29 PM,00:02,REMOVAL OF LESION VIN,No,No,8,6,Left
1,5:58:29 PM,5:58:46 PM,00:17,REMOVAL OF LESION VIN,No,No,8,6,Left
