Posture Code,Start ,End,Duration,Task Code,Stool Usage,Sitting,Bed Code,Patient Code,Location
1,8:14:58 AM,8:15:36 AM,00:38,TVH (Transvaginal hysterectomy),No,No,1,1,Left
17,8:15:36 AM,8:16:10 AM,00:34,TVH (Transvaginal hysterectomy),No,No,2,1,Left
18,8:16:10 AM,8:16:40 AM,00:30,TVH (Transvaginal hysterectomy),No,No,2,1,Left
2,8:16:40 AM,8:16:41 AM,00:01,TVH (Transvaginal hysterectomy),No,No,2,1,Left
18,8:16:41 AM,8:16:43 AM,00:02,TVH (Transvaginal hysterectomy),No,No,2,1,Left
17,8:16:43 AM,8:16:44 AM,00:01,TVH (Transvaginal hysterectomy),No,No,2,1,Left
18,8:16:44 AM,8:16:47 AM,00:03,TVH (Transvaginal hysterectomy),No,No,2,1,Left
22,8:16:47 AM,8:16:55 AM,00:08,TVH (Transvaginal hysterectomy),No,No,2,1,Left
6,8:16:55 AM,8:16:56 AM,00:01,TVH (Transvaginal hysterectomy),No,No,2,1,Left
2,8:16:56 AM,8:16:58 AM,00:02,TVH (Transvaginal hysterectomy),No,No,2,1,Left
1,8:16:58 AM,8:17:05 AM,00:07,TVH (Transvaginal hysterectomy),No,No,2,1,Left
2,8:17:05 AM,8:17:06 AM,00:01,TVH (Transvaginal hysterectomy),No,No,2,1,Left
18,8:17:06 AM,8:17:08 AM,00:02,TVH (Transvaginal hysterectomy),No,No,2,1,Left
17,8:17:08 AM,8:19:18 AM,02:10,TVH (Transvaginal hysterectomy),No,No,2,1,Left
1,8:19:18 AM,8:19:21 AM,00:03,TVH (Transvaginal hysterectomy),No,No,2,1,Left
2,8:19:21 AM,8:19:30 AM,00:09,TVH (Transvaginal hysterectomy),No,No,2,1,Left
10,8:19:30 AM,8:19:36 AM,00:06,TVH (Transvaginal hysterectomy),No,No,2,1,Left
2,8:19:36 AM,8:19:56 AM,00:20,TVH (Transvaginal hysterectomy),No,No,2,1,Left
18,8:19:56 AM,8:20:13 AM,00:17,TVH (Transvaginal hysterectomy),No,No,2,1,Left
17,8:20:13 AM,8:20:41 AM,00:28,TVH (Transvaginal hysterectomy),No,No,2,1,Left
1,8:20:41 AM,8:21:01 AM,00:20,TVH (Transvaginal hysterectomy),No,No,2,1,Left
9,8:21:01 AM,8:21:02 AM,00:01,TVH (Transvaginal hysterectomy),No,No,2,1,Left
1,8:21:02 AM,8:21:14 AM,00:12,TVH (Transvaginal hysterectomy),No,No,2,1,Left
17,8:21:14 AM,8:22:02 AM,00:48,TVH (Transvaginal hysterectomy),No,No,2,1,Left
1,8:22:02 AM,8:22:04 AM,00:02,TVH (Transvaginal hysterectomy),No,No,2,1,Left
2,8:22:04 AM,8:22:14 AM,00:10,TVH (Transvaginal hysterectomy),No,No,2,1,Left
18,8:22:14 AM,8:22:57 AM,00:43,TVH (Transvaginal hysterectomy),No,No,2,1,Left
17,8:22:57 AM,8:23:01 AM,00:04,TVH (Transvaginal hysterectomy),No,No,2,1,Left
18,8:23:01 AM,8:23:36 AM,00:35,TVH (Transvaginal hysterectomy),No,No,2,1,Left
2,8:23:36 AM,8:23:38 AM,00:02,TVH (Transvaginal hysterectomy),No,No,2,1,Left
18,8:23:38 AM,8:23:39 AM,00:01,TVH (Transvaginal hysterectomy),No,No,2,1,Left
17,8:23:39 AM,8:23:42 AM,00:03,TVH (Transvaginal hysterectomy),No,No,2,1,Left
18,8:23:42 AM,8:23:45 AM,00:03,TVH (Transvaginal hysterectomy),No,No,2,1,Left
17,8:23:45 AM,8:24:19 AM,00:34,TVH (Transvaginal hysterectomy),No,No,2,1,Left
25,8:24:19 AM,8:24:33 AM,00:14,TVH (Transvaginal hysterectomy),No,No,2,1,Left
17,8:24:33 AM,8:25:13 AM,00:40,TVH (Transvaginal hysterectomy),No,No,2,1,Left
18,8:25:13 AM,8:25:17 AM,00:04,TVH (Transvaginal hysterectomy),No,No,2,1,Left
17,8:25:17 AM,8:25:20 AM,00:03,TVH (Transvaginal hysterectomy),No,No,2,1,Left
18,8:25:20 AM,8:25:30 AM,00:10,TVH (Transvaginal hysterectomy),No,No,2,1,Left
17,8:25:30 AM,8:25:42 AM,00:12,TVH (Transvaginal hysterectomy),No,No,2,1,Left
1,8:25:42 AM,8:25:43 AM,00:01,TVH (Transvaginal hysterectomy),No,No,2,1,Left
17,8:25:43 AM,8:25:56 AM,00:13,TVH (Transvaginal hysterectomy),No,No,2,1,Left
1,8:25:56 AM,8:26:12 AM,00:16,TVH (Transvaginal hysterectomy),No,No,2,1,Left
9,8:26:12 AM,8:26:18 AM,00:06,TVH (Transvaginal hysterectomy),No,No,2,1,Left
1,8:26:18 AM,8:26:59 AM,00:41,TVH (Transvaginal hysterectomy),No,No,2,1,Left
3,8:26:59 AM,8:27:00 AM,00:01,TVH (Transvaginal hysterectomy),No,No,2,1,Left
11,8:27:00 AM,8:27:02 AM,00:02,TVH (Transvaginal hysterectomy),No,No,2,1,Left
12,8:27:02 AM,8:27:03 AM,00:01,TVH (Transvaginal hysterectomy),No,No,2,1,Left
11,8:27:03 AM,8:27:04 AM,00:01,TVH (Transvaginal hysterectomy),No,No,2,1,Left
9,8:27:04 AM,8:27:04 AM,00:00,TVH (Transvaginal hysterectomy),No,No,2,1,Left
1,8:27:04 AM,8:27:07 AM,00:03,TVH (Transvaginal hysterectomy),No,No,2,1,Left
2,8:27:07 AM,8:27:08 AM,00:01,TVH (Transvaginal hysterectomy),No,No,2,1,Left
18,8:27:08 AM,8:27:23 AM,00:15,TVH (Transvaginal hysterectomy),No,No,2,1,Left
17,8:27:23 AM,8:27:42 AM,00:19,TVH (Transvaginal hysterectomy),No,No,2,1,Left
18,8:27:42 AM,8:28:00 AM,00:18,TVH (Transvaginal hysterectomy),No,No,2,1,Left
22,8:28:00 AM,8:28:09 AM,00:09,TVH (Transvaginal hysterectomy),No,No,2,1,Left
30,8:28:09 AM,8:28:11 AM,00:02,TVH (Transvaginal hysterectomy),No,No,2,1,Left
26,8:28:11 AM,8:28:12 AM,00:01,TVH (Transvaginal hysterectomy),No,No,2,1,Left
18,8:28:12 AM,8:28:13 AM,00:01,TVH (Transvaginal hysterectomy),No,No,2,1,Left
17,8:28:13 AM,8:28:31 AM,00:18,TVH (Transvaginal hysterectomy),No,No,2,1,Left
25,8:28:31 AM,8:28:49 AM,00:18,TVH (Transvaginal hysterectomy),No,No,2,1,Left
17,8:28:49 AM,8:29:10 AM,00:21,TVH (Transvaginal hysterectomy),No,No,2,1,Left
18,8:29:10 AM,8:29:40 AM,00:30,TVH (Transvaginal hysterectomy),No,No,2,1,Left
17,8:29:40 AM,8:29:57 AM,00:17,TVH (Transvaginal hysterectomy),No,No,2,1,Left
25,8:29:57 AM,8:29:59 AM,00:02,TVH (Transvaginal hysterectomy),No,No,2,1,Left
26,8:29:59 AM,8:30:05 AM,00:06,TVH (Transvaginal hysterectomy),No,No,2,1,Left
25,8:30:05 AM,8:30:06 AM,00:01,TVH (Transvaginal hysterectomy),No,No,2,1,Left
17,8:30:06 AM,8:30:09 AM,00:03,TVH (Transvaginal hysterectomy),No,No,2,1,Left
1,8:30:09 AM,8:30:11 AM,00:02,TVH (Transvaginal hysterectomy),No,No,2,1,Left
17,8:30:11 AM,8:30:12 AM,00:01,TVH (Transvaginal hysterectomy),No,No,2,1,Left
18,8:30:12 AM,8:30:25 AM,00:13,TVH (Transvaginal hysterectomy),No,No,2,1,Left
2,8:30:25 AM,8:30:25 AM,00:00,TVH (Transvaginal hysterectomy),No,No,2,1,Left
18,8:30:25 AM,8:30:33 AM,00:08,TVH (Transvaginal hysterectomy),No,No,2,1,Left
2,8:30:33 AM,8:30:37 AM,00:04,TVH (Transvaginal hysterectomy),No,No,2,1,Left
1,8:30:37 AM,8:31:23 AM,00:46,TVH (Transvaginal hysterectomy),No,No,2,1,Left
2,8:31:23 AM,8:31:34 AM,00:11,TVH (Transvaginal hysterectomy),No,No,2,1,Left
18,8:31:34 AM,8:31:53 AM,00:19,TVH (Transvaginal hysterectomy),No,No,2,1,Left
22,8:31:53 AM,8:31:58 AM,00:05,TVH (Transvaginal hysterectomy),No,No,2,1,Left
30,8:31:58 AM,8:32:03 AM,00:05,TVH (Transvaginal hysterectomy),No,No,2,1,Left
26,8:32:03 AM,8:32:05 AM,00:02,TVH (Transvaginal hysterectomy),No,No,2,1,Left
18,8:32:05 AM,8:32:07 AM,00:02,TVH (Transvaginal hysterectomy),No,No,2,1,Left
17,8:32:07 AM,8:32:08 AM,00:01,TVH (Transvaginal hysterectomy),No,No,2,1,Left
18,8:32:08 AM,8:32:15 AM,00:07,TVH (Transvaginal hysterectomy),No,No,2,1,Left
17,8:32:15 AM,8:32:39 AM,00:24,TVH (Transvaginal hysterectomy),No,No,2,1,Left
18,8:32:39 AM,8:32:40 AM,00:01,TVH (Transvaginal hysterectomy),No,No,2,1,Left
17,8:32:40 AM,8:32:57 AM,00:17,TVH (Transvaginal hysterectomy),No,No,2,1,Left
18,8:32:57 AM,8:33:01 AM,00:04,TVH (Transvaginal hysterectomy),No,No,2,1,Left
17,8:33:01 AM,8:33:17 AM,00:16,TVH (Transvaginal hysterectomy),No,No,2,1,Left
19,8:33:17 AM,8:33:18 AM,00:01,TVH (Transvaginal hysterectomy),No,No,2,1,Left
27,8:33:18 AM,8:33:21 AM,00:03,TVH (Transvaginal hysterectomy),No,No,2,1,Left
28,8:33:21 AM,8:33:22 AM,00:01,TVH (Transvaginal hysterectomy),No,No,2,1,Left
26,8:33:22 AM,8:33:35 AM,00:13,TVH (Transvaginal hysterectomy),No,No,2,1,Left
18,8:33:35 AM,8:33:35 AM,00:00,TVH (Transvaginal hysterectomy),No,No,2,1,Left
2,8:33:35 AM,8:33:39 AM,00:04,TVH (Transvaginal hysterectomy),No,No,2,1,Left
10,8:33:39 AM,8:33:41 AM,00:02,TVH (Transvaginal hysterectomy),No,No,2,1,Left
9,8:33:41 AM,8:33:45 AM,00:04,TVH (Transvaginal hysterectomy),No,No,2,1,Left
1,8:33:45 AM,8:33:46 AM,00:01,TVH (Transvaginal hysterectomy),No,No,2,1,Left
17,8:33:46 AM,8:33:47 AM,00:01,TVH (Transvaginal hysterectomy),No,No,2,1,Left
18,8:33:47 AM,8:34:17 AM,00:30,TVH (Transvaginal hysterectomy),No,No,2,1,Left
2,8:34:17 AM,8:34:19 AM,00:02,TVH (Transvaginal hysterectomy),No,No,2,1,Left
1,8:34:19 AM,8:35:07 AM,00:48,TVH (Transvaginal hysterectomy),No,No,2,1,Left
17,8:35:07 AM,8:35:13 AM,00:06,TVH (Transvaginal hysterectomy),No,No,2,1,Left
1,8:35:13 AM,8:35:15 AM,00:02,TVH (Transvaginal hysterectomy),No,No,2,1,Left
2,8:35:15 AM,8:35:16 AM,00:01,TVH (Transvaginal hysterectomy),No,No,2,1,Left
1,8:35:16 AM,8:35:23 AM,00:07,TVH (Transvaginal hysterectomy),No,No,2,1,Left
17,8:35:23 AM,8:35:35 AM,00:12,TVH (Transvaginal hysterectomy),No,No,2,1,Left
1,8:35:35 AM,8:35:36 AM,00:01,TVH (Transvaginal hysterectomy),No,No,2,1,Left
9,8:35:36 AM,8:35:56 AM,00:20,TVH (Transvaginal hysterectomy),No,No,2,1,Left
25,8:35:56 AM,8:36:01 AM,00:05,TVH (Transvaginal hysterectomy),No,No,2,1,Left
17,8:36:01 AM,8:36:10 AM,00:09,TVH (Transvaginal hysterectomy),No,No,2,1,Left
18,8:36:10 AM,8:36:11 AM,00:01,TVH (Transvaginal hysterectomy),No,No,2,1,Left
2,8:36:11 AM,8:36:14 AM,00:03,TVH (Transvaginal hysterectomy),No,No,2,1,Left
1,8:36:14 AM,8:36:15 AM,00:01,TVH (Transvaginal hysterectomy),No,No,2,1,Left
17,8:36:15 AM,8:36:19 AM,00:04,TVH (Transvaginal hysterectomy),No,No,2,1,Left
1,8:36:19 AM,8:36:24 AM,00:05,TVH (Transvaginal hysterectomy),No,No,2,1,Left
17,8:36:24 AM,8:36:46 AM,00:22,TVH (Transvaginal hysterectomy),No,No,2,1,Left
21,8:36:46 AM,8:37:11 AM,00:25,TVH (Transvaginal hysterectomy),No,No,2,1,Left
17,8:37:11 AM,8:37:28 AM,00:17,TVH (Transvaginal hysterectomy),No,No,2,1,Left
21,8:37:28 AM,8:37:50 AM,00:22,TVH (Transvaginal hysterectomy),No,No,2,1,Left
17,8:37:50 AM,8:39:30 AM,01:40,TVH (Transvaginal hysterectomy),No,No,2,1,Left
18,8:39:30 AM,8:39:43 AM,00:13,TVH (Transvaginal hysterectomy),No,No,2,1,Left
26,8:39:43 AM,8:39:44 AM,00:01,TVH (Transvaginal hysterectomy),No,No,2,1,Left
25,8:39:44 AM,8:39:53 AM,00:09,TVH (Transvaginal hysterectomy),No,No,2,1,Left
17,8:39:53 AM,8:39:58 AM,00:05,TVH (Transvaginal hysterectomy),No,No,2,1,Left
25,8:39:58 AM,8:39:59 AM,00:01,TVH (Transvaginal hysterectomy),No,No,2,1,Left
17,8:39:59 AM,8:40:03 AM,00:04,TVH (Transvaginal hysterectomy),No,No,2,1,Left
21,8:40:03 AM,8:40:05 AM,00:02,TVH (Transvaginal hysterectomy),No,No,2,1,Left
17,8:40:05 AM,8:40:06 AM,00:01,TVH (Transvaginal hysterectomy),No,No,2,1,Left
21,8:40:06 AM,8:40:17 AM,00:11,TVH (Transvaginal hysterectomy),No,No,2,1,Left
17,8:40:17 AM,8:40:25 AM,00:08,TVH (Transvaginal hysterectomy),No,No,2,1,Left
18,8:40:25 AM,8:40:32 AM,00:07,TVH (Transvaginal hysterectomy),No,No,2,1,Left
22,8:40:32 AM,8:40:33 AM,00:01,TVH (Transvaginal hysterectomy),No,No,2,1,Left
18,8:40:33 AM,8:40:34 AM,00:01,TVH (Transvaginal hysterectomy),No,No,2,1,Left
17,8:40:34 AM,8:40:36 AM,00:02,TVH (Transvaginal hysterectomy),No,No,2,1,Left
21,8:40:36 AM,8:40:37 AM,00:01,TVH (Transvaginal hysterectomy),No,No,2,1,Left
17,8:40:37 AM,8:40:40 AM,00:03,TVH (Transvaginal hysterectomy),No,No,2,1,Left
18,8:40:40 AM,8:40:41 AM,00:01,TVH (Transvaginal hysterectomy),No,No,2,1,Left
17,8:40:41 AM,8:40:43 AM,00:02,TVH (Transvaginal hysterectomy),No,No,2,1,Left
25,8:40:43 AM,8:40:49 AM,00:06,TVH (Transvaginal hysterectomy),No,No,2,1,Left
17,8:40:49 AM,8:41:04 AM,00:15,TVH (Transvaginal hysterectomy),No,No,2,1,Left
18,8:41:04 AM,8:41:17 AM,00:13,TVH (Transvaginal hysterectomy),No,No,2,1,Left
2,8:41:17 AM,8:41:27 AM,00:10,TVH (Transvaginal hysterectomy),No,No,2,1,Left
1,8:41:27 AM,8:41:44 AM,00:17,TVH (Transvaginal hysterectomy),No,No,2,1,Left
17,8:41:44 AM,8:41:50 AM,00:06,TVH (Transvaginal hysterectomy),No,No,2,1,Left
21,8:41:50 AM,8:41:52 AM,00:02,TVH (Transvaginal hysterectomy),No,No,2,1,Left
17,8:41:52 AM,8:41:53 AM,00:01,TVH (Transvaginal hysterectomy),No,No,2,1,Left
1,8:41:53 AM,8:42:53 AM,01:00,TVH (Transvaginal hysterectomy),No,No,2,1,Left
5,8:42:53 AM,8:42:54 AM,00:01,TVH (Transvaginal hysterectomy),No,No,2,1,Left
21,8:42:54 AM,8:43:00 AM,00:06,TVH (Transvaginal hysterectomy),No,No,2,1,Left
5,8:43:00 AM,8:43:01 AM,00:01,TVH (Transvaginal hysterectomy),No,No,2,1,Left
1,8:43:01 AM,8:43:26 AM,00:25,TVH (Transvaginal hysterectomy),No,No,2,1,Left
2,8:43:26 AM,8:43:33 AM,00:07,TVH (Transvaginal hysterectomy),No,No,2,1,Left
1,8:43:33 AM,8:43:36 AM,00:03,TVH (Transvaginal hysterectomy),No,No,2,1,Left
17,8:43:36 AM,8:43:41 AM,00:05,TVH (Transvaginal hysterectomy),No,No,2,1,Left
18,8:43:41 AM,8:43:49 AM,00:08,TVH (Transvaginal hysterectomy),No,No,2,1,Left
17,8:43:49 AM,8:43:50 AM,00:01,TVH (Transvaginal hysterectomy),No,No,2,1,Left
1,8:43:50 AM,8:44:22 AM,00:32,TVH (Transvaginal hysterectomy),No,No,2,1,Left
9,8:44:22 AM,8:44:24 AM,00:02,TVH (Transvaginal hysterectomy),No,No,2,1,Left
1,8:44:24 AM,8:44:29 AM,00:05,TVH (Transvaginal hysterectomy),No,No,2,1,Left
17,8:45:22 AM,8:45:26 AM,00:04,Bilateral salpingectomy,No,No,3,2,Left
18,8:45:26 AM,8:45:27 AM,00:01,Bilateral salpingectomy,No,No,3,2,Left
20,8:45:27 AM,8:45:38 AM,00:11,Bilateral salpingectomy,No,No,3,2,Left
18,8:45:38 AM,8:45:53 AM,00:15,Bilateral salpingectomy,No,No,3,2,Left
17,8:45:53 AM,8:45:54 AM,00:01,Bilateral salpingectomy,No,No,3,2,Left
18,8:45:54 AM,8:46:03 AM,00:09,Bilateral salpingectomy,No,No,3,2,Left
17,8:46:03 AM,8:46:14 AM,00:11,Bilateral salpingectomy,No,No,3,2,Left
18,8:46:14 AM,8:46:32 AM,00:18,Bilateral salpingectomy,No,No,3,2,Left
2,8:46:32 AM,8:46:37 AM,00:05,Bilateral salpingectomy,No,No,3,2,Left
18,8:46:37 AM,8:46:38 AM,00:01,Bilateral salpingectomy,No,No,3,2,Left
17,8:46:38 AM,8:46:41 AM,00:03,Bilateral salpingectomy,No,No,3,2,Left
18,8:46:41 AM,8:47:00 AM,00:19,Bilateral salpingectomy,No,No,3,2,Left
17,8:47:00 AM,8:47:16 AM,00:16,Bilateral salpingectomy,No,No,3,2,Left
19,8:47:16 AM,8:47:17 AM,00:01,Bilateral salpingectomy,No,No,3,2,Left
17,8:47:17 AM,8:47:20 AM,00:03,Bilateral salpingectomy,No,No,3,2,Left
18,8:47:20 AM,8:47:22 AM,00:02,Bilateral salpingectomy,No,No,3,2,Left
20,8:47:22 AM,8:47:23 AM,00:01,Bilateral salpingectomy,No,No,3,2,Left
18,8:47:23 AM,8:47:26 AM,00:03,Bilateral salpingectomy,No,No,3,2,Left
17,8:47:26 AM,8:47:27 AM,00:01,Bilateral salpingectomy,No,No,3,2,Left
18,8:47:27 AM,8:47:40 AM,00:13,Bilateral salpingectomy,No,No,3,2,Left
17,8:47:40 AM,8:47:41 AM,00:01,Bilateral salpingectomy,No,No,3,2,Left
1,8:47:41 AM,8:47:48 AM,00:07,Bilateral salpingectomy,No,No,3,2,Left
17,8:47:48 AM,8:47:49 AM,00:01,Bilateral salpingectomy,No,No,3,2,Left
21,8:47:49 AM,8:47:54 AM,00:05,Bilateral salpingectomy,No,No,3,2,Left
17,8:47:54 AM,8:48:01 AM,00:07,Bilateral salpingectomy,No,No,3,2,Left
18,8:48:01 AM,8:48:24 AM,00:23,Bilateral salpingectomy,No,No,3,2,Left
17,8:48:24 AM,8:48:26 AM,00:02,Bilateral salpingectomy,No,No,3,2,Left
1,8:48:26 AM,8:49:35 AM,01:09,Bilateral salpingectomy,No,No,3,2,Left
17,8:49:35 AM,8:49:36 AM,00:01,Bilateral salpingectomy,No,No,3,2,Left
1,8:49:36 AM,8:49:37 AM,00:01,Bilateral salpingectomy,No,No,3,2,Left
17,8:49:37 AM,8:49:45 AM,00:08,Bilateral salpingectomy,No,No,3,2,Left
18,8:49:45 AM,8:49:58 AM,00:13,Bilateral salpingectomy,No,No,3,2,Left
2,8:49:58 AM,8:49:59 AM,00:01,Bilateral salpingectomy,No,No,3,2,Left
1,8:49:59 AM,8:50:56 AM,00:57,Bilateral salpingectomy,No,No,3,2,Left
17,8:50:56 AM,8:51:10 AM,00:14,Bilateral salpingectomy,No,No,3,2,Left
1,8:51:10 AM,8:51:34 AM,00:24,Bilateral salpingectomy,No,No,3,2,Left
2,8:51:34 AM,8:51:47 AM,00:13,Bilateral salpingectomy,No,No,3,2,Left
18,8:51:47 AM,8:51:51 AM,00:04,Bilateral salpingectomy,No,No,3,2,Left
2,8:51:51 AM,8:52:12 AM,00:21,Bilateral salpingectomy,No,No,3,2,Left
1,8:52:12 AM,8:52:33 AM,00:21,Bilateral salpingectomy,No,No,3,2,Left
17,8:52:33 AM,8:52:58 AM,00:25,Bilateral salpingectomy,No,No,3,2,Left
18,8:52:58 AM,8:53:00 AM,00:02,Bilateral salpingectomy,No,No,3,2,Left
17,8:53:00 AM,8:53:07 AM,00:07,Bilateral salpingectomy,No,No,3,2,Left
1,8:53:07 AM,8:53:08 AM,00:01,Bilateral salpingectomy,No,No,3,2,Left
17,8:53:08 AM,8:53:19 AM,00:11,Bilateral salpingectomy,No,No,3,2,Left
1,8:53:19 AM,8:53:39 AM,00:20,Bilateral salpingectomy,No,No,3,2,Left
17,8:53:39 AM,8:53:40 AM,00:01,Bilateral salpingectomy,No,No,3,2,Left
18,8:53:40 AM,8:53:49 AM,00:09,Bilateral salpingectomy,No,No,3,2,Left
17,8:53:49 AM,8:54:19 AM,00:30,Bilateral salpingectomy,No,No,3,2,Left
18,8:54:19 AM,8:54:21 AM,00:02,Bilateral salpingectomy,No,No,3,2,Left
17,8:54:21 AM,8:54:59 AM,00:38,Bilateral salpingectomy,No,No,3,2,Left
18,8:54:59 AM,8:55:11 AM,00:12,Bilateral salpingectomy,No,No,3,2,Left
2,8:55:11 AM,8:55:12 AM,00:01,Bilateral salpingectomy,No,No,3,2,Left
1,8:55:12 AM,8:55:13 AM,00:01,Bilateral salpingectomy,No,No,3,2,Left
17,8:55:13 AM,8:55:17 AM,00:04,Bilateral salpingectomy,No,No,3,2,Left
1,8:55:17 AM,8:55:25 AM,00:08,Bilateral salpingectomy,No,No,3,2,Left
2,8:55:25 AM,8:55:27 AM,00:02,Bilateral salpingectomy,No,No,3,2,Left
1,8:55:27 AM,8:55:56 AM,00:29,Bilateral salpingectomy,No,No,3,2,Left
17,8:55:56 AM,8:55:58 AM,00:02,Bilateral salpingectomy,No,No,3,2,Left
1,8:55:58 AM,8:56:26 AM,00:28,Bilateral salpingectomy,No,No,3,2,Left
2,8:56:26 AM,8:56:32 AM,00:06,Bilateral salpingectomy,No,No,3,2,Left
18,8:56:32 AM,8:56:33 AM,00:01,Bilateral salpingectomy,No,No,3,2,Left
17,8:56:33 AM,8:56:35 AM,00:02,Bilateral salpingectomy,No,No,3,2,Left
1,8:56:35 AM,8:56:38 AM,00:03,Bilateral salpingectomy,No,No,3,2,Left
17,8:56:38 AM,8:56:39 AM,00:01,Bilateral salpingectomy,No,No,3,2,Left
1,8:56:39 AM,8:56:42 AM,00:03,Bilateral salpingectomy,No,No,3,2,Left
17,8:57:41 AM,8:57:44 AM,00:03,USLS (Uterosacral ligament suspension),No,No,4,3,Left
1,8:57:44 AM,8:58:23 AM,00:39,USLS (Uterosacral ligament suspension),No,No,4,3,Left
5,8:58:23 AM,8:58:24 AM,00:01,USLS (Uterosacral ligament suspension),No,No,4,3,Left
1,8:58:24 AM,8:58:24 AM,00:00,USLS (Uterosacral ligament suspension),No,No,4,3,Left
3,8:58:24 AM,8:58:27 AM,00:03,USLS (Uterosacral ligament suspension),No,No,4,3,Left
1,8:58:27 AM,8:59:54 AM,01:27,USLS (Uterosacral ligament suspension),No,No,4,3,Left
17,8:59:54 AM,9:00:35 AM,00:41,USLS (Uterosacral ligament suspension),No,No,4,3,Left
18,9:00:35 AM,9:00:59 AM,00:24,USLS (Uterosacral ligament suspension),No,No,4,3,Left
17,9:00:59 AM,9:01:33 AM,00:34,USLS (Uterosacral ligament suspension),No,No,4,3,Left
1,9:01:33 AM,9:01:37 AM,00:04,USLS (Uterosacral ligament suspension),No,No,4,3,Left
17,9:01:37 AM,9:02:31 AM,00:54,USLS (Uterosacral ligament suspension),No,No,4,3,Left
18,9:02:31 AM,9:03:07 AM,00:36,USLS (Uterosacral ligament suspension),No,No,4,3,Left
17,9:03:07 AM,9:03:14 AM,00:07,USLS (Uterosacral ligament suspension),No,No,4,3,Left
18,9:03:14 AM,9:03:18 AM,00:04,USLS (Uterosacral ligament suspension),No,No,4,3,Left
17,9:03:18 AM,9:03:18 AM,00:00,USLS (Uterosacral ligament suspension),No,No,4,3,Left
18,9:03:18 AM,9:03:21 AM,00:03,USLS (Uterosacral ligament suspension),No,No,4,3,Left
17,9:03:21 AM,9:05:14 AM,01:53,USLS (Uterosacral ligament suspension),No,No,4,3,Left
18,9:05:14 AM,9:05:17 AM,00:03,USLS (Uterosacral ligament suspension),No,No,4,3,Left
17,9:05:17 AM,9:05:30 AM,00:13,USLS (Uterosacral ligament suspension),No,No,4,3,Left
18,9:05:30 AM,9:05:58 AM,00:28,USLS (Uterosacral ligament suspension),No,No,4,3,Left
22,9:05:58 AM,9:06:01 AM,00:03,USLS (Uterosacral ligament suspension),No,No,4,3,Left
21,9:06:01 AM,9:06:04 AM,00:03,USLS (Uterosacral ligament suspension),No,No,4,3,Left
22,9:06:04 AM,9:06:06 AM,00:02,USLS (Uterosacral ligament suspension),No,No,4,3,Left
18,9:06:06 AM,9:06:15 AM,00:09,USLS (Uterosacral ligament suspension),No,No,4,3,Left
17,9:06:15 AM,9:09:04 AM,02:49,USLS (Uterosacral ligament suspension),No,No,4,3,Left
1,9:09:04 AM,9:09:15 AM,00:11,USLS (Uterosacral ligament suspension),No,No,4,3,Left
17,9:09:15 AM,9:09:16 AM,00:01,USLS (Uterosacral ligament suspension),No,No,4,3,Left
21,9:09:16 AM,9:09:18 AM,00:02,USLS (Uterosacral ligament suspension),No,No,4,3,Left
5,9:09:18 AM,9:09:19 AM,00:01,USLS (Uterosacral ligament suspension),No,No,4,3,Left
1,9:09:19 AM,9:09:19 AM,00:00,USLS (Uterosacral ligament suspension),No,No,4,3,Left
3,9:09:19 AM,9:09:21 AM,00:02,USLS (Uterosacral ligament suspension),No,No,4,3,Left
1,9:09:21 AM,9:11:35 AM,02:14,USLS (Uterosacral ligament suspension),No,No,4,3,Left
17,9:11:35 AM,9:11:44 AM,00:09,USLS (Uterosacral ligament suspension),No,No,4,3,Left
1,9:11:44 AM,9:11:54 AM,00:10,USLS (Uterosacral ligament suspension),No,No,4,3,Left
2,9:11:54 AM,9:11:59 AM,00:05,USLS (Uterosacral ligament suspension),No,No,4,3,Left
1,9:11:59 AM,9:12:49 AM,00:50,USLS (Uterosacral ligament suspension),No,No,4,3,Left
2,9:12:49 AM,9:12:51 AM,00:02,USLS (Uterosacral ligament suspension),No,No,4,3,Left
4,9:12:51 AM,9:12:52 AM,00:01,USLS (Uterosacral ligament suspension),No,No,4,3,Left
2,9:12:52 AM,9:13:00 AM,00:08,USLS (Uterosacral ligament suspension),No,No,4,3,Left
1,9:13:00 AM,9:13:12 AM,00:12,USLS (Uterosacral ligament suspension),No,No,4,3,Left
2,9:13:12 AM,9:13:15 AM,00:03,USLS (Uterosacral ligament suspension),No,No,4,3,Left
18,9:13:15 AM,9:13:17 AM,00:02,USLS (Uterosacral ligament suspension),No,No,4,3,Left
22,9:13:17 AM,9:13:31 AM,00:14,USLS (Uterosacral ligament suspension),No,No,4,3,Left
18,9:13:31 AM,9:13:34 AM,00:03,USLS (Uterosacral ligament suspension),No,No,4,3,Left
2,9:13:34 AM,9:13:34 AM,00:00,USLS (Uterosacral ligament suspension),No,No,4,3,Left
1,9:13:34 AM,9:13:38 AM,00:04,USLS (Uterosacral ligament suspension),No,No,4,3,Left
2,9:13:38 AM,9:13:40 AM,00:02,USLS (Uterosacral ligament suspension),No,No,4,3,Left
4,9:13:40 AM,9:13:54 AM,00:14,USLS (Uterosacral ligament suspension),No,No,4,3,Left
2,9:13:54 AM,9:13:57 AM,00:03,USLS (Uterosacral ligament suspension),No,No,4,3,Left
18,9:13:57 AM,9:13:59 AM,00:02,USLS (Uterosacral ligament suspension),No,No,4,3,Left
2,9:13:59 AM,9:14:03 AM,00:04,USLS (Uterosacral ligament suspension),No,No,4,3,Left
6,9:14:03 AM,9:14:20 AM,00:17,USLS (Uterosacral ligament suspension),No,No,4,3,Left
5,9:14:20 AM,9:14:23 AM,00:03,USLS (Uterosacral ligament suspension),No,No,4,3,Left
6,9:14:23 AM,9:14:49 AM,00:26,USLS (Uterosacral ligament suspension),No,No,4,3,Left
5,9:14:49 AM,9:14:50 AM,00:01,USLS (Uterosacral ligament suspension),No,No,4,3,Left
21,9:14:50 AM,9:14:51 AM,00:01,USLS (Uterosacral ligament suspension),No,No,4,3,Left
17,9:14:51 AM,9:14:53 AM,00:02,USLS (Uterosacral ligament suspension),No,No,4,3,Left
1,9:14:53 AM,9:15:06 AM,00:13,USLS (Uterosacral ligament suspension),No,No,4,3,Left
17,9:15:06 AM,9:15:12 AM,00:06,USLS (Uterosacral ligament suspension),No,No,4,3,Left
1,9:15:12 AM,9:15:26 AM,00:14,USLS (Uterosacral ligament suspension),No,No,4,3,Left
2,9:15:26 AM,9:15:46 AM,00:20,USLS (Uterosacral ligament suspension),No,No,4,3,Left
1,9:15:46 AM,9:16:44 AM,00:58,USLS (Uterosacral ligament suspension),No,No,4,3,Left
17,9:16:44 AM,9:16:45 AM,00:01,USLS (Uterosacral ligament suspension),No,No,4,3,Left
1,9:16:45 AM,9:17:08 AM,00:23,USLS (Uterosacral ligament suspension),No,No,4,3,Left
17,9:17:08 AM,9:17:14 AM,00:06,USLS (Uterosacral ligament suspension),No,No,4,3,Left
18,9:17:14 AM,9:17:51 AM,00:37,USLS (Uterosacral ligament suspension),No,No,4,3,Left
17,9:17:51 AM,9:18:01 AM,00:10,USLS (Uterosacral ligament suspension),No,No,4,3,Left
1,9:18:01 AM,9:19:34 AM,01:33,USLS (Uterosacral ligament suspension),No,No,4,3,Left
17,9:19:34 AM,9:19:37 AM,00:03,USLS (Uterosacral ligament suspension),No,No,4,3,Left
1,9:19:37 AM,9:19:48 AM,00:11,USLS (Uterosacral ligament suspension),No,No,4,3,Left
17,9:20:47 AM,9:21:58 AM,01:11,AR (Anterior repair),No,No,5,4,Left
1,9:21:58 AM,9:22:32 AM,00:34,AR (Anterior repair),No,No,5,4,Left
17,9:22:32 AM,9:22:52 AM,00:20,AR (Anterior repair),No,No,5,4,Left
18,9:22:52 AM,9:23:15 AM,00:23,AR (Anterior repair),No,No,5,4,Left
17,9:23:15 AM,9:24:31 AM,01:16,AR (Anterior repair),No,No,5,4,Left
18,9:24:31 AM,9:25:03 AM,00:32,AR (Anterior repair),No,No,5,4,Left
17,9:25:03 AM,9:25:42 AM,00:39,AR (Anterior repair),No,No,5,4,Left
1,9:25:42 AM,9:25:45 AM,00:03,AR (Anterior repair),No,No,5,4,Left
17,9:25:45 AM,9:25:47 AM,00:02,AR (Anterior repair),No,No,5,4,Left
21,9:25:47 AM,9:25:48 AM,00:01,AR (Anterior repair),No,No,5,4,Left
17,9:25:48 AM,9:26:01 AM,00:13,AR (Anterior repair),No,No,5,4,Left
1,9:26:01 AM,9:26:13 AM,00:12,AR (Anterior repair),No,No,5,4,Left
9,9:26:13 AM,9:26:14 AM,00:01,AR (Anterior repair),No,No,5,4,Left
1,9:26:14 AM,9:26:15 AM,00:01,AR (Anterior repair),No,No,5,4,Left
2,9:26:15 AM,9:26:26 AM,00:11,AR (Anterior repair),No,No,5,4,Left
1,9:26:26 AM,9:26:30 AM,00:04,AR (Anterior repair),No,No,5,4,Left
2,9:26:30 AM,9:26:34 AM,00:04,AR (Anterior repair),No,No,5,4,Left
1,9:26:34 AM,9:26:57 AM,00:23,AR (Anterior repair),No,No,5,4,Left
2,9:26:57 AM,9:27:00 AM,00:03,AR (Anterior repair),No,No,5,4,Left
1,9:27:00 AM,9:27:04 AM,00:04,AR (Anterior repair),No,No,5,4,Left
17,9:27:04 AM,9:27:18 AM,00:14,AR (Anterior repair),No,No,5,4,Left
1,9:27:18 AM,9:27:20 AM,00:02,AR (Anterior repair),No,No,5,4,Left
9,9:27:20 AM,9:27:23 AM,00:03,AR (Anterior repair),No,No,5,4,Left
13,9:27:23 AM,9:27:29 AM,00:06,AR (Anterior repair),No,No,5,4,Left
29,9:27:29 AM,9:27:31 AM,00:02,AR (Anterior repair),No,No,5,4,Left
21,9:27:31 AM,9:27:37 AM,00:06,AR (Anterior repair),No,No,5,4,Left
17,9:27:37 AM,9:28:14 AM,00:37,AR (Anterior repair),No,No,5,4,Left
1,9:28:14 AM,9:28:23 AM,00:09,AR (Anterior repair),No,No,5,4,Left
17,9:28:23 AM,9:30:36 AM,02:13,AR (Anterior repair),No,No,5,4,Left
25,9:30:36 AM,9:30:39 AM,00:03,AR (Anterior repair),No,No,5,4,Left
17,9:30:39 AM,9:32:22 AM,01:43,AR (Anterior repair),No,No,5,4,Left
18,9:32:22 AM,9:32:37 AM,00:15,AR (Anterior repair),No,No,5,4,Left
17,9:32:37 AM,9:33:49 AM,01:12,AR (Anterior repair),No,No,5,4,Left
18,9:33:49 AM,9:34:03 AM,00:14,AR (Anterior repair),No,No,5,4,Left
17,9:34:03 AM,9:34:38 AM,00:35,AR (Anterior repair),No,No,5,4,Left
18,9:34:38 AM,9:34:40 AM,00:02,AR (Anterior repair),No,No,5,4,Left
17,9:34:40 AM,9:35:04 AM,00:24,AR (Anterior repair),No,No,5,4,Left
1,9:35:04 AM,9:35:36 AM,00:32,AR (Anterior repair),No,No,5,4,Left
17,9:35:36 AM,9:36:40 AM,01:04,AR (Anterior repair),No,No,5,4,Left
21,9:36:40 AM,9:36:57 AM,00:17,AR (Anterior repair),No,No,5,4,Left
17,9:36:57 AM,9:37:05 AM,00:08,AR (Anterior repair),No,No,5,4,Left
1,9:37:05 AM,9:37:12 AM,00:07,AR (Anterior repair),No,No,5,4,Left
17,9:37:12 AM,9:37:18 AM,00:06,AR (Anterior repair),No,No,5,4,Left
18,9:37:18 AM,9:37:32 AM,00:14,AR (Anterior repair),No,No,5,4,Left
17,9:37:32 AM,9:38:00 AM,00:28,AR (Anterior repair),No,No,5,4,Left
18,9:38:00 AM,9:38:08 AM,00:08,AR (Anterior repair),No,No,5,4,Left
17,9:38:08 AM,9:39:36 AM,01:28,AR (Anterior repair),No,No,5,4,Left
1,9:39:36 AM,9:39:36 AM,00:00,AR (Anterior repair),No,No,5,4,Left
2,9:40:21 AM,9:40:33 AM,00:12,USLS (Uterosacral ligament suspension),No,No,6,5,Left
4,9:40:33 AM,9:40:36 AM,00:03,USLS (Uterosacral ligament suspension),No,No,6,5,Left
2,9:40:36 AM,9:40:52 AM,00:16,USLS (Uterosacral ligament suspension),No,No,6,5,Left
18,9:40:52 AM,9:41:03 AM,00:11,USLS (Uterosacral ligament suspension),No,No,6,5,Left
2,9:41:03 AM,9:41:03 AM,00:00,USLS (Uterosacral ligament suspension),No,No,6,5,Left
1,9:41:03 AM,9:41:43 AM,00:40,USLS (Uterosacral ligament suspension),No,No,6,5,Left
2,9:41:43 AM,9:42:36 AM,00:53,USLS (Uterosacral ligament suspension),No,No,6,5,Left
1,9:42:36 AM,9:42:37 AM,00:01,USLS (Uterosacral ligament suspension),No,No,6,5,Left
17,9:42:37 AM,9:42:39 AM,00:02,USLS (Uterosacral ligament suspension),No,No,6,5,Left
21,9:42:39 AM,9:42:51 AM,00:12,USLS (Uterosacral ligament suspension),No,No,6,5,Left
17,9:42:51 AM,9:42:53 AM,00:02,USLS (Uterosacral ligament suspension),No,No,6,5,Left
1,9:42:53 AM,9:42:55 AM,00:02,USLS (Uterosacral ligament suspension),No,No,6,5,Left
2,9:42:55 AM,9:43:05 AM,00:10,USLS (Uterosacral ligament suspension),No,No,6,5,Left
1,9:43:05 AM,9:43:23 AM,00:18,USLS (Uterosacral ligament suspension),No,No,6,5,Left
17,9:43:23 AM,9:43:56 AM,00:33,USLS (Uterosacral ligament suspension),No,No,6,5,Left
1,9:43:56 AM,9:44:41 AM,00:45,USLS (Uterosacral ligament suspension),No,No,6,5,Left
2,9:44:41 AM,9:44:46 AM,00:05,USLS (Uterosacral ligament suspension),No,No,6,5,Left
1,9:44:46 AM,9:45:22 AM,00:36,USLS (Uterosacral ligament suspension),No,No,6,5,Left
17,9:45:22 AM,9:45:25 AM,00:03,USLS (Uterosacral ligament suspension),No,No,6,5,Left
1,9:45:25 AM,9:45:25 AM,00:00,USLS (Uterosacral ligament suspension),No,No,6,5,Left
17,9:45:25 AM,9:45:28 AM,00:03,USLS (Uterosacral ligament suspension),No,No,6,5,Left
18,9:45:28 AM,9:45:39 AM,00:11,USLS (Uterosacral ligament suspension),No,No,6,5,Left
2,9:45:39 AM,9:45:41 AM,00:02,USLS (Uterosacral ligament suspension),No,No,6,5,Left
1,9:45:41 AM,9:46:39 AM,00:58,USLS (Uterosacral ligament suspension),No,No,6,5,Left
17,9:46:39 AM,9:46:44 AM,00:05,USLS (Uterosacral ligament suspension),No,No,6,5,Left
1,9:46:44 AM,9:47:37 AM,00:53,USLS (Uterosacral ligament suspension),No,No,6,5,Left
17,9:47:37 AM,9:47:40 AM,00:03,USLS (Uterosacral ligament suspension),No,No,6,5,Left
1,9:47:40 AM,9:48:04 AM,00:24,USLS (Uterosacral ligament suspension),No,No,6,5,Left
17,9:48:04 AM,9:48:26 AM,00:22,USLS (Uterosacral ligament suspension),No,No,6,5,Left
1,9:48:26 AM,9:48:32 AM,00:06,USLS (Uterosacral ligament suspension),No,No,6,5,Left
17,9:48:32 AM,9:48:48 AM,00:16,USLS (Uterosacral ligament suspension),No,No,6,5,Left
1,9:48:48 AM,9:48:49 AM,00:01,USLS (Uterosacral ligament suspension),No,No,6,5,Left
17,9:48:49 AM,9:48:51 AM,00:02,USLS (Uterosacral ligament suspension),No,No,6,5,Left
1,9:48:51 AM,9:49:13 AM,00:22,USLS (Uterosacral ligament suspension),No,No,6,5,Left
17,9:49:13 AM,9:50:33 AM,01:20,USLS (Uterosacral ligament suspension),No,No,6,5,Left
1,9:50:33 AM,9:50:45 AM,00:12,USLS (Uterosacral ligament suspension),No,No,6,5,Left
17,9:50:45 AM,9:50:50 AM,00:05,USLS (Uterosacral ligament suspension),No,No,6,5,Left
18,9:50:50 AM,9:51:24 AM,00:34,USLS (Uterosacral ligament suspension),No,No,6,5,Left
17,9:51:24 AM,9:51:25 AM,00:01,USLS (Uterosacral ligament suspension),No,No,6,5,Left
1,9:51:25 AM,9:51:41 AM,00:16,USLS (Uterosacral ligament suspension),No,No,6,5,Left
2,9:51:41 AM,9:51:49 AM,00:08,USLS (Uterosacral ligament suspension),No,No,6,5,Left
1,9:51:49 AM,9:51:50 AM,00:01,USLS (Uterosacral ligament suspension),No,No,6,5,Left
17,9:51:50 AM,9:51:51 AM,00:01,USLS (Uterosacral ligament suspension),No,No,6,5,Left
1,9:51:51 AM,9:52:09 AM,00:18,USLS (Uterosacral ligament suspension),No,No,6,5,Left
17,9:52:09 AM,9:52:10 AM,00:01,USLS (Uterosacral ligament suspension),No,No,6,5,Left
18,9:52:10 AM,9:52:20 AM,00:10,USLS (Uterosacral ligament suspension),No,No,6,5,Left
17,9:52:20 AM,9:53:41 AM,01:21,USLS (Uterosacral ligament suspension),No,No,6,5,Left
18,9:53:41 AM,9:53:52 AM,00:11,USLS (Uterosacral ligament suspension),No,No,6,5,Left
17,9:53:52 AM,9:53:53 AM,00:01,USLS (Uterosacral ligament suspension),No,No,6,5,Left
1,9:53:53 AM,10:00:49 AM,06:56,USLS (Uterosacral ligament suspension),No,No,6,5,Left
17,10:00:49 AM,10:01:25 AM,00:36,USLS (Uterosacral ligament suspension),No,No,6,5,Left
18,10:01:25 AM,10:01:32 AM,00:07,USLS (Uterosacral ligament suspension),No,No,6,5,Left
17,10:01:32 AM,10:02:06 AM,00:34,USLS (Uterosacral ligament suspension),No,No,6,5,Left
1,10:02:06 AM,10:02:35 AM,00:29,USLS (Uterosacral ligament suspension),No,No,6,5,Left
17,10:06:12 AM,10:07:39 AM,01:27,Cysto (Cystoscopy),No,No,7,6,Left
1,10:07:39 AM,10:07:54 AM,00:15,Cysto (Cystoscopy),No,No,7,6,Left
17,10:07:54 AM,10:07:54 AM,00:00,Cysto (Cystoscopy),No,No,7,6,Left
1,10:07:54 AM,10:08:11 AM,00:17,Cysto (Cystoscopy),No,No,7,6,Left
17,10:08:11 AM,10:08:20 AM,00:09,Cysto (Cystoscopy),No,No,7,6,Left
1,10:08:20 AM,10:08:40 AM,00:20,Cysto (Cystoscopy),No,No,7,6,Left
17,10:08:40 AM,10:08:44 AM,00:04,Cysto (Cystoscopy),No,No,7,6,Left
1,10:08:44 AM,10:08:44 AM,00:00,Cysto (Cystoscopy),No,No,7,6,Left
17,10:08:44 AM,10:09:17 AM,00:33,Cysto (Cystoscopy),No,No,7,6,Left
1,10:09:17 AM,10:09:41 AM,00:24,Cysto (Cystoscopy),No,No,7,6,Left
17,10:11:54 AM,10:12:50 AM,00:56,TVH (Transvaginal hysterectomy),No,No,8,7,Left
18,10:12:50 AM,10:13:10 AM,00:20,TVH (Transvaginal hysterectomy),No,No,8,7,Left
17,10:13:10 AM,10:15:09 AM,01:59,TVH (Transvaginal hysterectomy),No,No,8,7,Left
18,10:15:09 AM,10:15:21 AM,00:12,TVH (Transvaginal hysterectomy),No,No,8,7,Left
17,10:15:21 AM,10:15:33 AM,00:12,TVH (Transvaginal hysterectomy),No,No,8,7,Left
18,10:15:33 AM,10:16:05 AM,00:32,TVH (Transvaginal hysterectomy),No,No,8,7,Left
17,10:16:05 AM,10:16:06 AM,00:01,TVH (Transvaginal hysterectomy),No,No,8,7,Left
25,10:16:06 AM,10:16:08 AM,00:02,TVH (Transvaginal hysterectomy),No,No,8,7,Left
17,10:16:08 AM,10:16:14 AM,00:06,TVH (Transvaginal hysterectomy),No,No,8,7,Left
25,10:16:14 AM,10:16:15 AM,00:01,TVH (Transvaginal hysterectomy),No,No,8,7,Left
27,10:16:15 AM,10:16:16 AM,00:01,TVH (Transvaginal hysterectomy),No,No,8,7,Left
25,10:16:16 AM,10:16:17 AM,00:01,TVH (Transvaginal hysterectomy),No,No,8,7,Left
17,10:16:17 AM,10:16:18 AM,00:01,TVH (Transvaginal hysterectomy),No,No,8,7,Left
1,10:16:18 AM,10:16:19 AM,00:01,TVH (Transvaginal hysterectomy),No,No,8,7,Left
17,10:16:19 AM,10:16:20 AM,00:01,TVH (Transvaginal hysterectomy),No,No,8,7,Left
1,10:16:20 AM,10:17:15 AM,00:55,TVH (Transvaginal hysterectomy),No,No,8,7,Left
2,10:17:15 AM,10:17:16 AM,00:01,TVH (Transvaginal hysterectomy),No,No,8,7,Left
1,10:17:16 AM,10:17:18 AM,00:02,TVH (Transvaginal hysterectomy),No,No,8,7,Left
17,10:19:40 AM,10:19:47 AM,00:07,PR (Posterior repair),No,No,10,8,Left
18,10:19:47 AM,10:20:16 AM,00:29,PR (Posterior repair),No,No,10,8,Left
2,10:20:16 AM,10:21:36 AM,01:20,PR (Posterior repair),No,No,10,8,Left
18,10:21:36 AM,10:21:54 AM,00:18,PR (Posterior repair),No,No,10,8,Left
20,10:21:54 AM,10:22:11 AM,00:17,PR (Posterior repair),No,No,10,8,Left
18,10:22:11 AM,10:22:31 AM,00:20,PR (Posterior repair),No,No,10,8,Left
2,10:22:31 AM,10:22:32 AM,00:01,PR (Posterior repair),No,No,10,8,Left
18,10:22:32 AM,10:24:09 AM,01:37,PR (Posterior repair),No,No,10,8,Left
17,10:24:09 AM,10:25:28 AM,01:19,PR (Posterior repair),No,No,10,8,Left
18,10:25:28 AM,10:25:39 AM,00:11,PR (Posterior repair),No,No,10,8,Left
17,10:25:39 AM,10:26:16 AM,00:37,PR (Posterior repair),No,No,10,8,Left
18,10:26:16 AM,10:26:48 AM,00:32,PR (Posterior repair),No,No,10,8,Left
17,10:26:48 AM,10:29:07 AM,02:19,PR (Posterior repair),No,No,10,8,Left
18,10:29:07 AM,10:29:41 AM,00:34,PR (Posterior repair),No,No,10,8,Left
17,10:29:41 AM,10:30:57 AM,01:16,PR (Posterior repair),No,No,10,8,Left
18,10:30:57 AM,10:31:11 AM,00:14,PR (Posterior repair),No,No,10,8,Left
2,10:31:11 AM,10:32:00 AM,00:49,PR (Posterior repair),No,No,10,8,Left
1,10:32:00 AM,10:32:36 AM,00:36,PR (Posterior repair),No,No,10,8,Left
2,10:32:36 AM,10:32:37 AM,00:01,PR (Posterior repair),No,No,10,8,Left
18,10:32:37 AM,10:34:47 AM,02:10,PR (Posterior repair),No,No,10,8,Left
17,10:34:47 AM,10:34:51 AM,00:04,PR (Posterior repair),No,No,10,8,Left
18,10:34:51 AM,10:36:04 AM,01:13,PR (Posterior repair),No,No,10,8,Left
20,10:36:04 AM,10:36:06 AM,00:02,PR (Posterior repair),No,No,10,8,Left
18,10:36:06 AM,10:36:13 AM,00:07,PR (Posterior repair),No,No,10,8,Left
17,10:36:13 AM,10:36:15 AM,00:02,PR (Posterior repair),No,No,10,8,Left
18,10:36:15 AM,10:36:35 AM,00:20,PR (Posterior repair),No,No,10,8,Left
20,10:36:35 AM,10:36:36 AM,00:01,PR (Posterior repair),No,No,10,8,Left
18,10:36:36 AM,10:40:51 AM,04:15,PR (Posterior repair),No,No,10,8,Left
17,10:40:51 AM,10:40:52 AM,00:01,PR (Posterior repair),No,No,11,8,Left
1,10:40:52 AM,10:40:54 AM,00:02,PR (Posterior repair),No,No,11,8,Left
2,10:40:54 AM,10:40:56 AM,00:02,PR (Posterior repair),No,No,11,8,Left
18,10:40:56 AM,10:40:58 AM,00:02,PR (Posterior repair),No,No,11,8,Left
22,10:40:58 AM,10:40:59 AM,00:01,PR (Posterior repair),No,No,11,8,Left
18,10:40:59 AM,10:41:00 AM,00:01,PR (Posterior repair),No,No,11,8,Left
2,10:41:00 AM,10:41:01 AM,00:01,PR (Posterior repair),No,No,11,8,Left
1,10:41:01 AM,10:42:34 AM,01:33,PR (Posterior repair),No,No,11,8,Left
