Posture Code,Start ,End,Duration,Task Code,Stool Usage,Sitting,Bed Code,Patient Code,Location
1,9:09:18 AM,9:09:21 AM,00:03,TVH (Transvaginal hysterectomy),No,No,1,1,Center
17,9:09:21 AM,9:09:25 AM,00:04,TVH (Transvaginal hysterectomy),No,No,1,1,Center
1,9:09:25 AM,9:09:29 AM,00:04,TVH (Transvaginal hysterectomy),No,No,1,1,Center
17,9:09:29 AM,9:09:44 AM,00:15,TVH (Transvaginal hysterectomy),No,No,1,1,Center
1,9:09:44 AM,9:09:46 AM,00:02,TVH (Transvaginal hysterectomy),No,No,1,1,Center
2,9:09:46 AM,9:09:47 AM,00:01,TVH (Transvaginal hysterectomy),No,No,1,1,Center
18,9:09:47 AM,9:09:48 AM,00:01,TVH (Transvaginal hysterectomy),No,No,1,1,Center
26,9:09:48 AM,9:09:57 AM,00:09,TVH (Transvaginal hysterectomy),No,No,1,1,Center
25,9:09:57 AM,9:10:08 AM,00:11,TVH (Transvaginal hysterectomy),No,No,1,1,Center
9,9:10:08 AM,9:10:50 AM,00:42,TVH (Transvaginal hysterectomy),No,No,1,1,Center
1,9:10:50 AM,9:11:20 AM,00:30,TVH (Transvaginal hysterectomy),No,No,1,1,Center
9,9:11:20 AM,9:11:24 AM,00:04,TVH (Transvaginal hysterectomy),No,No,1,1,Center
10,9:11:24 AM,9:11:26 AM,00:02,TVH (Transvaginal hysterectomy),No,No,1,1,Center
9,9:11:26 AM,9:11:28 AM,00:02,TVH (Transvaginal hysterectomy),No,No,1,1,Center
1,9:11:28 AM,9:11:29 AM,00:01,TVH (Transvaginal hysterectomy),No,No,1,1,Center
9,9:11:29 AM,9:11:30 AM,00:01,TVH (Transvaginal hysterectomy),No,No,1,1,Center
1,9:11:30 AM,9:11:44 AM,00:14,TVH (Transvaginal hysterectomy),No,No,1,1,Center
17,9:11:44 AM,9:11:57 AM,00:13,TVH (Transvaginal hysterectomy),No,No,1,1,Center
1,9:11:57 AM,9:11:59 AM,00:02,TVH (Transvaginal hysterectomy),No,No,1,1,Center
9,9:11:59 AM,9:12:01 AM,00:02,TVH (Transvaginal hysterectomy),No,No,1,1,Center
1,9:12:01 AM,9:13:08 AM,01:07,TVH (Transvaginal hysterectomy),No,No,1,1,Center
17,9:13:08 AM,9:13:09 AM,00:01,TVH (Transvaginal hysterectomy),No,No,1,1,Center
1,9:13:09 AM,9:13:18 AM,00:09,TVH (Transvaginal hysterectomy),No,No,1,1,Center
17,9:13:18 AM,9:13:26 AM,00:08,TVH (Transvaginal hysterectomy),No,No,1,1,Center
1,9:13:26 AM,9:13:27 AM,00:01,TVH (Transvaginal hysterectomy),No,No,1,1,Center
17,9:13:27 AM,9:13:29 AM,00:02,TVH (Transvaginal hysterectomy),No,No,1,1,Center
1,9:13:29 AM,9:14:34 AM,01:05,TVH (Transvaginal hysterectomy),No,No,1,1,Center
17,9:14:34 AM,9:14:35 AM,00:01,TVH (Transvaginal hysterectomy),No,No,1,1,Center
1,9:14:35 AM,9:14:36 AM,00:01,TVH (Transvaginal hysterectomy),No,No,1,1,Center
17,9:14:36 AM,9:14:39 AM,00:03,TVH (Transvaginal hysterectomy),No,No,1,1,Center
1,9:14:39 AM,9:15:18 AM,00:39,TVH (Transvaginal hysterectomy),No,No,1,1,Center
17,9:15:18 AM,9:15:20 AM,00:02,TVH (Transvaginal hysterectomy),No,No,1,1,Center
1,9:15:20 AM,9:15:28 AM,00:08,TVH (Transvaginal hysterectomy),No,No,1,1,Center
2,9:15:28 AM,9:15:30 AM,00:02,TVH (Transvaginal hysterectomy),No,No,1,1,Center
1,9:15:30 AM,9:15:34 AM,00:04,TVH (Transvaginal hysterectomy),No,No,1,1,Center
9,9:15:34 AM,9:15:35 AM,00:01,TVH (Transvaginal hysterectomy),No,No,1,1,Center
1,9:15:35 AM,9:15:38 AM,00:03,TVH (Transvaginal hysterectomy),No,No,1,1,Center
2,9:15:38 AM,9:15:41 AM,00:03,TVH (Transvaginal hysterectomy),No,No,1,1,Center
18,9:15:41 AM,9:15:59 AM,00:18,TVH (Transvaginal hysterectomy),No,No,1,1,Center
2,9:15:59 AM,9:16:00 AM,00:01,TVH (Transvaginal hysterectomy),No,No,1,1,Center
1,9:16:00 AM,9:16:51 AM,00:51,TVH (Transvaginal hysterectomy),No,No,1,1,Center
17,9:16:51 AM,9:16:52 AM,00:01,TVH (Transvaginal hysterectomy),No,No,1,1,Center
1,9:16:52 AM,9:17:33 AM,00:41,TVH (Transvaginal hysterectomy),No,No,1,1,Center
17,9:17:33 AM,9:17:43 AM,00:10,TVH (Transvaginal hysterectomy),No,No,1,1,Center
1,9:17:43 AM,9:17:46 AM,00:03,TVH (Transvaginal hysterectomy),No,No,1,1,Center
3,9:17:46 AM,9:17:48 AM,00:02,TVH (Transvaginal hysterectomy),No,No,1,1,Center
11,9:17:48 AM,9:17:49 AM,00:01,TVH (Transvaginal hysterectomy),No,No,1,1,Center
9,9:17:49 AM,9:17:51 AM,00:02,TVH (Transvaginal hysterectomy),No,No,1,1,Center
1,9:17:51 AM,9:17:52 AM,00:01,TVH (Transvaginal hysterectomy),No,No,1,1,Center
17,9:17:52 AM,9:17:56 AM,00:04,TVH (Transvaginal hysterectomy),No,No,1,1,Center
1,9:17:56 AM,9:18:03 AM,00:07,TVH (Transvaginal hysterectomy),No,No,1,1,Center
17,9:18:03 AM,9:18:04 AM,00:01,TVH (Transvaginal hysterectomy),No,No,1,1,Center
1,9:18:04 AM,9:18:12 AM,00:08,TVH (Transvaginal hysterectomy),No,No,1,1,Center
2,9:18:12 AM,9:18:23 AM,00:11,TVH (Transvaginal hysterectomy),No,No,1,1,Center
1,9:18:23 AM,9:18:24 AM,00:01,TVH (Transvaginal hysterectomy),No,No,1,1,Center
17,9:18:24 AM,9:18:25 AM,00:01,TVH (Transvaginal hysterectomy),No,No,1,1,Center
1,9:18:25 AM,9:18:29 AM,00:04,TVH (Transvaginal hysterectomy),No,No,1,1,Center
17,9:18:29 AM,9:18:34 AM,00:05,TVH (Transvaginal hysterectomy),No,No,1,1,Center
1,9:18:34 AM,9:18:36 AM,00:02,TVH (Transvaginal hysterectomy),No,No,1,1,Center
17,9:18:36 AM,9:18:44 AM,00:08,TVH (Transvaginal hysterectomy),No,No,1,1,Center
1,9:18:44 AM,9:18:55 AM,00:11,TVH (Transvaginal hysterectomy),No,No,1,1,Center
17,9:18:55 AM,9:19:14 AM,00:19,TVH (Transvaginal hysterectomy),No,No,1,1,Center
18,9:19:14 AM,9:19:17 AM,00:03,TVH (Transvaginal hysterectomy),No,No,1,1,Center
17,9:19:17 AM,9:19:27 AM,00:10,TVH (Transvaginal hysterectomy),No,No,1,1,Center
1,9:19:27 AM,9:19:35 AM,00:08,TVH (Transvaginal hysterectomy),No,No,1,1,Center
17,9:19:35 AM,9:19:37 AM,00:02,TVH (Transvaginal hysterectomy),No,No,1,1,Center
1,9:19:37 AM,9:19:37 AM,00:00,TVH (Transvaginal hysterectomy),No,No,1,1,Center
2,9:19:37 AM,9:20:58 AM,01:21,TVH (Transvaginal hysterectomy),No,No,1,1,Center
1,9:20:58 AM,9:21:14 AM,00:16,TVH (Transvaginal hysterectomy),No,No,1,1,Center
2,9:21:14 AM,9:21:16 AM,00:02,TVH (Transvaginal hysterectomy),No,No,1,1,Center
4,9:21:16 AM,9:21:39 AM,00:23,TVH (Transvaginal hysterectomy),No,No,1,1,Center
2,9:21:39 AM,9:21:42 AM,00:03,TVH (Transvaginal hysterectomy),No,No,1,1,Center
1,9:21:42 AM,9:21:44 AM,00:02,TVH (Transvaginal hysterectomy),No,No,1,1,Center
17,9:21:44 AM,9:21:45 AM,00:01,TVH (Transvaginal hysterectomy),No,No,1,1,Center
1,9:21:45 AM,9:21:47 AM,00:02,TVH (Transvaginal hysterectomy),No,No,1,1,Center
17,9:21:47 AM,9:21:58 AM,00:11,TVH (Transvaginal hysterectomy),No,No,1,1,Center
1,9:21:58 AM,9:22:00 AM,00:02,TVH (Transvaginal hysterectomy),No,No,1,1,Center
9,9:22:00 AM,9:22:24 AM,00:24,TVH (Transvaginal hysterectomy),No,No,1,1,Center
25,9:22:24 AM,9:22:26 AM,00:02,TVH (Transvaginal hysterectomy),No,No,1,1,Center
17,9:22:26 AM,9:22:29 AM,00:03,TVH (Transvaginal hysterectomy),No,No,1,1,Center
1,9:22:29 AM,9:22:36 AM,00:07,TVH (Transvaginal hysterectomy),No,No,1,1,Center
17,9:22:36 AM,9:23:00 AM,00:24,TVH (Transvaginal hysterectomy),No,No,1,1,Center
1,9:23:00 AM,9:23:00 AM,00:00,TVH (Transvaginal hysterectomy),No,No,1,1,Center
17,9:23:00 AM,9:23:06 AM,00:06,TVH (Transvaginal hysterectomy),No,No,1,1,Center
1,9:23:06 AM,9:23:08 AM,00:02,TVH (Transvaginal hysterectomy),No,No,1,1,Center
17,9:23:08 AM,9:23:37 AM,00:29,TVH (Transvaginal hysterectomy),No,No,1,1,Center
1,9:23:37 AM,9:24:01 AM,00:24,TVH (Transvaginal hysterectomy),No,No,1,1,Center
17,9:24:01 AM,9:24:02 AM,00:01,TVH (Transvaginal hysterectomy),No,No,1,1,Center
1,9:24:02 AM,9:24:04 AM,00:02,TVH (Transvaginal hysterectomy),No,No,1,1,Center
2,9:24:04 AM,9:24:06 AM,00:02,TVH (Transvaginal hysterectomy),No,No,1,1,Center
1,9:24:06 AM,9:24:09 AM,00:03,TVH (Transvaginal hysterectomy),No,No,1,1,Center
17,9:24:09 AM,9:24:12 AM,00:03,TVH (Transvaginal hysterectomy),No,No,1,1,Center
1,9:24:12 AM,9:24:21 AM,00:09,TVH (Transvaginal hysterectomy),No,No,1,1,Center
17,9:24:21 AM,9:24:22 AM,00:01,TVH (Transvaginal hysterectomy),No,No,1,1,Center
1,9:24:22 AM,9:24:26 AM,00:04,TVH (Transvaginal hysterectomy),No,No,1,1,Center
2,9:24:26 AM,9:24:32 AM,00:06,TVH (Transvaginal hysterectomy),No,No,1,1,Center
1,9:24:32 AM,9:24:33 AM,00:01,TVH (Transvaginal hysterectomy),No,No,1,1,Center
17,9:24:33 AM,9:24:35 AM,00:02,TVH (Transvaginal hysterectomy),No,No,1,1,Center
1,9:24:35 AM,9:24:37 AM,00:02,TVH (Transvaginal hysterectomy),No,No,1,1,Center
2,9:24:37 AM,9:24:39 AM,00:02,TVH (Transvaginal hysterectomy),No,No,1,1,Center
18,9:24:39 AM,9:24:48 AM,00:09,TVH (Transvaginal hysterectomy),No,No,1,1,Center
2,9:24:48 AM,9:24:49 AM,00:01,TVH (Transvaginal hysterectomy),No,No,1,1,Center
1,9:24:49 AM,9:24:51 AM,00:02,TVH (Transvaginal hysterectomy),No,No,1,1,Center
17,9:24:51 AM,9:24:57 AM,00:06,TVH (Transvaginal hysterectomy),No,No,1,1,Center
1,9:24:57 AM,9:25:30 AM,00:33,TVH (Transvaginal hysterectomy),No,No,1,1,Center
9,9:25:30 AM,9:25:31 AM,00:01,TVH (Transvaginal hysterectomy),No,No,1,1,Center
1,9:25:31 AM,9:25:44 AM,00:13,TVH (Transvaginal hysterectomy),No,No,1,1,Center
17,9:25:44 AM,9:25:45 AM,00:01,TVH (Transvaginal hysterectomy),No,No,1,1,Center
1,9:25:45 AM,9:25:49 AM,00:04,TVH (Transvaginal hysterectomy),No,No,1,1,Center
2,9:25:49 AM,9:25:58 AM,00:09,TVH (Transvaginal hysterectomy),No,No,1,1,Center
1,9:25:58 AM,9:26:08 AM,00:10,TVH (Transvaginal hysterectomy),No,No,1,1,Center
17,9:26:08 AM,9:26:14 AM,00:06,TVH (Transvaginal hysterectomy),No,No,1,1,Center
1,9:26:14 AM,9:26:16 AM,00:02,TVH (Transvaginal hysterectomy),No,No,1,1,Center
2,9:26:16 AM,9:26:18 AM,00:02,TVH (Transvaginal hysterectomy),No,No,1,1,Center
18,9:26:18 AM,9:26:25 AM,00:07,TVH (Transvaginal hysterectomy),No,No,1,1,Center
2,9:26:25 AM,9:26:25 AM,00:00,TVH (Transvaginal hysterectomy),No,No,1,1,Center
1,9:26:25 AM,9:26:27 AM,00:02,TVH (Transvaginal hysterectomy),No,No,1,1,Center
2,9:26:27 AM,9:26:28 AM,00:01,TVH (Transvaginal hysterectomy),No,No,1,1,Center
18,9:26:28 AM,9:26:39 AM,00:11,TVH (Transvaginal hysterectomy),No,No,1,1,Center
17,9:26:39 AM,9:26:40 AM,00:01,TVH (Transvaginal hysterectomy),No,No,1,1,Center
1,9:26:40 AM,9:27:12 AM,00:32,TVH (Transvaginal hysterectomy),No,No,1,1,Center
17,9:27:12 AM,9:27:20 AM,00:08,TVH (Transvaginal hysterectomy),No,No,1,1,Center
25,9:27:20 AM,9:27:21 AM,00:01,TVH (Transvaginal hysterectomy),No,No,1,1,Center
9,9:27:21 AM,9:27:22 AM,00:01,TVH (Transvaginal hysterectomy),No,No,1,1,Center
10,9:27:22 AM,9:27:24 AM,00:02,TVH (Transvaginal hysterectomy),No,No,1,1,Center
2,9:27:24 AM,9:27:59 AM,00:35,TVH (Transvaginal hysterectomy),No,No,1,1,Center
4,9:27:59 AM,9:28:00 AM,00:01,TVH (Transvaginal hysterectomy),No,No,1,1,Center
3,9:28:00 AM,9:28:04 AM,00:04,TVH (Transvaginal hysterectomy),No,No,1,1,Center
4,9:28:04 AM,9:28:05 AM,00:01,TVH (Transvaginal hysterectomy),No,No,1,1,Center
2,9:28:05 AM,9:28:07 AM,00:02,TVH (Transvaginal hysterectomy),No,No,1,1,Center
18,9:28:07 AM,9:28:09 AM,00:02,TVH (Transvaginal hysterectomy),No,No,1,1,Center
2,9:28:09 AM,9:28:13 AM,00:04,TVH (Transvaginal hysterectomy),No,No,1,1,Center
18,9:28:13 AM,9:28:17 AM,00:04,TVH (Transvaginal hysterectomy),No,No,1,1,Center
2,9:28:17 AM,9:28:19 AM,00:02,TVH (Transvaginal hysterectomy),No,No,1,1,Center
18,9:28:19 AM,9:28:35 AM,00:16,TVH (Transvaginal hysterectomy),No,No,1,1,Center
2,9:28:35 AM,9:28:37 AM,00:02,TVH (Transvaginal hysterectomy),No,No,1,1,Center
18,9:28:37 AM,9:28:41 AM,00:04,TVH (Transvaginal hysterectomy),No,No,1,1,Center
2,9:28:41 AM,9:28:48 AM,00:07,TVH (Transvaginal hysterectomy),No,No,1,1,Center
18,9:28:48 AM,9:28:50 AM,00:02,TVH (Transvaginal hysterectomy),No,No,1,1,Center
17,9:28:50 AM,9:29:14 AM,00:24,TVH (Transvaginal hysterectomy),No,No,1,1,Center
25,9:29:14 AM,9:29:16 AM,00:02,TVH (Transvaginal hysterectomy),No,No,1,1,Center
17,9:29:16 AM,9:29:23 AM,00:07,TVH (Transvaginal hysterectomy),No,No,1,1,Center
1,9:29:23 AM,9:29:25 AM,00:02,TVH (Transvaginal hysterectomy),No,No,1,1,Center
17,9:29:25 AM,9:29:29 AM,00:04,TVH (Transvaginal hysterectomy),No,No,1,1,Center
1,9:29:29 AM,9:29:32 AM,00:03,TVH (Transvaginal hysterectomy),No,No,1,1,Center
9,9:29:32 AM,9:29:34 AM,00:02,TVH (Transvaginal hysterectomy),No,No,1,1,Center
1,9:29:34 AM,9:29:41 AM,00:07,TVH (Transvaginal hysterectomy),No,No,1,1,Center
17,9:29:41 AM,9:29:45 AM,00:04,TVH (Transvaginal hysterectomy),No,No,1,1,Center
21,9:29:45 AM,9:29:48 AM,00:03,TVH (Transvaginal hysterectomy),No,No,1,1,Center
17,9:29:48 AM,9:30:12 AM,00:24,TVH (Transvaginal hysterectomy),No,No,1,1,Center
1,9:30:12 AM,9:30:19 AM,00:07,TVH (Transvaginal hysterectomy),No,No,1,1,Center
17,9:30:19 AM,9:30:20 AM,00:01,TVH (Transvaginal hysterectomy),No,No,1,1,Center
1,9:30:20 AM,9:30:59 AM,00:39,TVH (Transvaginal hysterectomy),No,No,1,1,Center
2,9:30:59 AM,9:31:01 AM,00:02,TVH (Transvaginal hysterectomy),No,No,1,1,Center
18,9:31:01 AM,9:31:05 AM,00:04,TVH (Transvaginal hysterectomy),No,No,1,1,Center
2,9:31:05 AM,9:31:10 AM,00:05,TVH (Transvaginal hysterectomy),No,No,1,1,Center
1,9:31:10 AM,9:31:11 AM,00:01,TVH (Transvaginal hysterectomy),No,No,1,1,Center
17,9:31:11 AM,9:31:13 AM,00:02,TVH (Transvaginal hysterectomy),No,No,1,1,Center
1,9:31:13 AM,9:31:18 AM,00:05,TVH (Transvaginal hysterectomy),No,No,1,1,Center
2,9:31:18 AM,9:31:23 AM,00:05,TVH (Transvaginal hysterectomy),No,No,1,1,Center
18,9:31:23 AM,9:31:24 AM,00:01,TVH (Transvaginal hysterectomy),No,No,1,1,Center
17,9:31:24 AM,9:31:26 AM,00:02,TVH (Transvaginal hysterectomy),No,No,1,1,Center
25,9:31:26 AM,9:31:27 AM,00:01,TVH (Transvaginal hysterectomy),No,No,1,1,Center
17,9:31:27 AM,9:31:28 AM,00:01,TVH (Transvaginal hysterectomy),No,No,1,1,Center
1,9:31:28 AM,9:31:29 AM,00:01,TVH (Transvaginal hysterectomy),No,No,1,1,Center
17,9:31:29 AM,9:31:43 AM,00:14,TVH (Transvaginal hysterectomy),No,No,1,1,Center
18,9:31:43 AM,9:31:50 AM,00:07,TVH (Transvaginal hysterectomy),No,No,1,1,Center
2,9:31:50 AM,9:31:54 AM,00:04,TVH (Transvaginal hysterectomy),No,No,1,1,Center
1,9:31:54 AM,9:32:12 AM,00:18,TVH (Transvaginal hysterectomy),No,No,1,1,Center
9,9:32:12 AM,9:32:16 AM,00:04,TVH (Transvaginal hysterectomy),No,No,1,1,Center
1,9:32:16 AM,9:32:29 AM,00:13,TVH (Transvaginal hysterectomy),No,No,1,1,Center
9,9:32:29 AM,9:32:31 AM,00:02,TVH (Transvaginal hysterectomy),No,No,1,1,Center
1,9:32:31 AM,9:32:32 AM,00:01,TVH (Transvaginal hysterectomy),No,No,1,1,Center
17,9:32:32 AM,9:32:33 AM,00:01,TVH (Transvaginal hysterectomy),No,No,1,1,Center
1,9:32:33 AM,9:33:19 AM,00:46,TVH (Transvaginal hysterectomy),No,No,1,1,Center
9,9:33:19 AM,9:34:07 AM,00:48,TVH (Transvaginal hysterectomy),No,No,1,1,Center
1,9:34:07 AM,9:34:34 AM,00:27,TVH (Transvaginal hysterectomy),No,No,2,1,Center
17,9:34:34 AM,9:34:35 AM,00:01,TVH (Transvaginal hysterectomy),No,No,2,1,Center
1,9:34:35 AM,9:34:36 AM,00:01,TVH (Transvaginal hysterectomy),No,No,2,1,Center
9,9:34:36 AM,9:34:37 AM,00:01,TVH (Transvaginal hysterectomy),No,No,2,1,Center
1,9:34:37 AM,9:34:53 AM,00:16,TVH (Transvaginal hysterectomy),No,No,2,1,Center
17,9:34:53 AM,9:34:54 AM,00:01,TVH (Transvaginal hysterectomy),No,No,2,1,Center
1,9:34:54 AM,9:34:55 AM,00:01,TVH (Transvaginal hysterectomy),No,No,2,1,Center
2,9:34:55 AM,9:34:56 AM,00:01,TVH (Transvaginal hysterectomy),No,No,2,1,Center
4,9:34:56 AM,9:35:03 AM,00:07,TVH (Transvaginal hysterectomy),No,No,2,1,Center
2,9:35:03 AM,9:35:03 AM,00:00,TVH (Transvaginal hysterectomy),No,No,2,1,Center
1,9:35:03 AM,9:35:04 AM,00:01,TVH (Transvaginal hysterectomy),No,No,2,1,Center
17,9:35:04 AM,9:35:05 AM,00:01,TVH (Transvaginal hysterectomy),No,No,2,1,Center
1,9:35:05 AM,9:35:10 AM,00:05,TVH (Transvaginal hysterectomy),No,No,2,1,Center
17,9:35:10 AM,9:35:11 AM,00:01,TVH (Transvaginal hysterectomy),No,No,2,1,Center
1,9:35:11 AM,9:35:12 AM,00:01,TVH (Transvaginal hysterectomy),No,No,2,1,Center
17,9:35:12 AM,9:35:18 AM,00:06,TVH (Transvaginal hysterectomy),No,No,2,1,Center
1,9:35:18 AM,9:35:25 AM,00:07,TVH (Transvaginal hysterectomy),No,No,2,1,Center
2,9:35:25 AM,9:35:29 AM,00:04,TVH (Transvaginal hysterectomy),No,No,2,1,Center
6,9:35:29 AM,9:35:39 AM,00:10,TVH (Transvaginal hysterectomy),No,No,2,1,Center
5,9:35:39 AM,9:35:43 AM,00:04,TVH (Transvaginal hysterectomy),No,No,2,1,Center
21,9:35:43 AM,9:35:49 AM,00:06,TVH (Transvaginal hysterectomy),No,No,2,1,Center
17,9:35:49 AM,9:35:51 AM,00:02,TVH (Transvaginal hysterectomy),No,No,2,1,Center
1,9:35:51 AM,9:35:57 AM,00:06,TVH (Transvaginal hysterectomy),No,No,2,1,Center
5,9:35:57 AM,9:36:01 AM,00:04,TVH (Transvaginal hysterectomy),No,No,2,1,Center
1,9:36:01 AM,9:36:03 AM,00:02,TVH (Transvaginal hysterectomy),No,No,2,1,Center
2,9:36:03 AM,9:36:06 AM,00:03,TVH (Transvaginal hysterectomy),No,No,2,1,Center
18,9:36:06 AM,9:36:14 AM,00:08,TVH (Transvaginal hysterectomy),No,No,2,1,Center
2,9:36:14 AM,9:36:14 AM,00:00,TVH (Transvaginal hysterectomy),No,No,2,1,Center
1,9:36:14 AM,9:36:27 AM,00:13,TVH (Transvaginal hysterectomy),No,No,2,1,Center
9,9:36:27 AM,9:36:32 AM,00:05,TVH (Transvaginal hysterectomy),No,No,2,1,Center
1,9:36:32 AM,9:37:12 AM,00:40,TVH (Transvaginal hysterectomy),No,No,2,1,Center
2,9:37:12 AM,9:37:18 AM,00:06,TVH (Transvaginal hysterectomy),No,No,2,1,Center
1,9:37:18 AM,9:37:37 AM,00:19,TVH (Transvaginal hysterectomy),No,No,2,1,Center
17,9:37:37 AM,9:37:38 AM,00:01,TVH (Transvaginal hysterectomy),No,No,2,1,Center
1,9:37:38 AM,9:38:05 AM,00:27,TVH (Transvaginal hysterectomy),No,No,2,1,Center
2,9:41:29 AM,9:41:37 AM,00:08,USLS (Uterosacral ligament suspension),No,No,5,3,Center
1,9:41:37 AM,9:41:57 AM,00:20,USLS (Uterosacral ligament suspension),No,No,5,3,Center
17,9:41:57 AM,9:41:58 AM,00:01,USLS (Uterosacral ligament suspension),No,No,5,3,Center
1,9:41:58 AM,9:42:25 AM,00:27,USLS (Uterosacral ligament suspension),No,No,5,3,Center
9,9:42:25 AM,9:42:26 AM,00:01,USLS (Uterosacral ligament suspension),No,No,5,3,Center
25,9:42:26 AM,9:42:27 AM,00:01,USLS (Uterosacral ligament suspension),No,No,5,3,Center
9,9:42:27 AM,9:42:28 AM,00:01,USLS (Uterosacral ligament suspension),No,No,5,3,Center
1,9:42:28 AM,9:42:35 AM,00:07,USLS (Uterosacral ligament suspension),No,No,5,3,Center
2,9:42:35 AM,9:42:45 AM,00:10,USLS (Uterosacral ligament suspension),No,No,5,3,Center
18,9:42:45 AM,9:43:07 AM,00:22,USLS (Uterosacral ligament suspension),No,No,5,3,Center
22,9:43:07 AM,9:43:09 AM,00:02,USLS (Uterosacral ligament suspension),No,No,5,3,Center
18,9:43:09 AM,9:43:15 AM,00:06,USLS (Uterosacral ligament suspension),No,No,5,3,Center
17,9:43:15 AM,9:43:22 AM,00:07,USLS (Uterosacral ligament suspension),No,No,5,3,Center
1,9:43:22 AM,9:43:54 AM,00:32,USLS (Uterosacral ligament suspension),No,No,5,3,Center
17,9:43:54 AM,9:43:58 AM,00:04,USLS (Uterosacral ligament suspension),No,No,5,3,Center
1,9:43:58 AM,9:44:06 AM,00:08,USLS (Uterosacral ligament suspension),No,No,5,3,Center
17,9:44:06 AM,9:44:07 AM,00:01,USLS (Uterosacral ligament suspension),No,No,5,3,Center
1,9:44:07 AM,9:44:08 AM,00:01,USLS (Uterosacral ligament suspension),No,No,5,3,Center
17,9:44:08 AM,9:44:10 AM,00:02,USLS (Uterosacral ligament suspension),No,No,5,3,Center
21,9:44:10 AM,9:44:12 AM,00:02,USLS (Uterosacral ligament suspension),No,No,5,3,Center
17,9:44:12 AM,9:44:15 AM,00:03,USLS (Uterosacral ligament suspension),No,No,5,3,Center
18,9:44:15 AM,9:44:18 AM,00:03,USLS (Uterosacral ligament suspension),No,No,5,3,Center
17,9:44:18 AM,9:44:18 AM,00:00,USLS (Uterosacral ligament suspension),No,No,5,3,Center
1,9:44:18 AM,9:44:19 AM,00:01,USLS (Uterosacral ligament suspension),No,No,5,3,Center
17,9:44:19 AM,9:44:25 AM,00:06,USLS (Uterosacral ligament suspension),No,No,5,3,Center
18,9:44:25 AM,9:44:33 AM,00:08,USLS (Uterosacral ligament suspension),No,No,5,3,Center
22,9:44:33 AM,9:44:52 AM,00:19,USLS (Uterosacral ligament suspension),No,No,5,3,Center
18,9:44:52 AM,9:44:53 AM,00:01,USLS (Uterosacral ligament suspension),No,No,5,3,Center
2,9:44:53 AM,9:44:54 AM,00:01,USLS (Uterosacral ligament suspension),No,No,5,3,Center
18,9:44:54 AM,9:44:55 AM,00:01,USLS (Uterosacral ligament suspension),No,No,5,3,Center
2,9:44:55 AM,9:44:56 AM,00:01,USLS (Uterosacral ligament suspension),No,No,5,3,Center
18,9:44:56 AM,9:45:00 AM,00:04,USLS (Uterosacral ligament suspension),No,No,5,3,Center
22,9:45:00 AM,9:45:07 AM,00:07,USLS (Uterosacral ligament suspension),No,No,5,3,Center
6,9:45:07 AM,9:45:08 AM,00:01,USLS (Uterosacral ligament suspension),No,No,5,3,Center
2,9:45:08 AM,9:45:08 AM,00:00,USLS (Uterosacral ligament suspension),No,No,5,3,Center
10,9:45:08 AM,9:45:09 AM,00:01,USLS (Uterosacral ligament suspension),No,No,5,3,Center
9,9:45:09 AM,9:45:21 AM,00:12,USLS (Uterosacral ligament suspension),No,No,5,3,Center
1,9:45:21 AM,9:45:37 AM,00:16,USLS (Uterosacral ligament suspension),No,No,5,3,Center
9,9:45:37 AM,9:45:39 AM,00:02,USLS (Uterosacral ligament suspension),No,No,5,3,Center
25,9:45:39 AM,9:45:41 AM,00:02,USLS (Uterosacral ligament suspension),No,No,5,3,Center
9,9:45:41 AM,9:45:45 AM,00:04,USLS (Uterosacral ligament suspension),No,No,5,3,Center
25,9:45:45 AM,9:45:50 AM,00:05,USLS (Uterosacral ligament suspension),No,No,5,3,Center
17,9:45:50 AM,9:45:52 AM,00:02,USLS (Uterosacral ligament suspension),No,No,5,3,Center
1,9:45:52 AM,9:45:54 AM,00:02,USLS (Uterosacral ligament suspension),No,No,5,3,Center
2,9:45:54 AM,9:45:58 AM,00:04,USLS (Uterosacral ligament suspension),No,No,5,3,Center
1,9:45:58 AM,9:46:14 AM,00:16,USLS (Uterosacral ligament suspension),No,No,5,3,Center
17,9:46:14 AM,9:46:15 AM,00:01,USLS (Uterosacral ligament suspension),No,No,5,3,Center
18,9:46:15 AM,9:46:18 AM,00:03,USLS (Uterosacral ligament suspension),No,No,5,3,Center
2,9:46:18 AM,9:46:19 AM,00:01,USLS (Uterosacral ligament suspension),No,No,5,3,Center
18,9:46:19 AM,9:46:22 AM,00:03,USLS (Uterosacral ligament suspension),No,No,5,3,Center
2,9:46:22 AM,9:46:36 AM,00:14,USLS (Uterosacral ligament suspension),No,No,5,3,Center
10,9:46:36 AM,9:46:43 AM,00:07,USLS (Uterosacral ligament suspension),No,No,5,3,Center
2,9:46:43 AM,9:46:59 AM,00:16,USLS (Uterosacral ligament suspension),No,No,5,3,Center
10,9:46:59 AM,9:47:09 AM,00:10,USLS (Uterosacral ligament suspension),No,No,5,3,Center
2,9:47:09 AM,9:47:11 AM,00:02,USLS (Uterosacral ligament suspension),No,No,5,3,Center
18,9:47:11 AM,9:47:17 AM,00:06,USLS (Uterosacral ligament suspension),No,No,5,3,Center
2,9:47:17 AM,9:47:17 AM,00:00,USLS (Uterosacral ligament suspension),No,No,5,3,Center
1,9:47:17 AM,9:47:24 AM,00:07,USLS (Uterosacral ligament suspension),No,No,5,3,Center
2,9:47:24 AM,9:47:26 AM,00:02,USLS (Uterosacral ligament suspension),No,No,5,3,Center
1,9:47:26 AM,9:47:28 AM,00:02,USLS (Uterosacral ligament suspension),No,No,5,3,Center
17,9:47:28 AM,9:47:29 AM,00:01,USLS (Uterosacral ligament suspension),No,No,5,3,Center
1,9:47:29 AM,9:47:33 AM,00:04,USLS (Uterosacral ligament suspension),No,No,5,3,Center
2,9:47:33 AM,9:47:48 AM,00:15,USLS (Uterosacral ligament suspension),No,No,5,3,Center
18,9:47:48 AM,9:47:52 AM,00:04,USLS (Uterosacral ligament suspension),No,No,5,3,Center
2,9:47:52 AM,9:47:52 AM,00:00,USLS (Uterosacral ligament suspension),No,No,5,3,Center
18,9:47:52 AM,9:48:03 AM,00:11,USLS (Uterosacral ligament suspension),No,No,5,3,Center
2,9:48:03 AM,9:48:18 AM,00:15,USLS (Uterosacral ligament suspension),No,No,5,3,Center
18,9:48:18 AM,9:48:20 AM,00:02,USLS (Uterosacral ligament suspension),No,No,5,3,Center
22,9:48:20 AM,9:48:22 AM,00:02,USLS (Uterosacral ligament suspension),No,No,5,3,Center
18,9:48:22 AM,9:48:29 AM,00:07,USLS (Uterosacral ligament suspension),No,No,5,3,Center
2,9:48:29 AM,9:48:29 AM,00:00,USLS (Uterosacral ligament suspension),No,No,5,3,Center
18,9:48:29 AM,9:48:41 AM,00:12,USLS (Uterosacral ligament suspension),No,No,5,3,Center
2,9:48:41 AM,9:48:44 AM,00:03,USLS (Uterosacral ligament suspension),No,No,5,3,Center
18,9:48:44 AM,9:48:59 AM,00:15,USLS (Uterosacral ligament suspension),No,No,5,3,Center
2,9:48:59 AM,9:49:43 AM,00:44,USLS (Uterosacral ligament suspension),No,No,5,3,Center
10,9:49:43 AM,9:49:44 AM,00:01,USLS (Uterosacral ligament suspension),No,No,5,3,Center
2,9:49:44 AM,9:49:52 AM,00:08,USLS (Uterosacral ligament suspension),No,No,5,3,Center
18,9:49:52 AM,9:49:58 AM,00:06,USLS (Uterosacral ligament suspension),No,No,5,3,Center
2,9:49:58 AM,9:50:09 AM,00:11,USLS (Uterosacral ligament suspension),No,No,5,3,Center
18,9:50:09 AM,9:50:31 AM,00:22,USLS (Uterosacral ligament suspension),No,No,5,3,Center
2,9:50:31 AM,9:50:33 AM,00:02,USLS (Uterosacral ligament suspension),No,No,5,3,Center
1,9:50:33 AM,9:50:34 AM,00:01,USLS (Uterosacral ligament suspension),No,No,5,3,Center
17,9:50:34 AM,9:50:39 AM,00:05,USLS (Uterosacral ligament suspension),No,No,5,3,Center
1,9:50:39 AM,9:50:43 AM,00:04,USLS (Uterosacral ligament suspension),No,No,5,3,Center
9,9:50:43 AM,9:50:53 AM,00:10,USLS (Uterosacral ligament suspension),No,No,5,3,Center
1,9:50:53 AM,9:50:57 AM,00:04,USLS (Uterosacral ligament suspension),No,No,5,3,Center
9,9:50:57 AM,9:51:00 AM,00:03,USLS (Uterosacral ligament suspension),No,No,5,3,Center
25,9:51:00 AM,9:51:06 AM,00:06,USLS (Uterosacral ligament suspension),No,No,5,3,Center
9,9:51:06 AM,9:51:08 AM,00:02,USLS (Uterosacral ligament suspension),No,No,5,3,Center
1,9:51:08 AM,9:51:08 AM,00:00,USLS (Uterosacral ligament suspension),No,No,5,3,Center
2,9:51:08 AM,9:51:31 AM,00:23,USLS (Uterosacral ligament suspension),No,No,5,3,Center
1,9:51:31 AM,9:51:38 AM,00:07,USLS (Uterosacral ligament suspension),No,No,5,3,Center
17,9:54:40 AM,9:54:41 AM,00:01,AR (Anterior repair),No,No,6,4,Center
18,9:54:41 AM,9:54:42 AM,00:01,AR (Anterior repair),No,No,6,4,Center
2,9:54:42 AM,9:54:43 AM,00:01,AR (Anterior repair),No,No,6,4,Center
1,9:54:43 AM,9:56:01 AM,01:18,AR (Anterior repair),No,No,6,4,Center
17,9:56:01 AM,9:56:02 AM,00:01,AR (Anterior repair),No,No,6,4,Center
1,9:56:02 AM,9:56:26 AM,00:24,AR (Anterior repair),No,No,6,4,Center
5,9:56:26 AM,9:56:27 AM,00:01,AR (Anterior repair),No,No,6,4,Center
1,9:56:27 AM,9:56:29 AM,00:02,AR (Anterior repair),No,No,6,4,Center
17,9:56:29 AM,9:56:33 AM,00:04,AR (Anterior repair),No,No,6,4,Center
1,9:56:33 AM,9:56:36 AM,00:03,AR (Anterior repair),No,No,6,4,Center
5,9:56:36 AM,9:57:34 AM,00:58,AR (Anterior repair),No,No,6,4,Center
6,9:57:34 AM,9:57:51 AM,00:17,AR (Anterior repair),No,No,6,4,Center
2,9:57:51 AM,9:57:54 AM,00:03,AR (Anterior repair),No,No,6,4,Center
18,9:57:54 AM,9:57:58 AM,00:04,AR (Anterior repair),No,No,6,4,Center
2,9:57:58 AM,9:57:59 AM,00:01,AR (Anterior repair),No,No,6,4,Center
1,9:57:59 AM,9:58:14 AM,00:15,AR (Anterior repair),No,No,6,4,Center
17,9:58:14 AM,9:58:50 AM,00:36,AR (Anterior repair),No,No,6,4,Center
1,9:58:50 AM,9:58:52 AM,00:02,AR (Anterior repair),No,No,6,4,Center
5,9:58:52 AM,9:59:00 AM,00:08,AR (Anterior repair),No,No,6,4,Center
21,9:59:00 AM,9:59:01 AM,00:01,AR (Anterior repair),No,No,6,4,Center
17,9:59:01 AM,9:59:02 AM,00:01,AR (Anterior repair),No,No,6,4,Center
1,9:59:02 AM,9:59:04 AM,00:02,AR (Anterior repair),No,No,6,4,Center
17,9:59:04 AM,9:59:17 AM,00:13,AR (Anterior repair),No,No,6,4,Center
21,9:59:17 AM,9:59:21 AM,00:04,AR (Anterior repair),No,No,6,4,Center
5,9:59:21 AM,10:00:00 AM,00:39,AR (Anterior repair),No,No,6,4,Center
21,10:00:00 AM,10:00:12 AM,00:12,AR (Anterior repair),No,No,6,4,Center
5,10:00:12 AM,10:00:13 AM,00:01,AR (Anterior repair),No,No,6,4,Center
1,10:00:13 AM,10:00:16 AM,00:03,AR (Anterior repair),No,No,6,4,Center
17,10:00:16 AM,10:00:17 AM,00:01,AR (Anterior repair),No,No,6,4,Center
21,10:00:17 AM,10:00:39 AM,00:22,AR (Anterior repair),No,No,6,4,Center
17,10:00:39 AM,10:00:55 AM,00:16,AR (Anterior repair),No,No,6,4,Center
1,10:00:55 AM,10:00:57 AM,00:02,AR (Anterior repair),No,No,6,4,Center
17,10:00:57 AM,10:00:59 AM,00:02,AR (Anterior repair),No,No,6,4,Center
1,10:00:59 AM,10:01:10 AM,00:11,AR (Anterior repair),No,No,6,4,Center
17,10:01:10 AM,10:01:12 AM,00:02,AR (Anterior repair),No,No,6,4,Center
1,10:01:12 AM,10:01:29 AM,00:17,AR (Anterior repair),No,No,6,4,Center
5,10:01:29 AM,10:01:34 AM,00:05,AR (Anterior repair),No,No,6,4,Center
21,10:01:34 AM,10:02:01 AM,00:27,AR (Anterior repair),No,No,6,4,Center
5,10:02:01 AM,10:02:02 AM,00:01,AR (Anterior repair),No,No,6,4,Center
1,10:02:02 AM,10:02:06 AM,00:04,AR (Anterior repair),No,No,6,4,Center
9,10:02:06 AM,10:02:06 AM,00:00,AR (Anterior repair),No,No,6,4,Center
25,10:02:06 AM,10:02:09 AM,00:03,AR (Anterior repair),No,No,6,4,Center
17,10:02:09 AM,10:02:10 AM,00:01,AR (Anterior repair),No,No,6,4,Center
1,10:02:10 AM,10:04:22 AM,02:12,AR (Anterior repair),No,No,6,4,Center
9,10:04:22 AM,10:04:30 AM,00:08,AR (Anterior repair),No,No,6,4,Center
1,10:04:30 AM,10:05:38 AM,01:08,AR (Anterior repair),No,No,6,4,Center
17,10:05:38 AM,10:05:39 AM,00:01,AR (Anterior repair),No,No,6,4,Center
1,10:05:39 AM,10:05:53 AM,00:14,AR (Anterior repair),No,No,6,4,Center
9,10:07:30 AM,10:07:32 AM,00:02,Cysto (Cystoscopy),No,No,7,5,Center
25,10:07:32 AM,10:08:12 AM,00:40,Cysto (Cystoscopy),No,No,7,5,Center
17,10:08:12 AM,10:08:13 AM,00:01,Cysto (Cystoscopy),No,No,7,5,Center
1,10:08:13 AM,10:08:55 AM,00:42,Cysto (Cystoscopy),No,No,7,5,Center
9,10:11:08 AM,10:11:08 AM,00:00,AR (Anterior repair),No,No,9,6,Center
1,10:11:08 AM,10:11:56 AM,00:48,AR (Anterior repair),No,No,9,6,Center
2,10:11:56 AM,10:12:05 AM,00:09,AR (Anterior repair),No,No,9,6,Center
10,10:12:05 AM,10:12:05 AM,00:00,AR (Anterior repair),No,No,9,6,Center
2,10:12:05 AM,10:12:13 AM,00:08,AR (Anterior repair),No,No,9,6,Center
1,10:12:13 AM,10:12:56 AM,00:43,AR (Anterior repair),No,No,9,6,Center
17,10:12:56 AM,10:12:57 AM,00:01,AR (Anterior repair),No,No,9,6,Center
1,10:12:57 AM,10:13:01 AM,00:04,AR (Anterior repair),No,No,9,6,Center
2,10:13:01 AM,10:13:02 AM,00:01,AR (Anterior repair),No,No,9,6,Center
1,10:13:02 AM,10:14:22 AM,01:20,AR (Anterior repair),No,No,9,6,Center
9,10:14:22 AM,10:14:31 AM,00:09,AR (Anterior repair),No,No,10,6,Center
1,10:14:31 AM,10:14:31 AM,00:00,AR (Anterior repair),No,No,10,6,Center
9,10:15:10 AM,10:15:13 AM,00:03,USLS (Uterosacral ligament suspension),No,No,11,7,Center
1,10:15:13 AM,10:15:18 AM,00:05,USLS (Uterosacral ligament suspension),No,No,11,7,Center
2,10:15:18 AM,10:15:19 AM,00:01,USLS (Uterosacral ligament suspension),No,No,11,7,Center
1,10:15:19 AM,10:15:26 AM,00:07,USLS (Uterosacral ligament suspension),No,No,11,7,Center
17,10:15:26 AM,10:15:28 AM,00:02,USLS (Uterosacral ligament suspension),No,No,11,7,Center
1,10:15:28 AM,10:15:32 AM,00:04,USLS (Uterosacral ligament suspension),No,No,11,7,Center
17,10:15:32 AM,10:15:33 AM,00:01,USLS (Uterosacral ligament suspension),No,No,11,7,Center
1,10:15:33 AM,10:15:36 AM,00:03,USLS (Uterosacral ligament suspension),No,No,11,7,Center
17,10:15:36 AM,10:15:37 AM,00:01,USLS (Uterosacral ligament suspension),No,No,11,7,Center
1,10:15:37 AM,10:15:38 AM,00:01,USLS (Uterosacral ligament suspension),No,No,11,7,Center
17,10:15:38 AM,10:15:40 AM,00:02,USLS (Uterosacral ligament suspension),No,No,11,7,Center
1,10:15:40 AM,10:15:45 AM,00:05,USLS (Uterosacral ligament suspension),No,No,11,7,Center
9,10:15:45 AM,10:15:51 AM,00:06,USLS (Uterosacral ligament suspension),No,No,11,7,Center
1,10:15:51 AM,10:16:15 AM,00:24,USLS (Uterosacral ligament suspension),No,No,11,7,Center
9,10:16:15 AM,10:16:20 AM,00:05,USLS (Uterosacral ligament suspension),No,No,11,7,Center
10,10:16:20 AM,10:16:38 AM,00:18,USLS (Uterosacral ligament suspension),No,No,11,7,Center
2,10:16:38 AM,10:16:39 AM,00:01,USLS (Uterosacral ligament suspension),No,No,11,7,Center
1,10:16:39 AM,10:16:41 AM,00:02,USLS (Uterosacral ligament suspension),No,No,11,7,Center
9,10:16:41 AM,10:17:01 AM,00:20,USLS (Uterosacral ligament suspension),No,No,11,7,Center
1,10:17:01 AM,10:17:01 AM,00:00,USLS (Uterosacral ligament suspension),No,No,11,7,Center
2,10:17:01 AM,10:17:02 AM,00:01,USLS (Uterosacral ligament suspension),No,No,11,7,Center
1,10:17:02 AM,10:17:04 AM,00:02,USLS (Uterosacral ligament suspension),No,No,11,7,Center
9,10:17:04 AM,10:17:05 AM,00:01,USLS (Uterosacral ligament suspension),No,No,11,7,Center
1,10:17:05 AM,10:17:08 AM,00:03,USLS (Uterosacral ligament suspension),No,No,11,7,Center
17,10:17:08 AM,10:17:09 AM,00:01,USLS (Uterosacral ligament suspension),No,No,11,7,Center
1,10:17:09 AM,10:17:10 AM,00:01,USLS (Uterosacral ligament suspension),No,No,11,7,Center
9,10:17:10 AM,10:17:21 AM,00:11,USLS (Uterosacral ligament suspension),No,No,11,7,Center
1,10:17:21 AM,10:17:30 AM,00:09,USLS (Uterosacral ligament suspension),No,No,11,7,Center
9,10:17:30 AM,10:17:35 AM,00:05,USLS (Uterosacral ligament suspension),No,No,11,7,Center
1,10:17:35 AM,10:17:55 AM,00:20,USLS (Uterosacral ligament suspension),No,No,11,7,Center
17,10:17:55 AM,10:18:04 AM,00:09,USLS (Uterosacral ligament suspension),No,No,11,7,Center
1,10:18:04 AM,10:18:16 AM,00:12,USLS (Uterosacral ligament suspension),No,No,11,7,Center
9,10:18:16 AM,10:18:21 AM,00:05,USLS (Uterosacral ligament suspension),No,No,11,7,Center
25,10:18:21 AM,10:18:22 AM,00:01,USLS (Uterosacral ligament suspension),No,No,11,7,Center
9,10:18:22 AM,10:18:23 AM,00:01,USLS (Uterosacral ligament suspension),No,No,11,7,Center
1,10:18:23 AM,10:18:33 AM,00:10,USLS (Uterosacral ligament suspension),No,No,11,7,Center
9,10:18:33 AM,10:18:39 AM,00:06,USLS (Uterosacral ligament suspension),No,No,11,7,Center
25,10:18:39 AM,10:18:40 AM,00:01,USLS (Uterosacral ligament suspension),No,No,11,7,Center
17,10:18:40 AM,10:18:41 AM,00:01,USLS (Uterosacral ligament suspension),No,No,11,7,Center
1,10:18:41 AM,10:19:12 AM,00:31,USLS (Uterosacral ligament suspension),No,No,11,7,Center
9,10:19:12 AM,10:19:24 AM,00:12,USLS (Uterosacral ligament suspension),No,No,11,7,Center
1,10:19:24 AM,10:19:30 AM,00:06,USLS (Uterosacral ligament suspension),No,No,11,7,Center
9,10:19:30 AM,10:19:41 AM,00:11,USLS (Uterosacral ligament suspension),No,No,11,7,Center
25,10:19:41 AM,10:19:43 AM,00:02,USLS (Uterosacral ligament suspension),No,No,11,7,Center
17,10:19:43 AM,10:19:44 AM,00:01,USLS (Uterosacral ligament suspension),No,No,11,7,Center
1,10:19:44 AM,10:20:08 AM,00:24,USLS (Uterosacral ligament suspension),No,No,11,7,Center
9,10:20:08 AM,10:20:10 AM,00:02,USLS (Uterosacral ligament suspension),No,No,11,7,Center
1,10:20:10 AM,10:20:11 AM,00:01,USLS (Uterosacral ligament suspension),No,No,11,7,Center
2,10:20:11 AM,10:20:32 AM,00:21,USLS (Uterosacral ligament suspension),No,No,11,7,Center
10,10:20:32 AM,10:20:46 AM,00:14,USLS (Uterosacral ligament suspension),No,No,11,7,Center
9,10:20:46 AM,10:20:57 AM,00:11,USLS (Uterosacral ligament suspension),No,No,11,7,Center
1,10:20:57 AM,10:20:59 AM,00:02,USLS (Uterosacral ligament suspension),No,No,11,7,Center
2,10:20:59 AM,10:21:01 AM,00:02,USLS (Uterosacral ligament suspension),No,No,11,7,Center
10,10:21:01 AM,10:21:03 AM,00:02,USLS (Uterosacral ligament suspension),No,No,11,7,Center
2,10:21:03 AM,10:21:16 AM,00:13,USLS (Uterosacral ligament suspension),No,No,11,7,Center
1,10:21:16 AM,10:21:25 AM,00:09,USLS (Uterosacral ligament suspension),No,No,11,7,Center
17,10:21:25 AM,10:21:28 AM,00:03,USLS (Uterosacral ligament suspension),No,No,11,7,Center
1,10:21:28 AM,10:21:29 AM,00:01,USLS (Uterosacral ligament suspension),No,No,11,7,Center
9,10:21:29 AM,10:21:32 AM,00:03,USLS (Uterosacral ligament suspension),No,No,11,7,Center
10,10:21:32 AM,10:21:36 AM,00:04,USLS (Uterosacral ligament suspension),No,No,11,7,Center
9,10:21:36 AM,10:21:39 AM,00:03,USLS (Uterosacral ligament suspension),No,No,11,7,Center
1,10:21:39 AM,10:22:09 AM,00:30,USLS (Uterosacral ligament suspension),No,No,11,7,Center
17,10:22:09 AM,10:22:10 AM,00:01,USLS (Uterosacral ligament suspension),No,No,11,7,Center
1,10:22:10 AM,10:22:19 AM,00:09,USLS (Uterosacral ligament suspension),No,No,11,7,Center
17,10:22:19 AM,10:22:29 AM,00:10,USLS (Uterosacral ligament suspension),No,No,11,7,Center
1,10:22:29 AM,10:22:32 AM,00:03,USLS (Uterosacral ligament suspension),No,No,11,7,Center
17,10:22:32 AM,10:22:40 AM,00:08,USLS (Uterosacral ligament suspension),No,No,11,7,Center
1,10:22:40 AM,10:23:01 AM,00:21,USLS (Uterosacral ligament suspension),No,No,11,7,Center
17,10:23:01 AM,10:23:08 AM,00:07,USLS (Uterosacral ligament suspension),No,No,11,7,Center
1,10:23:08 AM,10:23:13 AM,00:05,USLS (Uterosacral ligament suspension),No,No,11,7,Center
17,10:23:13 AM,10:23:14 AM,00:01,USLS (Uterosacral ligament suspension),No,No,11,7,Center
1,10:23:14 AM,10:23:20 AM,00:06,USLS (Uterosacral ligament suspension),No,No,11,7,Center
9,10:23:20 AM,10:23:26 AM,00:06,USLS (Uterosacral ligament suspension),No,No,11,7,Center
1,10:23:26 AM,10:23:41 AM,00:15,USLS (Uterosacral ligament suspension),No,No,11,7,Center
9,10:23:41 AM,10:23:44 AM,00:03,USLS (Uterosacral ligament suspension),No,No,11,7,Center
1,10:23:44 AM,10:24:16 AM,00:32,USLS (Uterosacral ligament suspension),No,No,11,7,Center
17,10:24:16 AM,10:24:16 AM,00:00,USLS (Uterosacral ligament suspension),No,No,11,7,Center
1,10:24:16 AM,10:24:22 AM,00:06,USLS (Uterosacral ligament suspension),No,No,11,7,Center
17,10:24:22 AM,10:24:23 AM,00:01,USLS (Uterosacral ligament suspension),No,No,11,7,Center
18,10:24:23 AM,10:24:29 AM,00:06,USLS (Uterosacral ligament suspension),No,No,11,7,Center
22,10:24:29 AM,10:24:37 AM,00:08,USLS (Uterosacral ligament suspension),No,No,11,7,Center
6,10:24:37 AM,10:24:38 AM,00:01,USLS (Uterosacral ligament suspension),No,No,11,7,Center
2,10:24:38 AM,10:24:38 AM,00:00,USLS (Uterosacral ligament suspension),No,No,11,7,Center
1,10:24:38 AM,10:25:07 AM,00:29,USLS (Uterosacral ligament suspension),No,No,11,7,Center
17,10:25:07 AM,10:25:09 AM,00:02,USLS (Uterosacral ligament suspension),No,No,11,7,Center
1,10:25:09 AM,10:25:28 AM,00:19,USLS (Uterosacral ligament suspension),No,No,11,7,Center
17,10:25:28 AM,10:25:38 AM,00:10,USLS (Uterosacral ligament suspension),No,No,11,7,Center
21,10:25:38 AM,10:25:43 AM,00:05,USLS (Uterosacral ligament suspension),No,No,11,7,Center
17,10:25:43 AM,10:25:47 AM,00:04,USLS (Uterosacral ligament suspension),No,No,11,7,Center
1,10:25:47 AM,10:25:50 AM,00:03,USLS (Uterosacral ligament suspension),No,No,11,7,Center
9,10:25:50 AM,10:25:53 AM,00:03,USLS (Uterosacral ligament suspension),No,No,11,7,Center
1,10:25:53 AM,10:25:58 AM,00:05,USLS (Uterosacral ligament suspension),No,No,11,7,Center
17,10:25:58 AM,10:25:59 AM,00:01,USLS (Uterosacral ligament suspension),No,No,11,7,Center
1,10:25:59 AM,10:26:00 AM,00:01,USLS (Uterosacral ligament suspension),No,No,11,7,Center
17,10:26:00 AM,10:26:04 AM,00:04,USLS (Uterosacral ligament suspension),No,No,11,7,Center
1,10:26:04 AM,10:26:12 AM,00:08,USLS (Uterosacral ligament suspension),No,No,11,7,Center
17,10:26:12 AM,10:26:13 AM,00:01,USLS (Uterosacral ligament suspension),No,No,11,7,Center
1,10:26:13 AM,10:26:38 AM,00:25,USLS (Uterosacral ligament suspension),No,No,11,7,Center
17,10:26:38 AM,10:26:41 AM,00:03,USLS (Uterosacral ligament suspension),No,No,11,7,Center
18,10:26:41 AM,10:26:45 AM,00:04,USLS (Uterosacral ligament suspension),No,No,11,7,Center
2,10:26:45 AM,10:26:47 AM,00:02,USLS (Uterosacral ligament suspension),No,No,11,7,Center
1,10:26:47 AM,10:27:26 AM,00:39,USLS (Uterosacral ligament suspension),No,No,11,7,Center
17,10:27:26 AM,10:28:23 AM,00:57,USLS (Uterosacral ligament suspension),No,No,11,7,Center
1,10:28:23 AM,10:28:28 AM,00:05,USLS (Uterosacral ligament suspension),No,No,11,7,Center
2,10:28:28 AM,10:28:32 AM,00:04,USLS (Uterosacral ligament suspension),No,No,11,7,Center
1,10:28:32 AM,10:29:09 AM,00:37,USLS (Uterosacral ligament suspension),No,No,11,7,Center
17,10:29:09 AM,10:29:23 AM,00:14,USLS (Uterosacral ligament suspension),No,No,11,7,Center
25,10:29:23 AM,10:29:36 AM,00:13,USLS (Uterosacral ligament suspension),No,No,11,7,Center
9,10:29:36 AM,10:29:37 AM,00:01,USLS (Uterosacral ligament suspension),No,No,11,7,Center
1,10:29:37 AM,10:29:40 AM,00:03,USLS (Uterosacral ligament suspension),No,No,11,7,Center
9,10:29:40 AM,10:29:42 AM,00:02,USLS (Uterosacral ligament suspension),No,No,11,7,Center
1,10:29:42 AM,10:29:45 AM,00:03,USLS (Uterosacral ligament suspension),No,No,11,7,Center
17,10:29:45 AM,10:29:50 AM,00:05,USLS (Uterosacral ligament suspension),No,No,11,7,Center
21,10:29:50 AM,10:30:06 AM,00:16,USLS (Uterosacral ligament suspension),No,No,11,7,Center
17,10:30:06 AM,10:30:06 AM,00:00,USLS (Uterosacral ligament suspension),No,No,11,7,Center
1,10:30:06 AM,10:31:23 AM,01:17,USLS (Uterosacral ligament suspension),No,No,11,7,Center
17,10:31:23 AM,10:31:23 AM,00:00,USLS (Uterosacral ligament suspension),No,No,12,7,Center
25,10:31:23 AM,10:31:25 AM,00:02,USLS (Uterosacral ligament suspension),No,No,12,7,Center
17,10:31:25 AM,10:31:26 AM,00:01,USLS (Uterosacral ligament suspension),No,No,12,7,Center
1,10:31:26 AM,10:31:40 AM,00:14,USLS (Uterosacral ligament suspension),No,No,12,7,Center
17,10:31:40 AM,10:31:40 AM,00:00,USLS (Uterosacral ligament suspension),No,No,12,7,Center
1,10:31:40 AM,10:32:37 AM,00:57,USLS (Uterosacral ligament suspension),No,No,12,7,Center
2,10:32:37 AM,10:33:14 AM,00:37,USLS (Uterosacral ligament suspension),No,No,13,7,Center
1,10:33:14 AM,10:33:19 AM,00:05,USLS (Uterosacral ligament suspension),No,No,13,7,Center
2,10:33:19 AM,10:33:28 AM,00:09,USLS (Uterosacral ligament suspension),No,No,13,7,Center
1,10:33:28 AM,10:33:50 AM,00:22,USLS (Uterosacral ligament suspension),No,No,13,7,Center
2,10:33:50 AM,10:33:57 AM,00:07,USLS (Uterosacral ligament suspension),No,No,13,7,Center
1,10:33:57 AM,10:33:58 AM,00:01,USLS (Uterosacral ligament suspension),No,No,13,7,Center
2,10:33:58 AM,10:35:12 AM,01:14,USLS (Uterosacral ligament suspension),No,No,13,7,Center
18,10:35:12 AM,10:35:13 AM,00:01,USLS (Uterosacral ligament suspension),No,No,13,7,Center
2,10:35:13 AM,10:35:15 AM,00:02,USLS (Uterosacral ligament suspension),No,No,13,7,Center
18,10:35:15 AM,10:35:18 AM,00:03,USLS (Uterosacral ligament suspension),No,No,13,7,Center
2,10:35:18 AM,10:35:21 AM,00:03,USLS (Uterosacral ligament suspension),No,No,13,7,Center
6,10:35:21 AM,10:35:25 AM,00:04,USLS (Uterosacral ligament suspension),No,No,13,7,Center
22,10:35:25 AM,10:35:28 AM,00:03,USLS (Uterosacral ligament suspension),No,No,13,7,Center
18,10:35:28 AM,10:35:29 AM,00:01,USLS (Uterosacral ligament suspension),No,No,13,7,Center
2,10:35:29 AM,10:35:31 AM,00:02,USLS (Uterosacral ligament suspension),No,No,13,7,Center
18,10:35:31 AM,10:35:34 AM,00:03,USLS (Uterosacral ligament suspension),No,No,13,7,Center
2,10:35:34 AM,10:35:46 AM,00:12,USLS (Uterosacral ligament suspension),No,No,13,7,Center
18,10:35:46 AM,10:35:47 AM,00:01,USLS (Uterosacral ligament suspension),No,No,13,7,Center
2,10:35:47 AM,10:35:53 AM,00:06,USLS (Uterosacral ligament suspension),No,No,13,7,Center
18,10:35:53 AM,10:35:55 AM,00:02,USLS (Uterosacral ligament suspension),No,No,13,7,Center
2,10:35:55 AM,10:36:11 AM,00:16,USLS (Uterosacral ligament suspension),No,No,13,7,Center
18,10:36:11 AM,10:36:13 AM,00:02,USLS (Uterosacral ligament suspension),No,No,13,7,Center
2,10:36:13 AM,10:37:13 AM,01:00,USLS (Uterosacral ligament suspension),No,No,13,7,Center
1,10:37:13 AM,10:37:25 AM,00:12,USLS (Uterosacral ligament suspension),No,No,13,7,Center
2,10:38:19 AM,10:38:22 AM,00:03,Cysto (Cystoscopy),No,No,14,8,Center
10,10:38:22 AM,10:38:27 AM,00:05,Cysto (Cystoscopy),No,No,14,8,Center
9,10:38:27 AM,10:38:29 AM,00:02,Cysto (Cystoscopy),No,No,14,8,Center
1,10:38:29 AM,10:42:28 AM,03:59,Cysto (Cystoscopy),No,No,14,8,Center
17,10:44:06 AM,10:44:08 AM,00:02,USLS (Uterosacral ligament suspension),No,No,15,9,Center
1,10:44:08 AM,10:44:16 AM,00:08,USLS (Uterosacral ligament suspension),No,No,15,9,Center
2,10:44:16 AM,10:44:22 AM,00:06,USLS (Uterosacral ligament suspension),No,No,15,9,Center
18,10:44:22 AM,10:44:28 AM,00:06,USLS (Uterosacral ligament suspension),No,No,15,9,Center
2,10:44:28 AM,10:44:30 AM,00:02,USLS (Uterosacral ligament suspension),No,No,15,9,Center
1,10:44:30 AM,10:44:32 AM,00:02,USLS (Uterosacral ligament suspension),No,No,15,9,Center
17,10:44:32 AM,10:44:33 AM,00:01,USLS (Uterosacral ligament suspension),No,No,15,9,Center
1,10:44:33 AM,10:45:37 AM,01:04,USLS (Uterosacral ligament suspension),No,No,15,9,Center
17,10:45:37 AM,10:45:38 AM,00:01,USLS (Uterosacral ligament suspension),No,No,15,9,Center
18,10:45:38 AM,10:45:56 AM,00:18,USLS (Uterosacral ligament suspension),No,No,15,9,Center
2,10:45:56 AM,10:45:58 AM,00:02,USLS (Uterosacral ligament suspension),No,No,15,9,Center
1,10:45:58 AM,10:47:04 AM,01:06,USLS (Uterosacral ligament suspension),No,No,15,9,Center
17,10:47:04 AM,10:47:20 AM,00:16,USLS (Uterosacral ligament suspension),No,No,16,9,Center
21,10:47:20 AM,10:47:29 AM,00:09,USLS (Uterosacral ligament suspension),No,No,16,9,Center
17,10:47:29 AM,10:47:30 AM,00:01,USLS (Uterosacral ligament suspension),No,No,16,9,Center
1,10:47:30 AM,10:47:34 AM,00:04,USLS (Uterosacral ligament suspension),No,No,16,9,Center
17,10:47:34 AM,10:47:39 AM,00:05,USLS (Uterosacral ligament suspension),No,No,16,9,Center
21,10:47:39 AM,10:48:05 AM,00:26,USLS (Uterosacral ligament suspension),No,No,16,9,Center
5,10:48:05 AM,10:48:07 AM,00:02,USLS (Uterosacral ligament suspension),No,No,16,9,Center
1,10:48:07 AM,10:48:12 AM,00:05,USLS (Uterosacral ligament suspension),No,No,16,9,Center
17,10:48:12 AM,10:48:18 AM,00:06,USLS (Uterosacral ligament suspension),No,No,16,9,Center
1,10:48:18 AM,10:48:24 AM,00:06,USLS (Uterosacral ligament suspension),No,No,16,9,Center
2,10:48:24 AM,10:48:26 AM,00:02,USLS (Uterosacral ligament suspension),No,No,16,9,Center
1,10:48:26 AM,10:48:29 AM,00:03,USLS (Uterosacral ligament suspension),No,No,16,9,Center
17,10:48:29 AM,10:48:36 AM,00:07,USLS (Uterosacral ligament suspension),No,No,16,9,Center
1,10:48:36 AM,10:49:02 AM,00:26,USLS (Uterosacral ligament suspension),No,No,16,9,Center
17,10:49:02 AM,10:49:05 AM,00:03,USLS (Uterosacral ligament suspension),No,No,16,9,Center
1,10:49:05 AM,10:49:22 AM,00:17,USLS (Uterosacral ligament suspension),No,No,16,9,Center
17,10:49:22 AM,10:49:25 AM,00:03,USLS (Uterosacral ligament suspension),No,No,16,9,Center
18,10:49:25 AM,10:49:29 AM,00:04,USLS (Uterosacral ligament suspension),No,No,16,9,Center
2,10:49:29 AM,10:49:31 AM,00:02,USLS (Uterosacral ligament suspension),No,No,16,9,Center
18,10:49:31 AM,10:49:33 AM,00:02,USLS (Uterosacral ligament suspension),No,No,16,9,Center
22,10:49:33 AM,10:49:43 AM,00:10,USLS (Uterosacral ligament suspension),No,No,16,9,Center
18,10:49:43 AM,10:49:44 AM,00:01,USLS (Uterosacral ligament suspension),No,No,16,9,Center
2,10:49:44 AM,10:49:45 AM,00:01,USLS (Uterosacral ligament suspension),No,No,16,9,Center
1,10:49:45 AM,10:49:56 AM,00:11,USLS (Uterosacral ligament suspension),No,No,16,9,Center
17,10:49:56 AM,10:50:03 AM,00:07,USLS (Uterosacral ligament suspension),No,No,16,9,Center
1,10:50:03 AM,10:50:03 AM,00:00,USLS (Uterosacral ligament suspension),No,No,16,9,Center
17,10:50:03 AM,10:50:04 AM,00:01,USLS (Uterosacral ligament suspension),No,No,16,9,Center
1,10:50:04 AM,10:50:11 AM,00:07,USLS (Uterosacral ligament suspension),No,No,16,9,Center
17,10:54:17 AM,10:54:25 AM,00:08,Sling (Midurethral synthetic sling),No,No,19,10,Center
21,10:54:25 AM,10:55:07 AM,00:42,Sling (Midurethral synthetic sling),No,No,19,10,Center
5,10:55:07 AM,10:55:11 AM,00:04,Sling (Midurethral synthetic sling),No,No,19,10,Center
6,10:55:11 AM,10:55:20 AM,00:09,Sling (Midurethral synthetic sling),No,No,19,10,Center
2,10:55:20 AM,10:55:21 AM,00:01,Sling (Midurethral synthetic sling),No,No,19,10,Center
4,10:55:21 AM,10:55:29 AM,00:08,Sling (Midurethral synthetic sling),No,No,19,10,Center
2,10:55:29 AM,10:55:31 AM,00:02,Sling (Midurethral synthetic sling),No,No,19,10,Center
1,10:55:31 AM,10:56:29 AM,00:58,Sling (Midurethral synthetic sling),No,No,19,10,Center
2,10:56:29 AM,10:56:39 AM,00:10,Sling (Midurethral synthetic sling),No,No,19,10,Center
10,10:56:39 AM,10:57:30 AM,00:51,Sling (Midurethral synthetic sling),No,No,19,10,Center
2,10:57:30 AM,10:57:39 AM,00:09,Sling (Midurethral synthetic sling),No,No,19,10,Center
10,10:57:39 AM,10:57:40 AM,00:01,Sling (Midurethral synthetic sling),No,No,19,10,Center
26,10:57:40 AM,10:57:44 AM,00:04,Sling (Midurethral synthetic sling),No,No,19,10,Center
10,10:57:44 AM,10:58:58 AM,01:14,Sling (Midurethral synthetic sling),No,No,19,10,Center
2,10:58:58 AM,10:58:59 AM,00:01,Sling (Midurethral synthetic sling),No,No,19,10,Center
18,10:58:59 AM,10:59:11 AM,00:12,Sling (Midurethral synthetic sling),No,No,19,10,Center
17,10:59:11 AM,10:59:15 AM,00:04,Sling (Midurethral synthetic sling),No,No,19,10,Center
21,10:59:15 AM,10:59:16 AM,00:01,Sling (Midurethral synthetic sling),No,No,19,10,Center
22,10:59:16 AM,11:00:05 AM,00:49,Sling (Midurethral synthetic sling),No,No,19,10,Center
18,11:00:05 AM,11:00:10 AM,00:05,Sling (Midurethral synthetic sling),No,No,19,10,Center
2,11:00:10 AM,11:00:18 AM,00:08,Sling (Midurethral synthetic sling),No,No,19,10,Center
18,11:00:18 AM,11:00:38 AM,00:20,Sling (Midurethral synthetic sling),No,No,19,10,Center
2,11:00:38 AM,11:00:41 AM,00:03,Sling (Midurethral synthetic sling),No,No,19,10,Center
18,11:00:41 AM,11:00:43 AM,00:02,Sling (Midurethral synthetic sling),No,No,19,10,Center
22,11:00:43 AM,11:00:56 AM,00:13,Sling (Midurethral synthetic sling),No,No,19,10,Center
18,11:00:56 AM,11:01:01 AM,00:05,Sling (Midurethral synthetic sling),No,No,19,10,Center
2,11:01:01 AM,11:01:25 AM,00:24,Sling (Midurethral synthetic sling),No,No,19,10,Center
1,11:01:25 AM,11:02:26 AM,01:01,Sling (Midurethral synthetic sling),No,No,19,10,Center
2,11:02:26 AM,11:02:34 AM,00:08,Sling (Midurethral synthetic sling),No,No,19,10,Center
1,11:02:34 AM,11:04:15 AM,01:41,Sling (Midurethral synthetic sling),No,No,19,10,Center
17,11:04:15 AM,11:04:16 AM,00:01,Sling (Midurethral synthetic sling),No,No,20,10,Center
1,11:04:16 AM,11:04:21 AM,00:05,Sling (Midurethral synthetic sling),No,No,20,10,Center
17,11:04:21 AM,11:04:24 AM,00:03,Sling (Midurethral synthetic sling),No,No,20,10,Center
1,11:04:24 AM,11:06:52 AM,02:28,Sling (Midurethral synthetic sling),No,No,20,10,Center
17,11:10:04 AM,11:10:11 AM,00:07,Sling (Midurethral synthetic sling),No,No,22,12,Center
1,11:10:11 AM,11:12:04 AM,01:53,Sling (Midurethral synthetic sling),No,No,22,12,Center
2,11:12:04 AM,11:12:25 AM,00:21,Sling (Midurethral synthetic sling),No,No,23,12,Center
1,11:12:25 AM,11:12:36 AM,00:11,Sling (Midurethral synthetic sling),No,No,23,12,Center
2,11:12:36 AM,11:13:01 AM,00:25,Sling (Midurethral synthetic sling),No,No,23,12,Center
18,11:13:01 AM,11:13:04 AM,00:03,Sling (Midurethral synthetic sling),No,No,23,12,Center
2,11:13:04 AM,11:13:06 AM,00:02,Sling (Midurethral synthetic sling),No,No,23,12,Center
1,11:13:06 AM,11:13:35 AM,00:29,Sling (Midurethral synthetic sling),No,No,23,12,Center
2,11:15:51 AM,11:15:58 AM,00:07,PR (Posterior repair),No,No,24,13,Center
6,11:15:58 AM,11:15:59 AM,00:01,PR (Posterior repair),No,No,24,13,Center
8,11:15:59 AM,11:16:23 AM,00:24,PR (Posterior repair),No,No,24,13,Center
6,11:16:23 AM,11:16:28 AM,00:05,PR (Posterior repair),No,No,24,13,Center
2,11:16:28 AM,11:17:12 AM,00:44,PR (Posterior repair),No,No,24,13,Center
1,11:17:12 AM,11:17:39 AM,00:27,PR (Posterior repair),No,No,24,13,Center
2,11:17:39 AM,11:17:47 AM,00:08,PR (Posterior repair),No,No,24,13,Center
18,11:17:47 AM,11:17:48 AM,00:01,PR (Posterior repair),No,No,24,13,Center
2,11:17:48 AM,11:17:49 AM,00:01,PR (Posterior repair),No,No,24,13,Center
18,11:17:49 AM,11:17:50 AM,00:01,PR (Posterior repair),No,No,24,13,Center
2,11:17:50 AM,11:18:09 AM,00:19,PR (Posterior repair),No,No,24,13,Center
10,11:18:09 AM,11:18:32 AM,00:23,PR (Posterior repair),No,No,24,13,Center
14,11:18:32 AM,11:19:33 AM,01:01,PR (Posterior repair),No,No,24,13,Center
10,11:19:33 AM,11:19:36 AM,00:03,PR (Posterior repair),No,No,24,13,Center
9,11:19:36 AM,11:20:09 AM,00:33,PR (Posterior repair),No,No,24,13,Center
10,11:20:09 AM,11:20:09 AM,00:00,PR (Posterior repair),No,No,24,13,Center
2,11:20:09 AM,11:20:40 AM,00:31,PR (Posterior repair),No,No,24,13,Center
1,11:20:40 AM,11:20:56 AM,00:16,PR (Posterior repair),No,No,24,13,Center
17,11:20:56 AM,11:21:16 AM,00:20,PR (Posterior repair),No,No,24,13,Center
18,11:21:16 AM,11:21:20 AM,00:04,PR (Posterior repair),No,No,24,13,Center
17,11:21:20 AM,11:21:49 AM,00:29,PR (Posterior repair),No,No,24,13,Center
21,11:21:49 AM,11:21:50 AM,00:01,PR (Posterior repair),No,No,24,13,Center
5,11:21:50 AM,11:21:53 AM,00:03,PR (Posterior repair),No,No,24,13,Center
6,11:21:53 AM,11:21:59 AM,00:06,PR (Posterior repair),No,No,24,13,Center
2,11:21:59 AM,11:22:06 AM,00:07,PR (Posterior repair),No,No,24,13,Center
18,11:22:06 AM,11:22:09 AM,00:03,PR (Posterior repair),No,No,24,13,Center
22,11:22:09 AM,11:22:12 AM,00:03,PR (Posterior repair),No,No,24,13,Center
18,11:22:12 AM,11:22:32 AM,00:20,PR (Posterior repair),No,No,24,13,Center
2,11:22:32 AM,11:22:43 AM,00:11,PR (Posterior repair),No,No,24,13,Center
10,11:22:43 AM,11:22:43 AM,00:00,PR (Posterior repair),No,No,24,13,Center
2,11:22:43 AM,11:22:45 AM,00:02,PR (Posterior repair),No,No,24,13,Center
18,11:22:45 AM,11:22:47 AM,00:02,PR (Posterior repair),No,No,24,13,Center
2,11:22:47 AM,11:23:38 AM,00:51,PR (Posterior repair),No,No,24,13,Center
1,11:23:38 AM,11:24:53 AM,01:15,PR (Posterior repair),No,No,24,13,Center
2,11:24:53 AM,11:24:57 AM,00:04,PR (Posterior repair),No,No,24,13,Center
18,11:24:57 AM,11:25:06 AM,00:09,PR (Posterior repair),No,No,24,13,Center
2,11:25:06 AM,11:27:55 AM,02:49,PR (Posterior repair),No,No,24,13,Center
18,11:27:55 AM,11:27:57 AM,00:02,PR (Posterior repair),No,No,24,13,Center
2,11:27:57 AM,11:28:12 AM,00:15,PR (Posterior repair),No,No,24,13,Center
10,11:28:12 AM,11:28:25 AM,00:13,PR (Posterior repair),No,No,24,13,Center
9,11:28:25 AM,11:28:27 AM,00:02,PR (Posterior repair),No,No,24,13,Center
25,11:28:27 AM,11:28:33 AM,00:06,PR (Posterior repair),No,No,24,13,Center
9,11:28:33 AM,11:28:33 AM,00:00,PR (Posterior repair),No,No,24,13,Center
1,11:28:33 AM,11:28:36 AM,00:03,PR (Posterior repair),No,No,24,13,Center
17,11:28:36 AM,11:28:37 AM,00:01,PR (Posterior repair),No,No,24,13,Center
1,11:28:37 AM,11:28:40 AM,00:03,PR (Posterior repair),No,No,24,13,Center
17,11:28:40 AM,11:28:42 AM,00:02,PR (Posterior repair),No,No,24,13,Center
1,11:28:42 AM,11:28:53 AM,00:11,PR (Posterior repair),No,No,24,13,Center
17,11:28:53 AM,11:28:54 AM,00:01,PR (Posterior repair),No,No,24,13,Center
1,11:28:54 AM,11:29:21 AM,00:27,PR (Posterior repair),No,No,24,13,Center
9,11:29:21 AM,11:29:23 AM,00:02,PR (Posterior repair),No,No,24,13,Center
1,11:29:23 AM,11:29:50 AM,00:27,PR (Posterior repair),No,No,24,13,Center
17,11:29:50 AM,11:29:51 AM,00:01,PR (Posterior repair),No,No,24,13,Center
1,11:29:51 AM,11:29:53 AM,00:02,PR (Posterior repair),No,No,24,13,Center
17,11:29:53 AM,11:29:54 AM,00:01,PR (Posterior repair),No,No,24,13,Center
18,11:29:54 AM,11:30:06 AM,00:12,PR (Posterior repair),No,No,24,13,Center
17,11:30:06 AM,11:30:58 AM,00:52,PR (Posterior repair),No,No,24,13,Center
1,11:30:58 AM,11:31:06 AM,00:08,PR (Posterior repair),No,No,24,13,Center
2,11:31:06 AM,11:32:45 AM,01:39,PR (Posterior repair),No,No,24,13,Center
1,11:32:45 AM,11:33:39 AM,00:54,PR (Posterior repair),No,No,24,13,Center
9,11:33:39 AM,11:33:40 AM,00:01,PR (Posterior repair),No,No,24,13,Center
1,11:33:40 AM,11:34:25 AM,00:45,PR (Posterior repair),No,No,24,13,Center
9,11:34:25 AM,11:34:26 AM,00:01,PR (Posterior repair),No,No,24,13,Center
25,11:34:26 AM,11:34:27 AM,00:01,PR (Posterior repair),No,No,24,13,Center
26,11:34:27 AM,11:34:30 AM,00:03,PR (Posterior repair),No,No,24,13,Center
18,11:34:30 AM,11:34:33 AM,00:03,PR (Posterior repair),No,No,24,13,Center
2,11:34:33 AM,11:34:39 AM,00:06,PR (Posterior repair),No,No,24,13,Center
10,11:34:39 AM,11:34:56 AM,00:17,PR (Posterior repair),No,No,24,13,Center
26,11:34:56 AM,11:34:58 AM,00:02,PR (Posterior repair),No,No,24,13,Center
18,11:34:58 AM,11:35:02 AM,00:04,PR (Posterior repair),No,No,24,13,Center
26,11:35:02 AM,11:35:11 AM,00:09,PR (Posterior repair),No,No,24,13,Center
18,11:35:11 AM,11:35:12 AM,00:01,PR (Posterior repair),No,No,24,13,Center
2,11:35:12 AM,11:35:29 AM,00:17,PR (Posterior repair),No,No,24,13,Center
1,11:35:29 AM,11:35:31 AM,00:02,PR (Posterior repair),No,No,24,13,Center
17,11:35:31 AM,11:35:35 AM,00:04,PR (Posterior repair),No,No,24,13,Center
1,11:35:35 AM,11:35:36 AM,00:01,PR (Posterior repair),No,No,24,13,Center
9,11:35:36 AM,11:35:40 AM,00:04,PR (Posterior repair),No,No,24,13,Center
1,11:35:40 AM,11:35:49 AM,00:09,PR (Posterior repair),No,No,24,13,Center
2,11:35:49 AM,11:36:42 AM,00:53,PR (Posterior repair),No,No,24,13,Center
1,11:36:42 AM,11:36:53 AM,00:11,PR (Posterior repair),No,No,24,13,Right
9,11:36:53 AM,11:36:54 AM,00:01,PR (Posterior repair),No,No,24,13,Right
1,11:36:54 AM,11:37:00 AM,00:06,PR (Posterior repair),No,No,24,13,Right
17,11:37:00 AM,11:37:02 AM,00:02,PR (Posterior repair),No,No,24,13,Right
1,11:37:02 AM,11:37:14 AM,00:12,PR (Posterior repair),No,No,24,13,Right
17,11:37:14 AM,11:37:17 AM,00:03,PR (Posterior repair),No,No,24,13,Right
18,11:37:17 AM,11:37:20 AM,00:03,PR (Posterior repair),No,No,24,13,Right
2,11:37:20 AM,11:37:27 AM,00:07,PR (Posterior repair),No,No,24,13,Right
18,11:37:27 AM,11:37:55 AM,00:28,PR (Posterior repair),No,No,24,13,Right
2,11:37:55 AM,11:37:58 AM,00:03,PR (Posterior repair),No,No,24,13,Center
18,11:37:58 AM,11:37:59 AM,00:01,PR (Posterior repair),No,No,24,13,Center
2,11:37:59 AM,11:38:29 AM,00:30,PR (Posterior repair),No,No,24,13,Center
18,11:38:29 AM,11:38:30 AM,00:01,PR (Posterior repair),No,No,24,13,Center
2,11:38:30 AM,11:38:41 AM,00:11,PR (Posterior repair),No,No,24,13,Center
1,11:38:41 AM,11:38:51 AM,00:10,PR (Posterior repair),No,No,24,13,Center
17,11:38:51 AM,11:38:53 AM,00:02,PR (Posterior repair),No,No,24,13,Center
1,11:38:53 AM,11:38:55 AM,00:02,PR (Posterior repair),No,No,24,13,Center
17,11:38:55 AM,11:38:56 AM,00:01,PR (Posterior repair),No,No,24,13,Center
1,11:38:56 AM,11:38:58 AM,00:02,PR (Posterior repair),No,No,24,13,Center
2,11:38:58 AM,11:39:12 AM,00:14,PR (Posterior repair),No,No,24,13,Center
10,11:39:12 AM,11:39:27 AM,00:15,PR (Posterior repair),No,No,24,13,Center
26,11:39:27 AM,11:39:32 AM,00:05,PR (Posterior repair),No,No,24,13,Center
10,11:39:32 AM,11:39:34 AM,00:02,PR (Posterior repair),No,No,24,13,Center
9,11:39:34 AM,11:39:37 AM,00:03,PR (Posterior repair),No,No,24,13,Center
1,11:39:37 AM,11:39:41 AM,00:04,PR (Posterior repair),No,No,24,13,Center
9,11:39:41 AM,11:40:39 AM,00:58,PR (Posterior repair),No,No,24,13,Center
1,11:40:39 AM,11:40:42 AM,00:03,PR (Posterior repair),No,No,24,13,Center
9,11:40:42 AM,11:41:05 AM,00:23,PR (Posterior repair),No,No,24,13,Center
1,11:41:05 AM,11:41:53 AM,00:48,PR (Posterior repair),No,No,24,13,Center
