Posture Code,Start ,End,Duration,Task Code,Stool Usage,Sitting,Bed Code,Patient Code,Location
1,9:08:52 AM,9:09:36 AM,00:44,TVH (Transvaginal hysterectomy),No,No,2,1,Center
2,9:09:36 AM,9:09:46 AM,00:10,TVH (Transvaginal hysterectomy),No,No,2,1,Center
18,9:09:46 AM,9:10:15 AM,00:29,TVH (Transvaginal hysterectomy),No,No,2,1,Center
26,9:10:15 AM,9:10:33 AM,00:18,TVH (Transvaginal hysterectomy),No,No,2,1,Center
18,9:10:33 AM,9:10:37 AM,00:04,TVH (Transvaginal hysterectomy),No,No,2,1,Center
2,9:10:37 AM,9:10:49 AM,00:12,TVH (Transvaginal hysterectomy),No,No,2,1,Center
1,9:10:49 AM,9:10:52 AM,00:03,TVH (Transvaginal hysterectomy),No,No,2,1,Center
2,9:10:52 AM,9:11:08 AM,00:16,TVH (Transvaginal hysterectomy),No,No,2,1,Center
18,9:11:08 AM,9:11:16 AM,00:08,TVH (Transvaginal hysterectomy),No,No,2,1,Center
22,9:11:16 AM,9:11:17 AM,00:01,TVH (Transvaginal hysterectomy),No,No,2,1,Center
6,9:11:17 AM,9:11:18 AM,00:01,TVH (Transvaginal hysterectomy),No,No,2,1,Center
14,9:11:18 AM,9:11:36 AM,00:18,TVH (Transvaginal hysterectomy),No,No,2,1,Center
10,9:11:36 AM,9:11:37 AM,00:01,TVH (Transvaginal hysterectomy),No,No,2,1,Center
2,9:11:37 AM,9:11:40 AM,00:03,TVH (Transvaginal hysterectomy),No,No,2,1,Center
18,9:11:40 AM,9:11:43 AM,00:03,TVH (Transvaginal hysterectomy),No,No,2,1,Center
22,9:11:43 AM,9:11:50 AM,00:07,TVH (Transvaginal hysterectomy),No,No,2,1,Center
6,9:11:50 AM,9:11:51 AM,00:01,TVH (Transvaginal hysterectomy),No,No,2,1,Center
2,9:11:51 AM,9:11:57 AM,00:06,TVH (Transvaginal hysterectomy),No,No,2,1,Center
10,9:11:57 AM,9:11:58 AM,00:01,TVH (Transvaginal hysterectomy),No,No,2,1,Center
14,9:11:58 AM,9:12:18 AM,00:20,TVH (Transvaginal hysterectomy),No,No,2,1,Center
6,9:12:18 AM,9:12:19 AM,00:01,TVH (Transvaginal hysterectomy),No,No,2,1,Center
2,9:12:19 AM,9:12:43 AM,00:24,TVH (Transvaginal hysterectomy),No,No,2,1,Center
6,9:12:43 AM,9:12:44 AM,00:01,TVH (Transvaginal hysterectomy),No,No,2,1,Center
14,9:12:44 AM,9:12:46 AM,00:02,TVH (Transvaginal hysterectomy),No,No,2,1,Center
6,9:12:46 AM,9:12:47 AM,00:01,TVH (Transvaginal hysterectomy),No,No,2,1,Center
2,9:12:47 AM,9:12:53 AM,00:06,TVH (Transvaginal hysterectomy),No,No,2,1,Center
18,9:12:53 AM,9:12:56 AM,00:03,TVH (Transvaginal hysterectomy),No,No,2,1,Center
22,9:12:56 AM,9:13:19 AM,00:23,TVH (Transvaginal hysterectomy),No,No,2,1,Center
6,9:13:19 AM,9:13:19 AM,00:00,TVH (Transvaginal hysterectomy),No,No,2,1,Center
2,9:13:19 AM,9:13:32 AM,00:13,TVH (Transvaginal hysterectomy),No,No,2,1,Center
18,9:13:32 AM,9:13:35 AM,00:03,TVH (Transvaginal hysterectomy),No,No,2,1,Center
17,9:13:35 AM,9:13:37 AM,00:02,TVH (Transvaginal hysterectomy),No,No,2,1,Center
18,9:13:37 AM,9:13:42 AM,00:05,TVH (Transvaginal hysterectomy),No,No,2,1,Center
2,9:13:42 AM,9:13:59 AM,00:17,TVH (Transvaginal hysterectomy),No,No,2,1,Center
6,9:13:59 AM,9:14:02 AM,00:03,TVH (Transvaginal hysterectomy),No,No,2,1,Center
22,9:14:02 AM,9:14:08 AM,00:06,TVH (Transvaginal hysterectomy),No,No,2,1,Center
6,9:14:08 AM,9:14:08 AM,00:00,TVH (Transvaginal hysterectomy),No,No,2,1,Center
22,9:14:08 AM,9:14:09 AM,00:01,TVH (Transvaginal hysterectomy),No,No,2,1,Center
6,9:14:09 AM,9:14:13 AM,00:04,TVH (Transvaginal hysterectomy),No,No,2,1,Center
22,9:14:13 AM,9:14:14 AM,00:01,TVH (Transvaginal hysterectomy),No,No,2,1,Center
18,9:14:14 AM,9:14:15 AM,00:01,TVH (Transvaginal hysterectomy),No,No,2,1,Center
17,9:14:15 AM,9:14:28 AM,00:13,TVH (Transvaginal hysterectomy),No,No,2,1,Center
21,9:14:28 AM,9:14:29 AM,00:01,TVH (Transvaginal hysterectomy),No,No,2,1,Center
5,9:14:29 AM,9:14:35 AM,00:06,TVH (Transvaginal hysterectomy),No,No,2,1,Center
1,9:14:35 AM,9:14:36 AM,00:01,TVH (Transvaginal hysterectomy),No,No,2,1,Center
17,9:14:36 AM,9:14:38 AM,00:02,TVH (Transvaginal hysterectomy),No,No,2,1,Center
25,9:14:38 AM,9:14:40 AM,00:02,TVH (Transvaginal hysterectomy),No,No,2,1,Center
9,9:14:40 AM,9:14:41 AM,00:01,TVH (Transvaginal hysterectomy),No,No,2,1,Center
1,9:14:41 AM,9:14:42 AM,00:01,TVH (Transvaginal hysterectomy),No,No,2,1,Center
5,9:14:42 AM,9:14:44 AM,00:02,TVH (Transvaginal hysterectomy),No,No,2,1,Center
6,9:14:44 AM,9:14:50 AM,00:06,TVH (Transvaginal hysterectomy),No,No,2,1,Center
5,9:14:50 AM,9:14:58 AM,00:08,TVH (Transvaginal hysterectomy),No,No,2,1,Center
1,9:14:58 AM,9:15:06 AM,00:08,TVH (Transvaginal hysterectomy),No,No,2,1,Center
17,9:15:06 AM,9:15:12 AM,00:06,TVH (Transvaginal hysterectomy),No,No,2,1,Center
1,9:15:12 AM,9:15:18 AM,00:06,TVH (Transvaginal hysterectomy),No,No,2,1,Center
5,9:15:18 AM,9:15:32 AM,00:14,TVH (Transvaginal hysterectomy),No,No,2,1,Center
6,9:15:32 AM,9:15:43 AM,00:11,TVH (Transvaginal hysterectomy),No,No,2,1,Center
2,9:15:43 AM,9:15:43 AM,00:00,TVH (Transvaginal hysterectomy),No,No,2,1,Center
1,9:15:43 AM,9:15:55 AM,00:12,TVH (Transvaginal hysterectomy),No,No,2,1,Center
2,9:15:55 AM,9:16:10 AM,00:15,TVH (Transvaginal hysterectomy),No,No,2,1,Center
18,9:16:10 AM,9:16:12 AM,00:02,TVH (Transvaginal hysterectomy),No,No,2,1,Center
22,9:16:12 AM,9:16:14 AM,00:02,TVH (Transvaginal hysterectomy),No,No,2,1,Center
18,9:16:14 AM,9:16:15 AM,00:01,TVH (Transvaginal hysterectomy),No,No,2,1,Center
17,9:16:15 AM,9:16:19 AM,00:04,TVH (Transvaginal hysterectomy),No,No,2,1,Center
1,9:16:19 AM,9:16:20 AM,00:01,TVH (Transvaginal hysterectomy),No,No,2,1,Center
2,9:16:20 AM,9:16:38 AM,00:18,TVH (Transvaginal hysterectomy),No,No,2,1,Center
6,9:16:38 AM,9:16:52 AM,00:14,TVH (Transvaginal hysterectomy),No,No,2,1,Center
2,9:16:52 AM,9:17:08 AM,00:16,TVH (Transvaginal hysterectomy),No,No,2,1,Center
6,9:17:08 AM,9:17:30 AM,00:22,TVH (Transvaginal hysterectomy),No,No,2,1,Center
2,9:17:30 AM,9:17:50 AM,00:20,TVH (Transvaginal hysterectomy),No,No,2,1,Center
1,9:17:50 AM,9:17:52 AM,00:02,TVH (Transvaginal hysterectomy),No,No,2,1,Center
2,9:17:52 AM,9:17:55 AM,00:03,TVH (Transvaginal hysterectomy),No,No,2,1,Center
6,9:17:55 AM,9:18:03 AM,00:08,TVH (Transvaginal hysterectomy),No,No,2,1,Center
2,9:18:03 AM,9:18:09 AM,00:06,TVH (Transvaginal hysterectomy),No,No,2,1,Center
18,9:18:09 AM,9:18:16 AM,00:07,TVH (Transvaginal hysterectomy),No,No,2,1,Center
17,9:18:16 AM,9:18:18 AM,00:02,TVH (Transvaginal hysterectomy),No,No,2,1,Center
18,9:18:18 AM,9:18:19 AM,00:01,TVH (Transvaginal hysterectomy),No,No,2,1,Center
2,9:18:19 AM,9:18:20 AM,00:01,TVH (Transvaginal hysterectomy),No,No,2,1,Center
6,9:18:20 AM,9:18:29 AM,00:09,TVH (Transvaginal hysterectomy),No,No,2,1,Center
22,9:18:29 AM,9:18:37 AM,00:08,TVH (Transvaginal hysterectomy),No,No,2,1,Center
6,9:18:37 AM,9:18:42 AM,00:05,TVH (Transvaginal hysterectomy),No,No,2,1,Center
2,9:18:42 AM,9:18:45 AM,00:03,TVH (Transvaginal hysterectomy),No,No,2,1,Center
6,9:18:45 AM,9:18:50 AM,00:05,TVH (Transvaginal hysterectomy),No,No,2,1,Center
2,9:18:50 AM,9:18:51 AM,00:01,TVH (Transvaginal hysterectomy),No,No,2,1,Center
1,9:18:51 AM,9:18:56 AM,00:05,TVH (Transvaginal hysterectomy),No,No,2,1,Center
2,9:18:56 AM,9:19:19 AM,00:23,TVH (Transvaginal hysterectomy),No,No,2,1,Center
18,9:19:19 AM,9:19:24 AM,00:05,TVH (Transvaginal hysterectomy),No,No,2,1,Center
26,9:19:24 AM,9:19:25 AM,00:01,TVH (Transvaginal hysterectomy),No,No,2,1,Center
10,9:19:25 AM,9:19:32 AM,00:07,TVH (Transvaginal hysterectomy),No,No,2,1,Center
2,9:19:32 AM,9:19:43 AM,00:11,TVH (Transvaginal hysterectomy),No,No,2,1,Center
10,9:19:43 AM,9:19:45 AM,00:02,TVH (Transvaginal hysterectomy),No,No,2,1,Center
2,9:19:45 AM,9:19:47 AM,00:02,TVH (Transvaginal hysterectomy),No,No,2,1,Center
6,9:19:47 AM,9:19:51 AM,00:04,TVH (Transvaginal hysterectomy),No,No,2,1,Center
2,9:19:51 AM,9:20:10 AM,00:19,TVH (Transvaginal hysterectomy),No,No,2,1,Center
18,9:20:10 AM,9:20:11 AM,00:01,TVH (Transvaginal hysterectomy),No,No,2,1,Center
17,9:20:11 AM,9:20:14 AM,00:03,TVH (Transvaginal hysterectomy),No,No,2,1,Center
18,9:20:14 AM,9:20:15 AM,00:01,TVH (Transvaginal hysterectomy),No,No,2,1,Center
2,9:20:15 AM,9:20:45 AM,00:30,TVH (Transvaginal hysterectomy),No,No,2,1,Center
6,9:20:45 AM,9:20:51 AM,00:06,TVH (Transvaginal hysterectomy),No,No,2,1,Center
2,9:20:51 AM,9:20:58 AM,00:07,TVH (Transvaginal hysterectomy),No,No,2,1,Center
6,9:20:58 AM,9:21:07 AM,00:09,TVH (Transvaginal hysterectomy),No,No,2,1,Center
2,9:21:07 AM,9:21:12 AM,00:05,TVH (Transvaginal hysterectomy),No,No,2,1,Center
6,9:21:12 AM,9:21:27 AM,00:15,TVH (Transvaginal hysterectomy),No,No,2,1,Center
2,9:21:27 AM,9:21:56 AM,00:29,TVH (Transvaginal hysterectomy),No,No,2,1,Center
6,9:21:56 AM,9:22:00 AM,00:04,TVH (Transvaginal hysterectomy),No,No,2,1,Center
2,9:22:00 AM,9:22:07 AM,00:07,TVH (Transvaginal hysterectomy),No,No,2,1,Center
18,9:22:07 AM,9:22:13 AM,00:06,TVH (Transvaginal hysterectomy),No,No,2,1,Center
2,9:22:13 AM,9:22:16 AM,00:03,TVH (Transvaginal hysterectomy),No,No,2,1,Center
18,9:22:16 AM,9:22:18 AM,00:02,TVH (Transvaginal hysterectomy),No,No,2,1,Center
22,9:22:18 AM,9:22:23 AM,00:05,TVH (Transvaginal hysterectomy),No,No,2,1,Center
6,9:22:23 AM,9:22:28 AM,00:05,TVH (Transvaginal hysterectomy),No,No,2,1,Center
2,9:22:28 AM,9:22:30 AM,00:02,TVH (Transvaginal hysterectomy),No,No,2,1,Center
18,9:22:30 AM,9:22:33 AM,00:03,TVH (Transvaginal hysterectomy),No,No,2,1,Center
2,9:22:33 AM,9:22:46 AM,00:13,TVH (Transvaginal hysterectomy),No,No,2,1,Center
18,9:22:46 AM,9:22:47 AM,00:01,TVH (Transvaginal hysterectomy),No,No,2,1,Center
2,9:22:47 AM,9:22:48 AM,00:01,TVH (Transvaginal hysterectomy),No,No,2,1,Center
18,9:22:48 AM,9:22:52 AM,00:04,TVH (Transvaginal hysterectomy),No,No,2,1,Center
2,9:22:52 AM,9:22:54 AM,00:02,TVH (Transvaginal hysterectomy),No,No,2,1,Center
18,9:22:54 AM,9:22:57 AM,00:03,TVH (Transvaginal hysterectomy),No,No,2,1,Center
2,9:22:57 AM,9:23:02 AM,00:05,TVH (Transvaginal hysterectomy),No,No,2,1,Center
18,9:23:02 AM,9:23:06 AM,00:04,TVH (Transvaginal hysterectomy),No,No,2,1,Center
2,9:23:06 AM,9:23:08 AM,00:02,TVH (Transvaginal hysterectomy),No,No,2,1,Center
18,9:23:08 AM,9:23:10 AM,00:02,TVH (Transvaginal hysterectomy),No,No,2,1,Center
17,9:23:10 AM,9:23:27 AM,00:17,TVH (Transvaginal hysterectomy),No,No,2,1,Center
1,9:23:27 AM,9:23:28 AM,00:01,TVH (Transvaginal hysterectomy),No,No,2,1,Center
2,9:23:28 AM,9:23:35 AM,00:07,TVH (Transvaginal hysterectomy),No,No,2,1,Center
6,9:23:35 AM,9:23:37 AM,00:02,TVH (Transvaginal hysterectomy),No,No,2,1,Center
22,9:23:37 AM,9:23:39 AM,00:02,TVH (Transvaginal hysterectomy),No,No,2,1,Center
18,9:23:39 AM,9:23:52 AM,00:13,TVH (Transvaginal hysterectomy),No,No,2,1,Center
17,9:23:52 AM,9:23:59 AM,00:07,TVH (Transvaginal hysterectomy),No,No,2,1,Center
18,9:23:59 AM,9:24:01 AM,00:02,TVH (Transvaginal hysterectomy),No,No,2,1,Center
2,9:24:01 AM,9:24:01 AM,00:00,TVH (Transvaginal hysterectomy),No,No,2,1,Center
10,9:24:01 AM,9:24:03 AM,00:02,TVH (Transvaginal hysterectomy),No,No,2,1,Center
14,9:24:03 AM,9:24:04 AM,00:01,TVH (Transvaginal hysterectomy),No,No,2,1,Center
10,9:24:04 AM,9:24:05 AM,00:01,TVH (Transvaginal hysterectomy),No,No,2,1,Center
14,9:24:05 AM,9:24:06 AM,00:01,TVH (Transvaginal hysterectomy),No,No,2,1,Center
13,9:24:06 AM,9:24:07 AM,00:01,TVH (Transvaginal hysterectomy),No,No,2,1,Center
14,9:24:07 AM,9:24:08 AM,00:01,TVH (Transvaginal hysterectomy),No,No,2,1,Center
10,9:24:08 AM,9:24:09 AM,00:01,TVH (Transvaginal hysterectomy),No,No,2,1,Center
26,9:24:09 AM,9:24:10 AM,00:01,TVH (Transvaginal hysterectomy),No,No,2,1,Center
18,9:24:10 AM,9:24:37 AM,00:27,TVH (Transvaginal hysterectomy),No,No,2,1,Center
2,9:24:37 AM,9:24:39 AM,00:02,TVH (Transvaginal hysterectomy),No,No,2,1,Center
10,9:24:39 AM,9:24:40 AM,00:01,TVH (Transvaginal hysterectomy),No,No,2,1,Center
2,9:24:40 AM,9:24:53 AM,00:13,TVH (Transvaginal hysterectomy),No,No,2,1,Center
18,9:24:53 AM,9:25:06 AM,00:13,TVH (Transvaginal hysterectomy),No,No,2,1,Center
2,9:25:06 AM,9:25:08 AM,00:02,TVH (Transvaginal hysterectomy),No,No,2,1,Center
1,9:25:08 AM,9:25:09 AM,00:01,TVH (Transvaginal hysterectomy),No,No,2,1,Center
2,9:25:09 AM,9:25:11 AM,00:02,TVH (Transvaginal hysterectomy),No,No,2,1,Center
18,9:25:11 AM,9:25:12 AM,00:01,TVH (Transvaginal hysterectomy),No,No,2,1,Center
22,9:25:12 AM,9:25:14 AM,00:02,TVH (Transvaginal hysterectomy),No,No,2,1,Center
18,9:25:14 AM,9:25:15 AM,00:01,TVH (Transvaginal hysterectomy),No,No,2,1,Center
2,9:25:15 AM,9:25:29 AM,00:14,TVH (Transvaginal hysterectomy),No,No,2,1,Center
4,9:25:29 AM,9:25:33 AM,00:04,TVH (Transvaginal hysterectomy),No,No,2,1,Center
20,9:25:33 AM,9:25:45 AM,00:12,TVH (Transvaginal hysterectomy),No,No,2,1,Center
18,9:25:45 AM,9:25:46 AM,00:01,TVH (Transvaginal hysterectomy),No,No,2,1,Center
2,9:25:46 AM,9:25:48 AM,00:02,TVH (Transvaginal hysterectomy),No,No,2,1,Center
10,9:25:48 AM,9:25:50 AM,00:02,TVH (Transvaginal hysterectomy),No,No,2,1,Center
26,9:25:50 AM,9:25:51 AM,00:01,TVH (Transvaginal hysterectomy),No,No,2,1,Center
18,9:25:51 AM,9:26:03 AM,00:12,TVH (Transvaginal hysterectomy),No,No,2,1,Center
2,9:26:03 AM,9:26:07 AM,00:04,TVH (Transvaginal hysterectomy),No,No,2,1,Center
1,9:26:07 AM,9:26:08 AM,00:01,TVH (Transvaginal hysterectomy),No,No,2,1,Center
17,9:26:08 AM,9:26:12 AM,00:04,TVH (Transvaginal hysterectomy),No,No,2,1,Center
18,9:26:12 AM,9:26:15 AM,00:03,TVH (Transvaginal hysterectomy),No,No,2,1,Center
26,9:26:15 AM,9:26:15 AM,00:00,TVH (Transvaginal hysterectomy),No,No,2,1,Center
10,9:26:15 AM,9:26:16 AM,00:01,TVH (Transvaginal hysterectomy),No,No,2,1,Center
9,9:26:16 AM,9:26:18 AM,00:02,TVH (Transvaginal hysterectomy),No,No,2,1,Center
25,9:26:18 AM,9:26:30 AM,00:12,TVH (Transvaginal hysterectomy),No,No,2,1,Center
29,9:26:30 AM,9:26:35 AM,00:05,TVH (Transvaginal hysterectomy),No,No,2,1,Center
25,9:26:35 AM,9:26:43 AM,00:08,TVH (Transvaginal hysterectomy),No,No,2,1,Center
9,9:26:43 AM,9:26:44 AM,00:01,TVH (Transvaginal hysterectomy),No,No,2,1,Center
1,9:26:44 AM,9:26:46 AM,00:02,TVH (Transvaginal hysterectomy),No,No,2,1,Center
2,9:26:46 AM,9:27:01 AM,00:15,TVH (Transvaginal hysterectomy),No,No,2,1,Center
1,9:27:01 AM,9:27:06 AM,00:05,TVH (Transvaginal hysterectomy),No,No,2,1,Center
17,9:27:06 AM,9:27:08 AM,00:02,TVH (Transvaginal hysterectomy),No,No,2,1,Center
1,9:27:08 AM,9:27:12 AM,00:04,TVH (Transvaginal hysterectomy),No,No,2,1,Center
5,9:27:12 AM,9:27:14 AM,00:02,TVH (Transvaginal hysterectomy),No,No,2,1,Center
1,9:27:14 AM,9:27:16 AM,00:02,TVH (Transvaginal hysterectomy),No,No,2,1,Center
5,9:27:16 AM,9:27:24 AM,00:08,TVH (Transvaginal hysterectomy),No,No,2,1,Center
1,9:27:24 AM,9:27:25 AM,00:01,TVH (Transvaginal hysterectomy),No,No,2,1,Center
2,9:27:25 AM,9:27:34 AM,00:09,TVH (Transvaginal hysterectomy),No,No,2,1,Center
1,9:27:34 AM,9:27:36 AM,00:02,TVH (Transvaginal hysterectomy),No,No,2,1,Center
5,9:27:36 AM,9:27:40 AM,00:04,TVH (Transvaginal hysterectomy),No,No,2,1,Center
1,9:27:40 AM,9:27:42 AM,00:02,TVH (Transvaginal hysterectomy),No,No,2,1,Center
2,9:27:42 AM,9:27:50 AM,00:08,TVH (Transvaginal hysterectomy),No,No,2,1,Center
1,9:27:50 AM,9:28:05 AM,00:15,TVH (Transvaginal hysterectomy),No,No,2,1,Center
5,9:28:05 AM,9:28:13 AM,00:08,TVH (Transvaginal hysterectomy),No,No,2,1,Center
21,9:28:13 AM,9:28:14 AM,00:01,TVH (Transvaginal hysterectomy),No,No,2,1,Center
5,9:28:14 AM,9:28:14 AM,00:00,TVH (Transvaginal hysterectomy),No,No,2,1,Center
1,9:28:14 AM,9:28:16 AM,00:02,TVH (Transvaginal hysterectomy),No,No,2,1,Center
2,9:28:16 AM,9:28:17 AM,00:01,TVH (Transvaginal hysterectomy),No,No,2,1,Center
18,9:28:17 AM,9:28:25 AM,00:08,TVH (Transvaginal hysterectomy),No,No,2,1,Center
2,9:28:25 AM,9:28:28 AM,00:03,TVH (Transvaginal hysterectomy),No,No,2,1,Center
18,9:28:28 AM,9:28:46 AM,00:18,TVH (Transvaginal hysterectomy),No,No,2,1,Center
2,9:28:46 AM,9:28:48 AM,00:02,TVH (Transvaginal hysterectomy),No,No,2,1,Center
1,9:28:48 AM,9:28:56 AM,00:08,TVH (Transvaginal hysterectomy),No,No,2,1,Center
17,9:28:56 AM,9:29:00 AM,00:04,TVH (Transvaginal hysterectomy),No,No,2,1,Center
21,9:29:00 AM,9:29:02 AM,00:02,TVH (Transvaginal hysterectomy),No,No,2,1,Center
5,9:29:02 AM,9:29:09 AM,00:07,TVH (Transvaginal hysterectomy),No,No,2,1,Center
1,9:29:09 AM,9:29:24 AM,00:15,TVH (Transvaginal hysterectomy),No,No,2,1,Center
5,9:29:24 AM,9:29:31 AM,00:07,TVH (Transvaginal hysterectomy),No,No,2,1,Center
1,9:29:31 AM,9:29:39 AM,00:08,TVH (Transvaginal hysterectomy),No,No,2,1,Center
2,9:29:39 AM,9:29:47 AM,00:08,TVH (Transvaginal hysterectomy),No,No,2,1,Center
10,9:29:47 AM,9:29:49 AM,00:02,TVH (Transvaginal hysterectomy),No,No,2,1,Center
14,9:29:49 AM,9:29:52 AM,00:03,TVH (Transvaginal hysterectomy),No,No,2,1,Center
10,9:29:52 AM,9:29:53 AM,00:01,TVH (Transvaginal hysterectomy),No,No,2,1,Center
9,9:29:53 AM,9:30:13 AM,00:20,TVH (Transvaginal hysterectomy),No,No,2,1,Center
1,9:30:13 AM,9:30:23 AM,00:10,TVH (Transvaginal hysterectomy),No,No,2,1,Center
5,9:30:23 AM,9:30:27 AM,00:04,TVH (Transvaginal hysterectomy),No,No,2,1,Center
1,9:30:27 AM,9:30:35 AM,00:08,TVH (Transvaginal hysterectomy),No,No,2,1,Center
2,9:30:35 AM,9:30:40 AM,00:05,TVH (Transvaginal hysterectomy),No,No,2,1,Center
1,9:30:40 AM,9:30:42 AM,00:02,TVH (Transvaginal hysterectomy),No,No,2,1,Center
17,9:30:42 AM,9:30:45 AM,00:03,TVH (Transvaginal hysterectomy),No,No,2,1,Center
1,9:30:45 AM,9:30:55 AM,00:10,TVH (Transvaginal hysterectomy),No,No,2,1,Center
2,9:30:55 AM,9:30:57 AM,00:02,TVH (Transvaginal hysterectomy),No,No,2,1,Center
1,9:30:57 AM,9:31:05 AM,00:08,TVH (Transvaginal hysterectomy),No,No,2,1,Center
17,9:31:05 AM,9:31:07 AM,00:02,TVH (Transvaginal hysterectomy),No,No,2,1,Center
1,9:31:07 AM,9:31:10 AM,00:03,TVH (Transvaginal hysterectomy),No,No,2,1,Center
2,9:31:10 AM,9:31:12 AM,00:02,TVH (Transvaginal hysterectomy),No,No,2,1,Center
6,9:31:12 AM,9:31:15 AM,00:03,TVH (Transvaginal hysterectomy),No,No,2,1,Center
2,9:31:15 AM,9:31:32 AM,00:17,TVH (Transvaginal hysterectomy),No,No,2,1,Center
10,9:31:32 AM,9:31:32 AM,00:00,TVH (Transvaginal hysterectomy),No,No,2,1,Center
9,9:31:32 AM,9:31:36 AM,00:04,TVH (Transvaginal hysterectomy),No,No,2,1,Center
1,9:31:36 AM,9:31:37 AM,00:01,TVH (Transvaginal hysterectomy),No,No,2,1,Center
17,9:31:37 AM,9:31:40 AM,00:03,TVH (Transvaginal hysterectomy),No,No,2,1,Center
25,9:31:40 AM,9:31:41 AM,00:01,TVH (Transvaginal hysterectomy),No,No,2,1,Center
9,9:31:41 AM,9:31:46 AM,00:05,TVH (Transvaginal hysterectomy),No,No,2,1,Center
1,9:31:46 AM,9:32:03 AM,00:17,TVH (Transvaginal hysterectomy),No,No,2,1,Center
9,9:32:03 AM,9:32:07 AM,00:04,TVH (Transvaginal hysterectomy),No,No,2,1,Center
13,9:32:07 AM,9:32:08 AM,00:01,TVH (Transvaginal hysterectomy),No,No,2,1,Center
5,9:32:08 AM,9:32:10 AM,00:02,TVH (Transvaginal hysterectomy),No,No,2,1,Center
6,9:32:10 AM,9:32:12 AM,00:02,TVH (Transvaginal hysterectomy),No,No,2,1,Center
5,9:32:12 AM,9:32:14 AM,00:02,TVH (Transvaginal hysterectomy),No,No,2,1,Center
1,9:32:14 AM,9:32:16 AM,00:02,TVH (Transvaginal hysterectomy),No,No,2,1,Center
9,9:32:16 AM,9:32:18 AM,00:02,TVH (Transvaginal hysterectomy),No,No,2,1,Center
13,9:32:18 AM,9:32:23 AM,00:05,TVH (Transvaginal hysterectomy),No,No,2,1,Center
5,9:32:23 AM,9:32:59 AM,00:36,TVH (Transvaginal hysterectomy),No,No,2,1,Center
1,9:32:59 AM,9:33:07 AM,00:08,TVH (Transvaginal hysterectomy),No,No,2,1,Center
17,9:33:07 AM,9:33:08 AM,00:01,TVH (Transvaginal hysterectomy),No,No,2,1,Center
18,9:33:08 AM,9:33:13 AM,00:05,TVH (Transvaginal hysterectomy),No,No,2,1,Center
22,9:33:13 AM,9:33:33 AM,00:20,TVH (Transvaginal hysterectomy),No,No,2,1,Center
18,9:33:33 AM,9:33:45 AM,00:12,TVH (Transvaginal hysterectomy),No,No,2,1,Center
2,9:33:45 AM,9:33:47 AM,00:02,TVH (Transvaginal hysterectomy),No,No,2,1,Center
1,9:33:47 AM,9:34:04 AM,00:17,TVH (Transvaginal hysterectomy),No,No,2,1,Center
3,9:34:04 AM,9:34:05 AM,00:01,TVH (Transvaginal hysterectomy),No,No,2,1,Center
4,9:34:05 AM,9:34:07 AM,00:02,TVH (Transvaginal hysterectomy),No,No,2,1,Center
2,9:34:07 AM,9:34:10 AM,00:03,TVH (Transvaginal hysterectomy),No,No,2,1,Center
4,9:34:10 AM,9:34:16 AM,00:06,TVH (Transvaginal hysterectomy),No,No,2,1,Center
2,9:34:16 AM,9:34:16 AM,00:00,TVH (Transvaginal hysterectomy),No,No,2,1,Center
6,9:34:16 AM,9:34:30 AM,00:14,TVH (Transvaginal hysterectomy),No,No,2,1,Center
2,9:34:30 AM,9:34:30 AM,00:00,TVH (Transvaginal hysterectomy),No,No,2,1,Center
1,9:34:30 AM,9:34:30 AM,00:00,TVH (Transvaginal hysterectomy),No,No,2,1,Center
2,9:35:45 AM,9:35:47 AM,00:02,BSO (Biateral salpingo-oophrectomy),No,No,3,2,Center
6,9:35:47 AM,9:35:50 AM,00:03,BSO (Biateral salpingo-oophrectomy),No,No,3,2,Center
2,9:35:50 AM,9:35:52 AM,00:02,BSO (Biateral salpingo-oophrectomy),No,No,3,2,Center
18,9:35:52 AM,9:35:54 AM,00:02,BSO (Biateral salpingo-oophrectomy),No,No,3,2,Center
22,9:35:54 AM,9:36:00 AM,00:06,BSO (Biateral salpingo-oophrectomy),No,No,3,2,Center
18,9:36:00 AM,9:36:01 AM,00:01,BSO (Biateral salpingo-oophrectomy),No,No,3,2,Center
2,9:36:01 AM,9:36:08 AM,00:07,BSO (Biateral salpingo-oophrectomy),No,No,3,2,Center
18,9:36:08 AM,9:36:12 AM,00:04,BSO (Biateral salpingo-oophrectomy),No,No,3,2,Center
2,9:36:12 AM,9:36:21 AM,00:09,BSO (Biateral salpingo-oophrectomy),No,No,3,2,Center
6,9:36:21 AM,9:36:23 AM,00:02,BSO (Biateral salpingo-oophrectomy),No,No,3,2,Center
2,9:36:23 AM,9:36:27 AM,00:04,BSO (Biateral salpingo-oophrectomy),No,No,3,2,Center
1,9:36:27 AM,9:36:30 AM,00:03,BSO (Biateral salpingo-oophrectomy),No,No,3,2,Center
2,9:36:30 AM,9:36:31 AM,00:01,BSO (Biateral salpingo-oophrectomy),No,No,3,2,Center
6,9:36:31 AM,9:36:33 AM,00:02,BSO (Biateral salpingo-oophrectomy),No,No,3,2,Center
2,9:36:33 AM,9:36:51 AM,00:18,BSO (Biateral salpingo-oophrectomy),No,No,3,2,Center
6,9:36:51 AM,9:36:54 AM,00:03,BSO (Biateral salpingo-oophrectomy),No,No,3,2,Center
2,9:36:54 AM,9:36:56 AM,00:02,BSO (Biateral salpingo-oophrectomy),No,No,3,2,Center
6,9:36:56 AM,9:37:00 AM,00:04,BSO (Biateral salpingo-oophrectomy),No,No,3,2,Center
2,9:37:00 AM,9:37:04 AM,00:04,BSO (Biateral salpingo-oophrectomy),No,No,3,2,Center
6,9:37:04 AM,9:37:06 AM,00:02,BSO (Biateral salpingo-oophrectomy),No,No,3,2,Center
2,9:37:06 AM,9:37:09 AM,00:03,BSO (Biateral salpingo-oophrectomy),No,No,3,2,Center
18,9:37:09 AM,9:37:19 AM,00:10,BSO (Biateral salpingo-oophrectomy),No,No,3,2,Center
2,9:37:19 AM,9:37:20 AM,00:01,BSO (Biateral salpingo-oophrectomy),No,No,3,2,Center
6,9:37:20 AM,9:37:23 AM,00:03,BSO (Biateral salpingo-oophrectomy),No,No,3,2,Center
22,9:37:23 AM,9:37:25 AM,00:02,BSO (Biateral salpingo-oophrectomy),No,No,3,2,Center
6,9:37:25 AM,9:37:26 AM,00:01,BSO (Biateral salpingo-oophrectomy),No,No,3,2,Center
2,9:37:26 AM,9:37:27 AM,00:01,BSO (Biateral salpingo-oophrectomy),No,No,3,2,Center
6,9:37:27 AM,9:37:32 AM,00:05,BSO (Biateral salpingo-oophrectomy),No,No,3,2,Center
22,9:37:32 AM,9:37:32 AM,00:00,BSO (Biateral salpingo-oophrectomy),No,No,3,2,Center
18,9:37:32 AM,9:37:35 AM,00:03,BSO (Biateral salpingo-oophrectomy),No,No,3,2,Center
22,9:37:35 AM,9:37:35 AM,00:00,BSO (Biateral salpingo-oophrectomy),No,No,3,2,Center
18,9:37:35 AM,9:37:37 AM,00:02,BSO (Biateral salpingo-oophrectomy),No,No,3,2,Center
22,9:37:37 AM,9:37:39 AM,00:02,BSO (Biateral salpingo-oophrectomy),No,No,3,2,Center
6,9:37:39 AM,9:37:44 AM,00:05,BSO (Biateral salpingo-oophrectomy),No,No,3,2,Center
14,9:37:44 AM,9:37:46 AM,00:02,BSO (Biateral salpingo-oophrectomy),No,No,3,2,Center
30,9:37:46 AM,9:37:49 AM,00:03,BSO (Biateral salpingo-oophrectomy),No,No,3,2,Center
26,9:37:49 AM,9:37:52 AM,00:03,BSO (Biateral salpingo-oophrectomy),No,No,3,2,Center
18,9:37:52 AM,9:37:54 AM,00:02,BSO (Biateral salpingo-oophrectomy),No,No,3,2,Center
2,9:37:54 AM,9:37:59 AM,00:05,BSO (Biateral salpingo-oophrectomy),No,No,3,2,Center
6,9:37:59 AM,9:38:16 AM,00:17,BSO (Biateral salpingo-oophrectomy),No,No,3,2,Center
2,9:38:16 AM,9:38:17 AM,00:01,BSO (Biateral salpingo-oophrectomy),No,No,3,2,Center
1,9:38:17 AM,9:38:20 AM,00:03,BSO (Biateral salpingo-oophrectomy),No,No,3,2,Center
2,9:38:20 AM,9:38:21 AM,00:01,BSO (Biateral salpingo-oophrectomy),No,No,3,2,Center
1,9:38:21 AM,9:38:21 AM,00:00,BSO (Biateral salpingo-oophrectomy),No,No,3,2,Center
2,9:38:21 AM,9:38:23 AM,00:02,BSO (Biateral salpingo-oophrectomy),No,No,3,2,Center
4,9:38:23 AM,9:38:25 AM,00:02,BSO (Biateral salpingo-oophrectomy),No,No,3,2,Center
2,9:38:25 AM,9:38:25 AM,00:00,BSO (Biateral salpingo-oophrectomy),No,No,3,2,Center
6,9:38:25 AM,9:38:32 AM,00:07,BSO (Biateral salpingo-oophrectomy),No,No,3,2,Center
2,9:38:32 AM,9:38:34 AM,00:02,BSO (Biateral salpingo-oophrectomy),No,No,3,2,Center
1,9:38:34 AM,9:38:40 AM,00:06,BSO (Biateral salpingo-oophrectomy),No,No,3,2,Center
5,9:38:40 AM,9:38:42 AM,00:02,BSO (Biateral salpingo-oophrectomy),No,No,3,2,Center
1,9:38:42 AM,9:38:42 AM,00:00,BSO (Biateral salpingo-oophrectomy),No,No,3,2,Center
9,9:38:42 AM,9:38:45 AM,00:03,BSO (Biateral salpingo-oophrectomy),No,No,3,2,Center
13,9:38:45 AM,9:38:48 AM,00:03,BSO (Biateral salpingo-oophrectomy),No,No,3,2,Center
29,9:38:48 AM,9:38:49 AM,00:01,BSO (Biateral salpingo-oophrectomy),No,No,3,2,Center
25,9:38:49 AM,9:38:52 AM,00:03,BSO (Biateral salpingo-oophrectomy),No,No,3,2,Center
17,9:38:52 AM,9:38:55 AM,00:03,BSO (Biateral salpingo-oophrectomy),No,No,3,2,Center
21,9:38:55 AM,9:39:02 AM,00:07,BSO (Biateral salpingo-oophrectomy),No,No,3,2,Center
22,9:39:02 AM,9:39:07 AM,00:05,BSO (Biateral salpingo-oophrectomy),No,No,3,2,Center
18,9:39:07 AM,9:39:08 AM,00:01,BSO (Biateral salpingo-oophrectomy),No,No,3,2,Center
26,9:39:08 AM,9:39:11 AM,00:03,BSO (Biateral salpingo-oophrectomy),No,No,3,2,Center
30,9:39:11 AM,9:39:15 AM,00:04,BSO (Biateral salpingo-oophrectomy),No,No,3,2,Center
22,9:39:15 AM,9:39:24 AM,00:09,BSO (Biateral salpingo-oophrectomy),No,No,3,2,Center
18,9:39:24 AM,9:39:27 AM,00:03,BSO (Biateral salpingo-oophrectomy),No,No,3,2,Center
2,9:39:27 AM,9:39:31 AM,00:04,BSO (Biateral salpingo-oophrectomy),No,No,3,2,Center
18,9:39:31 AM,9:39:39 AM,00:08,BSO (Biateral salpingo-oophrectomy),No,No,3,2,Center
17,9:39:39 AM,9:39:42 AM,00:03,BSO (Biateral salpingo-oophrectomy),No,No,3,2,Center
1,9:39:42 AM,9:39:46 AM,00:04,BSO (Biateral salpingo-oophrectomy),No,No,3,2,Center
17,9:39:46 AM,9:39:49 AM,00:03,BSO (Biateral salpingo-oophrectomy),No,No,3,2,Center
18,9:39:49 AM,9:39:56 AM,00:07,BSO (Biateral salpingo-oophrectomy),No,No,3,2,Center
2,9:39:56 AM,9:39:58 AM,00:02,BSO (Biateral salpingo-oophrectomy),No,No,3,2,Center
18,9:39:58 AM,9:39:58 AM,00:00,BSO (Biateral salpingo-oophrectomy),No,No,3,2,Center
17,9:39:58 AM,9:40:05 AM,00:07,BSO (Biateral salpingo-oophrectomy),No,No,3,2,Center
1,9:40:05 AM,9:40:10 AM,00:05,BSO (Biateral salpingo-oophrectomy),No,No,3,2,Center
2,9:40:10 AM,9:40:21 AM,00:11,BSO (Biateral salpingo-oophrectomy),No,No,3,2,Center
6,9:40:21 AM,9:40:23 AM,00:02,BSO (Biateral salpingo-oophrectomy),No,No,3,2,Center
2,9:40:23 AM,9:40:31 AM,00:08,BSO (Biateral salpingo-oophrectomy),No,No,3,2,Center
6,9:40:31 AM,9:40:37 AM,00:06,BSO (Biateral salpingo-oophrectomy),No,No,3,2,Center
8,9:40:37 AM,9:40:43 AM,00:06,BSO (Biateral salpingo-oophrectomy),No,No,3,2,Center
6,9:40:43 AM,9:40:59 AM,00:16,BSO (Biateral salpingo-oophrectomy),No,No,3,2,Center
2,9:40:59 AM,9:41:03 AM,00:04,BSO (Biateral salpingo-oophrectomy),No,No,3,2,Center
18,9:41:03 AM,9:41:05 AM,00:02,BSO (Biateral salpingo-oophrectomy),No,No,3,2,Center
2,9:41:05 AM,9:41:07 AM,00:02,BSO (Biateral salpingo-oophrectomy),No,No,3,2,Center
10,9:41:07 AM,9:41:09 AM,00:02,BSO (Biateral salpingo-oophrectomy),No,No,3,2,Center
14,9:41:09 AM,9:41:12 AM,00:03,BSO (Biateral salpingo-oophrectomy),No,No,3,2,Center
10,9:41:12 AM,9:41:18 AM,00:06,BSO (Biateral salpingo-oophrectomy),No,No,3,2,Center
2,9:41:18 AM,9:41:20 AM,00:02,BSO (Biateral salpingo-oophrectomy),No,No,3,2,Center
6,9:41:20 AM,9:41:23 AM,00:03,BSO (Biateral salpingo-oophrectomy),No,No,3,2,Center
22,9:41:23 AM,9:41:28 AM,00:05,BSO (Biateral salpingo-oophrectomy),No,No,3,2,Center
6,9:41:28 AM,9:41:29 AM,00:01,BSO (Biateral salpingo-oophrectomy),No,No,3,2,Center
2,9:41:29 AM,9:41:31 AM,00:02,BSO (Biateral salpingo-oophrectomy),No,No,3,2,Center
1,9:41:31 AM,9:41:36 AM,00:05,BSO (Biateral salpingo-oophrectomy),No,No,3,2,Center
17,9:41:36 AM,9:41:37 AM,00:01,BSO (Biateral salpingo-oophrectomy),No,No,3,2,Center
18,9:41:37 AM,9:41:42 AM,00:05,BSO (Biateral salpingo-oophrectomy),No,No,3,2,Center
17,9:41:42 AM,9:41:48 AM,00:06,BSO (Biateral salpingo-oophrectomy),No,No,3,2,Center
18,9:41:48 AM,9:41:53 AM,00:05,BSO (Biateral salpingo-oophrectomy),No,No,3,2,Center
2,9:41:53 AM,9:41:54 AM,00:01,BSO (Biateral salpingo-oophrectomy),No,No,3,2,Center
18,9:41:54 AM,9:41:59 AM,00:05,BSO (Biateral salpingo-oophrectomy),No,No,3,2,Center
22,9:41:59 AM,9:42:17 AM,00:18,BSO (Biateral salpingo-oophrectomy),No,No,3,2,Center
18,9:42:17 AM,9:42:24 AM,00:07,BSO (Biateral salpingo-oophrectomy),No,No,3,2,Center
2,9:42:24 AM,9:42:27 AM,00:03,BSO (Biateral salpingo-oophrectomy),No,No,3,2,Center
18,9:42:27 AM,9:42:41 AM,00:14,BSO (Biateral salpingo-oophrectomy),No,No,3,2,Center
22,9:42:41 AM,9:42:45 AM,00:04,BSO (Biateral salpingo-oophrectomy),No,No,3,2,Center
18,9:42:45 AM,9:42:53 AM,00:08,BSO (Biateral salpingo-oophrectomy),No,No,3,2,Center
2,9:42:53 AM,9:42:56 AM,00:03,BSO (Biateral salpingo-oophrectomy),No,No,3,2,Center
10,9:42:56 AM,9:42:57 AM,00:01,BSO (Biateral salpingo-oophrectomy),No,No,3,2,Center
2,9:42:57 AM,9:43:06 AM,00:09,BSO (Biateral salpingo-oophrectomy),No,No,3,2,Center
10,9:43:06 AM,9:43:17 AM,00:11,BSO (Biateral salpingo-oophrectomy),No,No,3,2,Center
26,9:43:17 AM,9:43:18 AM,00:01,BSO (Biateral salpingo-oophrectomy),No,No,3,2,Center
18,9:43:18 AM,9:43:22 AM,00:04,BSO (Biateral salpingo-oophrectomy),No,No,3,2,Center
2,9:43:22 AM,9:43:24 AM,00:02,BSO (Biateral salpingo-oophrectomy),No,No,3,2,Center
1,9:43:24 AM,9:43:25 AM,00:01,BSO (Biateral salpingo-oophrectomy),No,No,3,2,Center
2,9:43:25 AM,9:43:30 AM,00:05,BSO (Biateral salpingo-oophrectomy),No,No,3,2,Center
6,9:43:30 AM,9:43:33 AM,00:03,BSO (Biateral salpingo-oophrectomy),No,No,3,2,Center
2,9:43:33 AM,9:43:35 AM,00:02,BSO (Biateral salpingo-oophrectomy),No,No,3,2,Center
18,9:43:35 AM,9:43:52 AM,00:17,BSO (Biateral salpingo-oophrectomy),No,No,3,2,Center
2,9:43:52 AM,9:43:55 AM,00:03,BSO (Biateral salpingo-oophrectomy),No,No,3,2,Center
1,9:43:55 AM,9:43:56 AM,00:01,BSO (Biateral salpingo-oophrectomy),No,No,3,2,Center
17,9:43:56 AM,9:43:57 AM,00:01,BSO (Biateral salpingo-oophrectomy),No,No,3,2,Center
1,9:43:57 AM,9:44:01 AM,00:04,BSO (Biateral salpingo-oophrectomy),No,No,3,2,Center
2,9:44:01 AM,9:44:06 AM,00:05,BSO (Biateral salpingo-oophrectomy),No,No,3,2,Center
6,9:44:06 AM,9:44:13 AM,00:07,BSO (Biateral salpingo-oophrectomy),No,No,3,2,Center
2,9:44:13 AM,9:44:13 AM,00:00,BSO (Biateral salpingo-oophrectomy),No,No,3,2,Center
1,9:44:13 AM,9:44:13 AM,00:00,BSO (Biateral salpingo-oophrectomy),No,No,3,2,Center
17,9:45:05 AM,9:45:07 AM,00:02,Cysto (Cystoscopy),No,No,4,3,Center
25,9:45:07 AM,9:45:10 AM,00:03,Cysto (Cystoscopy),No,No,4,3,Center
17,9:45:10 AM,9:45:10 AM,00:00,Cysto (Cystoscopy),No,No,4,3,Center
1,9:45:10 AM,9:45:12 AM,00:02,Cysto (Cystoscopy),No,No,4,3,Center
2,9:45:12 AM,9:45:16 AM,00:04,Cysto (Cystoscopy),No,No,4,3,Center
1,9:45:16 AM,9:45:21 AM,00:05,Cysto (Cystoscopy),No,No,4,3,Center
17,9:45:21 AM,9:45:24 AM,00:03,Cysto (Cystoscopy),No,No,4,3,Center
18,9:45:24 AM,9:45:27 AM,00:03,Cysto (Cystoscopy),No,No,4,3,Center
2,9:45:27 AM,9:45:33 AM,00:06,Cysto (Cystoscopy),No,No,4,3,Center
1,9:45:33 AM,9:45:36 AM,00:03,Cysto (Cystoscopy),No,No,4,3,Center
17,9:45:36 AM,9:45:38 AM,00:02,Cysto (Cystoscopy),No,No,4,3,Center
1,9:45:38 AM,9:45:54 AM,00:16,Cysto (Cystoscopy),No,No,4,3,Center
9,9:45:54 AM,9:45:59 AM,00:05,Cysto (Cystoscopy),No,No,4,3,Center
1,9:45:59 AM,9:46:00 AM,00:01,Cysto (Cystoscopy),No,No,4,3,Center
2,9:46:00 AM,9:46:04 AM,00:04,Cysto (Cystoscopy),No,No,4,3,Center
6,9:46:04 AM,9:46:06 AM,00:02,Cysto (Cystoscopy),No,No,4,3,Center
2,9:46:06 AM,9:46:07 AM,00:01,Cysto (Cystoscopy),No,No,4,3,Center
1,9:46:07 AM,9:46:09 AM,00:02,Cysto (Cystoscopy),No,No,4,3,Center
17,9:46:09 AM,9:46:11 AM,00:02,Cysto (Cystoscopy),No,No,4,3,Center
18,9:46:11 AM,9:46:12 AM,00:01,Cysto (Cystoscopy),No,No,4,3,Center
2,9:46:12 AM,9:46:14 AM,00:02,Cysto (Cystoscopy),No,No,4,3,Center
18,9:46:14 AM,9:46:16 AM,00:02,Cysto (Cystoscopy),No,No,4,3,Center
17,9:46:16 AM,9:46:20 AM,00:04,Cysto (Cystoscopy),No,No,4,3,Center
18,9:46:20 AM,9:46:31 AM,00:11,Cysto (Cystoscopy),No,No,4,3,Center
17,9:46:31 AM,9:46:33 AM,00:02,Cysto (Cystoscopy),No,No,4,3,Center
1,9:46:33 AM,9:46:35 AM,00:02,Cysto (Cystoscopy),No,No,4,3,Center
17,9:46:35 AM,9:46:42 AM,00:07,Cysto (Cystoscopy),No,No,4,3,Center
1,9:46:42 AM,9:46:47 AM,00:05,Cysto (Cystoscopy),No,No,4,3,Center
9,9:46:47 AM,9:46:49 AM,00:02,Cysto (Cystoscopy),No,No,4,3,Center
25,9:46:49 AM,9:46:52 AM,00:03,Cysto (Cystoscopy),No,No,4,3,Center
17,9:46:52 AM,9:46:54 AM,00:02,Cysto (Cystoscopy),No,No,4,3,Center
1,9:46:54 AM,9:46:58 AM,00:04,Cysto (Cystoscopy),No,No,4,3,Center
17,9:46:58 AM,9:46:58 AM,00:00,Cysto (Cystoscopy),No,No,4,3,Center
25,9:46:58 AM,9:47:05 AM,00:07,Cysto (Cystoscopy),No,No,4,3,Center
17,9:47:05 AM,9:47:08 AM,00:03,Cysto (Cystoscopy),No,No,4,3,Center
25,9:47:08 AM,9:47:11 AM,00:03,Cysto (Cystoscopy),No,No,4,3,Center
26,9:47:11 AM,9:47:15 AM,00:04,Cysto (Cystoscopy),No,No,4,3,Center
28,9:47:15 AM,9:47:18 AM,00:03,Cysto (Cystoscopy),No,No,4,3,Center
26,9:47:18 AM,9:47:20 AM,00:02,Cysto (Cystoscopy),No,No,4,3,Center
25,9:47:20 AM,9:47:22 AM,00:02,Cysto (Cystoscopy),No,No,4,3,Center
9,9:47:22 AM,9:47:28 AM,00:06,Cysto (Cystoscopy),No,No,4,3,Center
1,9:47:28 AM,9:47:30 AM,00:02,Cysto (Cystoscopy),No,No,4,3,Center
9,9:47:30 AM,9:47:33 AM,00:03,Cysto (Cystoscopy),No,No,4,3,Center
25,9:47:33 AM,9:47:35 AM,00:02,Cysto (Cystoscopy),No,No,4,3,Center
17,9:47:35 AM,9:47:41 AM,00:06,Cysto (Cystoscopy),No,No,4,3,Center
25,9:47:41 AM,9:47:42 AM,00:01,Cysto (Cystoscopy),No,No,4,3,Center
9,9:47:42 AM,9:47:45 AM,00:03,Cysto (Cystoscopy),No,No,4,3,Center
1,9:47:45 AM,9:47:47 AM,00:02,Cysto (Cystoscopy),No,No,4,3,Center
17,9:47:47 AM,9:47:49 AM,00:02,Cysto (Cystoscopy),No,No,4,3,Center
21,9:47:49 AM,9:47:57 AM,00:08,Cysto (Cystoscopy),No,No,4,3,Center
17,9:47:57 AM,9:47:59 AM,00:02,Cysto (Cystoscopy),No,No,4,3,Center
1,9:47:59 AM,9:48:37 AM,00:38,Cysto (Cystoscopy),No,No,4,3,Center
9,9:48:37 AM,9:48:45 AM,00:08,Cysto (Cystoscopy),No,No,4,3,Center
1,9:48:45 AM,9:48:47 AM,00:02,Cysto (Cystoscopy),No,No,4,3,Center
2,9:48:47 AM,9:48:49 AM,00:02,Cysto (Cystoscopy),No,No,4,3,Center
10,9:48:49 AM,9:48:52 AM,00:03,Cysto (Cystoscopy),No,No,4,3,Center
14,9:48:52 AM,9:48:52 AM,00:00,Cysto (Cystoscopy),No,No,4,3,Center
13,9:48:52 AM,9:48:53 AM,00:01,Cysto (Cystoscopy),No,No,4,3,Center
9,9:48:53 AM,9:48:56 AM,00:03,Cysto (Cystoscopy),No,No,4,3,Center
1,9:48:56 AM,9:49:00 AM,00:04,Cysto (Cystoscopy),No,No,4,3,Center
3,9:49:00 AM,9:49:01 AM,00:01,Cysto (Cystoscopy),No,No,4,3,Center
4,9:49:01 AM,9:49:02 AM,00:01,Cysto (Cystoscopy),No,No,4,3,Center
3,9:49:02 AM,9:49:03 AM,00:01,Cysto (Cystoscopy),No,No,4,3,Center
1,9:49:03 AM,9:49:05 AM,00:02,Cysto (Cystoscopy),No,No,4,3,Center
5,9:49:05 AM,9:49:07 AM,00:02,Cysto (Cystoscopy),No,No,4,3,Center
1,9:49:07 AM,9:49:09 AM,00:02,Cysto (Cystoscopy),No,No,4,3,Center
17,9:49:09 AM,9:49:13 AM,00:04,Cysto (Cystoscopy),No,No,4,3,Center
25,9:49:13 AM,9:49:14 AM,00:01,Cysto (Cystoscopy),No,No,4,3,Center
9,9:49:14 AM,9:49:15 AM,00:01,Cysto (Cystoscopy),No,No,4,3,Center
1,9:49:15 AM,9:49:16 AM,00:01,Cysto (Cystoscopy),No,No,4,3,Center
5,9:49:16 AM,9:49:31 AM,00:15,Cysto (Cystoscopy),No,No,4,3,Center
21,9:49:31 AM,9:49:43 AM,00:12,Cysto (Cystoscopy),No,No,4,3,Center
17,9:49:43 AM,9:49:46 AM,00:03,Cysto (Cystoscopy),No,No,4,3,Center
21,9:49:46 AM,9:49:50 AM,00:04,Cysto (Cystoscopy),No,No,4,3,Center
5,9:49:50 AM,9:49:55 AM,00:05,Cysto (Cystoscopy),No,No,4,3,Center
6,9:49:55 AM,9:49:56 AM,00:01,Cysto (Cystoscopy),No,No,4,3,Center
2,9:49:56 AM,9:50:07 AM,00:11,Cysto (Cystoscopy),No,No,4,3,Center
4,9:50:07 AM,9:50:10 AM,00:03,Cysto (Cystoscopy),No,No,4,3,Center
20,9:50:10 AM,9:50:14 AM,00:04,Cysto (Cystoscopy),No,No,4,3,Center
18,9:50:14 AM,9:50:15 AM,00:01,Cysto (Cystoscopy),No,No,4,3,Center
17,9:50:15 AM,9:50:16 AM,00:01,Cysto (Cystoscopy),No,No,4,3,Center
1,9:50:16 AM,9:50:20 AM,00:04,Cysto (Cystoscopy),No,No,4,3,Center
17,9:50:20 AM,9:50:21 AM,00:01,Cysto (Cystoscopy),No,No,4,3,Center
1,9:50:21 AM,9:50:34 AM,00:13,Cysto (Cystoscopy),No,No,4,3,Center
17,9:51:52 AM,9:51:54 AM,00:02,bladder repair,No,No,5,4,Center
18,9:51:54 AM,9:51:55 AM,00:01,bladder repair,No,No,5,4,Center
2,9:51:55 AM,9:52:01 AM,00:06,bladder repair,No,No,5,4,Center
6,9:52:01 AM,9:52:14 AM,00:13,bladder repair,No,No,5,4,Center
14,9:52:14 AM,9:52:15 AM,00:01,bladder repair,No,No,5,4,Center
10,9:52:15 AM,9:52:22 AM,00:07,bladder repair,No,No,5,4,Center
2,9:52:22 AM,9:52:27 AM,00:05,bladder repair,No,No,5,4,Center
18,9:52:27 AM,9:52:36 AM,00:09,bladder repair,No,No,5,4,Center
2,9:52:36 AM,9:52:50 AM,00:14,bladder repair,No,No,5,4,Center
18,9:52:50 AM,9:52:52 AM,00:02,bladder repair,No,No,5,4,Center
22,9:52:52 AM,9:53:02 AM,00:10,bladder repair,No,No,5,4,Center
6,9:53:02 AM,9:53:04 AM,00:02,bladder repair,No,No,5,4,Center
2,9:53:04 AM,9:53:08 AM,00:04,bladder repair,No,No,5,4,Center
4,9:53:08 AM,9:53:11 AM,00:03,bladder repair,No,No,5,4,Center
8,9:53:11 AM,9:53:15 AM,00:04,bladder repair,No,No,5,4,Center
24,9:53:15 AM,9:53:19 AM,00:04,bladder repair,No,No,5,4,Center
8,9:53:19 AM,9:53:21 AM,00:02,bladder repair,No,No,5,4,Center
4,9:53:21 AM,9:53:21 AM,00:00,bladder repair,No,No,5,4,Center
2,9:53:21 AM,9:53:30 AM,00:09,bladder repair,No,No,5,4,Center
18,9:53:30 AM,9:53:30 AM,00:00,bladder repair,No,No,5,4,Center
2,9:53:30 AM,9:53:36 AM,00:06,bladder repair,No,No,5,4,Center
18,9:53:36 AM,9:53:41 AM,00:05,bladder repair,No,No,5,4,Center
17,9:53:41 AM,9:53:46 AM,00:05,bladder repair,No,No,5,4,Center
1,9:53:46 AM,9:53:47 AM,00:01,bladder repair,No,No,5,4,Center
5,9:53:47 AM,9:54:09 AM,00:22,bladder repair,No,No,5,4,Center
6,9:54:09 AM,9:54:13 AM,00:04,bladder repair,No,No,5,4,Center
2,9:54:13 AM,9:54:34 AM,00:21,bladder repair,No,No,5,4,Center
18,9:54:34 AM,9:54:37 AM,00:03,bladder repair,No,No,5,4,Center
2,9:54:37 AM,9:54:43 AM,00:06,bladder repair,No,No,5,4,Center
6,9:54:43 AM,9:54:43 AM,00:00,bladder repair,No,No,5,4,Center
2,9:54:43 AM,9:54:47 AM,00:04,bladder repair,No,No,5,4,Center
18,9:54:47 AM,9:55:00 AM,00:13,bladder repair,No,No,5,4,Center
2,9:55:00 AM,9:55:06 AM,00:06,bladder repair,No,No,5,4,Center
6,9:55:06 AM,9:55:17 AM,00:11,bladder repair,No,No,5,4,Center
2,9:55:17 AM,9:55:58 AM,00:41,bladder repair,No,No,5,4,Center
18,9:55:58 AM,9:56:01 AM,00:03,bladder repair,No,No,5,4,Center
2,9:56:01 AM,9:56:02 AM,00:01,bladder repair,No,No,5,4,Center
6,9:56:02 AM,9:56:04 AM,00:02,bladder repair,No,No,5,4,Center
2,9:56:04 AM,9:56:07 AM,00:03,bladder repair,No,No,5,4,Center
1,9:56:07 AM,9:56:08 AM,00:01,bladder repair,No,No,5,4,Center
2,9:56:08 AM,9:56:12 AM,00:04,bladder repair,No,No,5,4,Center
1,9:56:12 AM,9:56:14 AM,00:02,bladder repair,No,No,5,4,Center
17,9:56:14 AM,9:56:17 AM,00:03,bladder repair,No,No,5,4,Center
1,9:56:17 AM,9:56:18 AM,00:01,bladder repair,No,No,5,4,Center
17,9:56:18 AM,9:56:23 AM,00:05,bladder repair,No,No,5,4,Center
1,9:56:23 AM,9:56:24 AM,00:01,bladder repair,No,No,5,4,Center
9,9:56:24 AM,9:56:27 AM,00:03,bladder repair,No,No,5,4,Center
1,9:56:27 AM,9:56:28 AM,00:01,bladder repair,No,No,5,4,Center
5,9:56:28 AM,9:56:30 AM,00:02,bladder repair,No,No,5,4,Center
21,9:56:30 AM,9:56:34 AM,00:04,bladder repair,No,No,5,4,Center
22,9:56:34 AM,9:56:42 AM,00:08,bladder repair,No,No,5,4,Center
18,9:56:42 AM,9:56:43 AM,00:01,bladder repair,No,No,5,4,Center
2,9:56:43 AM,9:56:46 AM,00:03,bladder repair,No,No,5,4,Center
10,9:56:46 AM,9:56:48 AM,00:02,bladder repair,No,No,5,4,Center
2,9:56:48 AM,9:57:17 AM,00:29,bladder repair,No,No,5,4,Center
6,9:57:17 AM,9:57:19 AM,00:02,bladder repair,No,No,6,4,Center
22,9:57:19 AM,9:57:20 AM,00:01,bladder repair,No,No,6,4,Center
21,9:57:20 AM,9:57:21 AM,00:01,bladder repair,No,No,6,4,Center
17,9:57:21 AM,9:57:21 AM,00:00,bladder repair,No,No,6,4,Center
1,9:57:21 AM,9:57:24 AM,00:03,bladder repair,No,No,6,4,Center
9,9:57:24 AM,9:57:25 AM,00:01,bladder repair,No,No,6,4,Center
1,9:57:25 AM,9:57:26 AM,00:01,bladder repair,No,No,6,4,Center
2,9:57:26 AM,9:57:28 AM,00:02,bladder repair,No,No,6,4,Center
6,9:57:28 AM,9:57:30 AM,00:02,bladder repair,No,No,6,4,Center
22,9:57:30 AM,9:57:40 AM,00:10,bladder repair,No,No,6,4,Center
18,9:57:40 AM,9:57:41 AM,00:01,bladder repair,No,No,6,4,Center
2,9:57:41 AM,9:57:48 AM,00:07,bladder repair,No,No,6,4,Center
6,9:57:48 AM,9:57:50 AM,00:02,bladder repair,No,No,6,4,Center
2,9:57:50 AM,9:57:53 AM,00:03,bladder repair,No,No,6,4,Center
6,9:57:53 AM,9:57:55 AM,00:02,bladder repair,No,No,6,4,Center
22,9:57:55 AM,9:58:07 AM,00:12,bladder repair,No,No,6,4,Center
6,9:58:07 AM,9:58:08 AM,00:01,bladder repair,No,No,6,4,Center
2,9:58:08 AM,9:58:23 AM,00:15,bladder repair,No,No,6,4,Center
6,9:58:23 AM,9:58:27 AM,00:04,bladder repair,No,No,6,4,Center
22,9:58:27 AM,9:58:36 AM,00:09,bladder repair,No,No,6,4,Center
18,9:58:36 AM,9:58:37 AM,00:01,bladder repair,No,No,6,4,Center
2,9:58:37 AM,9:58:40 AM,00:03,bladder repair,No,No,6,4,Center
6,9:58:40 AM,9:58:45 AM,00:05,bladder repair,No,No,6,4,Center
2,9:58:45 AM,9:58:48 AM,00:03,bladder repair,No,No,6,4,Center
6,9:58:48 AM,9:58:49 AM,00:01,bladder repair,No,No,6,4,Center
22,9:58:49 AM,9:58:56 AM,00:07,bladder repair,No,No,6,4,Center
6,9:58:56 AM,9:59:03 AM,00:07,bladder repair,No,No,6,4,Center
2,9:59:03 AM,9:59:06 AM,00:03,bladder repair,No,No,6,4,Center
1,9:59:06 AM,9:59:17 AM,00:11,bladder repair,No,No,6,4,Center
5,9:59:17 AM,9:59:19 AM,00:02,bladder repair,No,No,6,4,Center
6,9:59:19 AM,9:59:31 AM,00:12,bladder repair,No,No,6,4,Center
2,9:59:31 AM,9:59:37 AM,00:06,bladder repair,No,No,6,4,Center
6,9:59:37 AM,9:59:39 AM,00:02,bladder repair,No,No,6,4,Center
22,9:59:39 AM,9:59:44 AM,00:05,bladder repair,No,No,6,4,Center
6,9:59:44 AM,9:59:46 AM,00:02,bladder repair,No,No,6,4,Center
2,9:59:46 AM,9:59:49 AM,00:03,bladder repair,No,No,6,4,Center
18,9:59:49 AM,9:59:52 AM,00:03,bladder repair,No,No,6,4,Center
22,9:59:52 AM,10:00:30 AM,00:38,bladder repair,No,No,6,4,Center
18,10:00:30 AM,10:00:31 AM,00:01,bladder repair,No,No,6,4,Center
2,10:00:31 AM,10:00:41 AM,00:10,bladder repair,No,No,6,4,Center
1,10:00:41 AM,10:00:43 AM,00:02,bladder repair,No,No,6,4,Center
17,10:00:43 AM,10:00:46 AM,00:03,bladder repair,No,No,6,4,Center
1,10:00:46 AM,10:00:50 AM,00:04,bladder repair,No,No,6,4,Center
5,10:00:50 AM,10:00:51 AM,00:01,bladder repair,No,No,6,4,Center
6,10:00:51 AM,10:01:16 AM,00:25,bladder repair,No,No,6,4,Center
2,10:01:16 AM,10:01:18 AM,00:02,bladder repair,No,No,6,4,Center
6,10:01:18 AM,10:01:29 AM,00:11,bladder repair,No,No,6,4,Center
2,10:01:29 AM,10:01:30 AM,00:01,bladder repair,No,No,6,4,Center
10,10:01:30 AM,10:01:30 AM,00:00,bladder repair,No,No,6,4,Center
2,10:01:30 AM,10:01:41 AM,00:11,bladder repair,No,No,6,4,Center
1,10:01:41 AM,10:01:44 AM,00:03,bladder repair,No,No,6,4,Center
2,10:01:44 AM,10:01:50 AM,00:06,bladder repair,No,No,6,4,Center
1,10:01:50 AM,10:02:36 AM,00:46,bladder repair,No,No,6,4,Center
2,10:04:03 AM,10:04:12 AM,00:09,Cysto (Cystoscopy),No,No,9,5,Center
1,10:04:12 AM,10:05:38 AM,01:26,Cysto (Cystoscopy),No,No,9,5,Center
5,10:05:38 AM,10:05:55 AM,00:17,Cysto (Cystoscopy),No,No,9,5,Center
1,10:05:55 AM,10:06:00 AM,00:05,Cysto (Cystoscopy),No,No,9,5,Center
9,10:06:00 AM,10:06:04 AM,00:04,Cysto (Cystoscopy),No,No,9,5,Center
1,10:06:04 AM,10:06:12 AM,00:08,Cysto (Cystoscopy),No,No,9,5,Center
2,10:06:12 AM,10:06:17 AM,00:05,Cysto (Cystoscopy),No,No,9,5,Center
1,10:06:17 AM,10:06:23 AM,00:06,Cysto (Cystoscopy),No,No,9,5,Center
2,10:07:30 AM,10:07:32 AM,00:02,Total colpocleisis,No,No,10,6,Center
6,10:07:32 AM,10:07:39 AM,00:07,Total colpocleisis,No,No,10,6,Center
2,10:07:39 AM,10:07:40 AM,00:01,Total colpocleisis,No,No,10,6,Center
1,10:07:40 AM,10:07:59 AM,00:19,Total colpocleisis,No,No,10,6,Center
5,10:07:59 AM,10:07:59 AM,00:00,Total colpocleisis,No,No,10,6,Center
6,10:07:59 AM,10:08:02 AM,00:03,Total colpocleisis,No,No,10,6,Center
2,10:08:02 AM,10:08:03 AM,00:01,Total colpocleisis,No,No,10,6,Center
6,10:08:03 AM,10:08:05 AM,00:02,Total colpocleisis,No,No,10,6,Center
8,10:08:05 AM,10:08:31 AM,00:26,Total colpocleisis,No,No,10,6,Center
4,10:08:31 AM,10:08:32 AM,00:01,Total colpocleisis,No,No,10,6,Center
2,10:08:32 AM,10:08:34 AM,00:02,Total colpocleisis,No,No,10,6,Center
10,10:08:34 AM,10:08:35 AM,00:01,Total colpocleisis,No,No,10,6,Center
2,10:08:35 AM,10:08:37 AM,00:02,Total colpocleisis,No,No,10,6,Center
18,10:08:37 AM,10:08:39 AM,00:02,Total colpocleisis,No,No,10,6,Center
22,10:08:39 AM,10:08:42 AM,00:03,Total colpocleisis,No,No,10,6,Center
6,10:08:42 AM,10:08:44 AM,00:02,Total colpocleisis,No,No,10,6,Center
2,10:08:44 AM,10:08:52 AM,00:08,Total colpocleisis,No,No,10,6,Center
10,10:08:52 AM,10:08:53 AM,00:01,Total colpocleisis,No,No,10,6,Center
2,10:08:53 AM,10:08:54 AM,00:01,Total colpocleisis,No,No,10,6,Center
6,10:08:54 AM,10:09:01 AM,00:07,Total colpocleisis,No,No,10,6,Center
8,10:09:01 AM,10:09:27 AM,00:26,Total colpocleisis,No,No,10,6,Center
4,10:09:27 AM,10:09:27 AM,00:00,Total colpocleisis,No,No,10,6,Center
2,10:09:27 AM,10:09:29 AM,00:02,Total colpocleisis,No,No,10,6,Center
6,10:09:29 AM,10:09:33 AM,00:04,Total colpocleisis,No,No,10,6,Center
2,10:09:33 AM,10:09:57 AM,00:24,Total colpocleisis,No,No,10,6,Center
6,10:09:57 AM,10:10:09 AM,00:12,Total colpocleisis,No,No,10,6,Center
14,10:10:09 AM,10:10:12 AM,00:03,Total colpocleisis,No,No,10,6,Center
10,10:10:12 AM,10:10:13 AM,00:01,Total colpocleisis,No,No,10,6,Center
14,10:10:13 AM,10:10:14 AM,00:01,Total colpocleisis,No,No,10,6,Center
6,10:10:14 AM,10:10:16 AM,00:02,Total colpocleisis,No,No,10,6,Center
2,10:10:16 AM,10:10:17 AM,00:01,Total colpocleisis,No,No,10,6,Center
1,10:10:17 AM,10:10:20 AM,00:03,Total colpocleisis,No,No,10,6,Center
17,10:10:20 AM,10:10:21 AM,00:01,Total colpocleisis,No,No,10,6,Center
1,10:10:21 AM,10:10:22 AM,00:01,Total colpocleisis,No,No,10,6,Center
3,10:10:22 AM,10:10:24 AM,00:02,Total colpocleisis,No,No,10,6,Center
7,10:10:24 AM,10:10:27 AM,00:03,Total colpocleisis,No,No,10,6,Center
8,10:10:27 AM,10:10:39 AM,00:12,Total colpocleisis,No,No,10,6,Center
6,10:10:39 AM,10:10:39 AM,00:00,Total colpocleisis,No,No,10,6,Center
2,10:10:39 AM,10:10:49 AM,00:10,Total colpocleisis,No,No,10,6,Center
1,10:10:49 AM,10:11:10 AM,00:21,Total colpocleisis,No,No,10,6,Center
2,10:11:10 AM,10:11:13 AM,00:03,Total colpocleisis,No,No,10,6,Center
1,10:11:13 AM,10:11:15 AM,00:02,Total colpocleisis,No,No,10,6,Center
2,10:11:15 AM,10:11:23 AM,00:08,Total colpocleisis,No,No,10,6,Center
6,10:11:23 AM,10:11:28 AM,00:05,Total colpocleisis,No,No,10,6,Center
5,10:11:28 AM,10:11:29 AM,00:01,Total colpocleisis,No,No,10,6,Center
1,10:11:29 AM,10:11:39 AM,00:10,Total colpocleisis,No,No,10,6,Center
2,10:11:39 AM,10:11:40 AM,00:01,Total colpocleisis,No,No,10,6,Center
1,10:11:40 AM,10:11:47 AM,00:07,Total colpocleisis,No,No,10,6,Center
17,10:11:47 AM,10:11:52 AM,00:05,Total colpocleisis,No,No,10,6,Center
1,10:11:52 AM,10:11:55 AM,00:03,Total colpocleisis,No,No,10,6,Center
2,10:11:55 AM,10:12:01 AM,00:06,Total colpocleisis,No,No,10,6,Center
1,10:12:01 AM,10:12:02 AM,00:01,Total colpocleisis,No,No,10,6,Center
2,10:12:02 AM,10:12:34 AM,00:32,Total colpocleisis,No,No,10,6,Center
1,10:12:34 AM,10:12:35 AM,00:01,Total colpocleisis,No,No,10,6,Center
2,10:12:35 AM,10:12:38 AM,00:03,Total colpocleisis,No,No,10,6,Center
1,10:12:38 AM,10:12:41 AM,00:03,Total colpocleisis,No,No,10,6,Center
2,10:12:41 AM,10:12:57 AM,00:16,Total colpocleisis,No,No,10,6,Center
1,10:12:57 AM,10:13:11 AM,00:14,Total colpocleisis,No,No,10,6,Center
2,10:13:11 AM,10:13:12 AM,00:01,Total colpocleisis,No,No,10,6,Center
6,10:13:12 AM,10:13:15 AM,00:03,Total colpocleisis,No,No,10,6,Center
2,10:13:15 AM,10:13:17 AM,00:02,Total colpocleisis,No,No,10,6,Center
6,10:13:17 AM,10:13:20 AM,00:03,Total colpocleisis,No,No,10,6,Center
5,10:13:20 AM,10:13:23 AM,00:03,Total colpocleisis,No,No,10,6,Center
7,10:13:23 AM,10:13:24 AM,00:01,Total colpocleisis,No,No,10,6,Center
5,10:13:24 AM,10:13:24 AM,00:00,Total colpocleisis,No,No,10,6,Center
1,10:13:24 AM,10:13:32 AM,00:08,Total colpocleisis,No,No,10,6,Center
5,10:13:32 AM,10:13:36 AM,00:04,Total colpocleisis,No,No,10,6,Center
1,10:13:36 AM,10:13:40 AM,00:04,Total colpocleisis,No,No,10,6,Center
5,10:13:40 AM,10:13:46 AM,00:06,Total colpocleisis,No,No,10,6,Center
1,10:13:46 AM,10:13:46 AM,00:00,Total colpocleisis,No,No,10,6,Center
2,10:13:46 AM,10:13:52 AM,00:06,Total colpocleisis,No,No,10,6,Center
1,10:13:52 AM,10:13:58 AM,00:06,Total colpocleisis,No,No,10,6,Center
2,10:13:58 AM,10:14:01 AM,00:03,Total colpocleisis,No,No,10,6,Center
1,10:14:01 AM,10:14:05 AM,00:04,Total colpocleisis,No,No,10,6,Center
2,10:14:05 AM,10:14:16 AM,00:11,Total colpocleisis,No,No,10,6,Center
1,10:14:16 AM,10:14:19 AM,00:03,Total colpocleisis,No,No,10,6,Center
2,10:14:19 AM,10:14:24 AM,00:05,Total colpocleisis,No,No,10,6,Center
6,10:14:24 AM,10:14:26 AM,00:02,Total colpocleisis,No,No,10,6,Center
2,10:14:26 AM,10:14:33 AM,00:07,Total colpocleisis,No,No,10,6,Center
6,10:14:33 AM,10:14:38 AM,00:05,Total colpocleisis,No,No,10,6,Center
2,10:14:38 AM,10:14:49 AM,00:11,Total colpocleisis,No,No,10,6,Center
6,10:14:49 AM,10:15:00 AM,00:11,Total colpocleisis,No,No,10,6,Center
2,10:15:00 AM,10:15:06 AM,00:06,Total colpocleisis,No,No,10,6,Center
6,10:15:06 AM,10:15:10 AM,00:04,Total colpocleisis,No,No,10,6,Center
2,10:15:10 AM,10:15:12 AM,00:02,Total colpocleisis,No,No,10,6,Center
1,10:15:12 AM,10:15:18 AM,00:06,Total colpocleisis,No,No,10,6,Center
2,10:15:18 AM,10:15:21 AM,00:03,Total colpocleisis,No,No,10,6,Center
1,10:15:21 AM,10:15:27 AM,00:06,Total colpocleisis,No,No,10,6,Center
2,10:15:27 AM,10:15:46 AM,00:19,Total colpocleisis,No,No,10,6,Center
1,10:15:46 AM,10:16:10 AM,00:24,Total colpocleisis,No,No,10,6,Center
5,10:16:10 AM,10:16:15 AM,00:05,Total colpocleisis,No,No,10,6,Center
6,10:16:15 AM,10:16:16 AM,00:01,Total colpocleisis,No,No,10,6,Center
2,10:16:16 AM,10:16:21 AM,00:05,Total colpocleisis,No,No,10,6,Center
1,10:16:21 AM,10:16:28 AM,00:07,Total colpocleisis,No,No,10,6,Center
17,10:16:28 AM,10:16:35 AM,00:07,Total colpocleisis,No,No,10,6,Center
21,10:16:35 AM,10:16:36 AM,00:01,Total colpocleisis,No,No,10,6,Center
5,10:16:36 AM,10:16:38 AM,00:02,Total colpocleisis,No,No,10,6,Center
6,10:16:38 AM,10:16:46 AM,00:08,Total colpocleisis,No,No,10,6,Center
2,10:16:46 AM,10:16:46 AM,00:00,Total colpocleisis,No,No,10,6,Center
6,10:16:46 AM,10:16:47 AM,00:01,Total colpocleisis,No,No,10,6,Center
2,10:16:47 AM,10:16:47 AM,00:00,Total colpocleisis,No,No,10,6,Center
1,10:16:47 AM,10:16:50 AM,00:03,Total colpocleisis,No,No,10,6,Center
5,10:16:50 AM,10:16:51 AM,00:01,Total colpocleisis,No,No,10,6,Center
6,10:16:51 AM,10:16:56 AM,00:05,Total colpocleisis,No,No,10,6,Center
2,10:16:56 AM,10:16:58 AM,00:02,Total colpocleisis,No,No,10,6,Center
1,10:16:58 AM,10:17:02 AM,00:04,Total colpocleisis,No,No,10,6,Center
9,10:17:02 AM,10:17:08 AM,00:06,Total colpocleisis,No,No,10,6,Center
10,10:17:08 AM,10:17:09 AM,00:01,Total colpocleisis,No,No,10,6,Center
2,10:17:09 AM,10:17:11 AM,00:02,Total colpocleisis,No,No,10,6,Center
18,10:17:11 AM,10:17:12 AM,00:01,Total colpocleisis,No,No,10,6,Center
2,10:17:12 AM,10:17:16 AM,00:04,Total colpocleisis,No,No,10,6,Center
18,10:17:16 AM,10:17:28 AM,00:12,Total colpocleisis,No,No,10,6,Center
17,10:17:28 AM,10:17:29 AM,00:01,Total colpocleisis,No,No,10,6,Center
1,10:17:29 AM,10:17:31 AM,00:02,Total colpocleisis,No,No,10,6,Center
2,10:17:31 AM,10:17:32 AM,00:01,Total colpocleisis,No,No,10,6,Center
18,10:17:32 AM,10:17:33 AM,00:01,Total colpocleisis,No,No,10,6,Center
2,10:17:33 AM,10:17:39 AM,00:06,Total colpocleisis,No,No,10,6,Center
18,10:17:39 AM,10:17:44 AM,00:05,Total colpocleisis,No,No,10,6,Center
2,10:17:44 AM,10:18:07 AM,00:23,Total colpocleisis,No,No,10,6,Center
18,10:18:07 AM,10:18:14 AM,00:07,Total colpocleisis,No,No,10,6,Center
2,10:18:14 AM,10:18:16 AM,00:02,Total colpocleisis,No,No,10,6,Center
18,10:18:16 AM,10:18:18 AM,00:02,Total colpocleisis,No,No,10,6,Center
2,10:18:18 AM,10:18:46 AM,00:28,Total colpocleisis,No,No,10,6,Center
1,10:18:46 AM,10:18:56 AM,00:10,Total colpocleisis,No,No,10,6,Center
17,10:18:56 AM,10:19:01 AM,00:05,Total colpocleisis,No,No,10,6,Center
1,10:19:01 AM,10:19:08 AM,00:07,Total colpocleisis,No,No,10,6,Center
5,10:19:08 AM,10:19:11 AM,00:03,Total colpocleisis,No,No,10,6,Center
21,10:19:11 AM,10:19:18 AM,00:07,Total colpocleisis,No,No,10,6,Center
5,10:19:18 AM,10:19:20 AM,00:02,Total colpocleisis,No,No,10,6,Center
1,10:19:20 AM,10:20:19 AM,00:59,Total colpocleisis,No,No,10,6,Center
2,10:20:19 AM,10:20:38 AM,00:19,Total colpocleisis,No,No,10,6,Center
1,10:20:38 AM,10:20:48 AM,00:10,Total colpocleisis,No,No,10,6,Center
2,10:20:48 AM,10:21:29 AM,00:41,Total colpocleisis,No,No,10,6,Center
1,10:21:29 AM,10:21:34 AM,00:05,Total colpocleisis,No,No,10,6,Center
17,10:21:34 AM,10:21:39 AM,00:05,Total colpocleisis,No,No,10,6,Center
1,10:21:39 AM,10:21:43 AM,00:04,Total colpocleisis,No,No,10,6,Center
2,10:21:43 AM,10:22:09 AM,00:26,Total colpocleisis,No,No,10,6,Center
6,10:22:09 AM,10:22:12 AM,00:03,Total colpocleisis,No,No,10,6,Center
2,10:22:12 AM,10:22:28 AM,00:16,Total colpocleisis,No,No,10,6,Center
6,10:22:28 AM,10:22:33 AM,00:05,Total colpocleisis,No,No,10,6,Center
2,10:22:33 AM,10:23:12 AM,00:39,Total colpocleisis,No,No,10,6,Center
4,10:23:12 AM,10:23:22 AM,00:10,Total colpocleisis,No,No,10,6,Center
2,10:23:22 AM,10:23:51 AM,00:29,Total colpocleisis,No,No,10,6,Center
6,10:23:51 AM,10:23:56 AM,00:05,Total colpocleisis,No,No,10,6,Center
2,10:23:56 AM,10:23:56 AM,00:00,Total colpocleisis,No,No,10,6,Center
4,10:23:56 AM,10:23:58 AM,00:02,Total colpocleisis,No,No,10,6,Center
2,10:23:58 AM,10:24:01 AM,00:03,Total colpocleisis,No,No,10,6,Center
6,10:24:01 AM,10:24:19 AM,00:18,Total colpocleisis,No,No,10,6,Center
2,10:24:19 AM,10:24:22 AM,00:03,Total colpocleisis,No,No,10,6,Center
18,10:24:22 AM,10:24:26 AM,00:04,Total colpocleisis,No,No,10,6,Center
2,10:24:26 AM,10:24:30 AM,00:04,Total colpocleisis,No,No,10,6,Center
6,10:24:30 AM,10:24:33 AM,00:03,Total colpocleisis,No,No,10,6,Center
2,10:24:33 AM,10:24:34 AM,00:01,Total colpocleisis,No,No,10,6,Center
18,10:24:34 AM,10:24:39 AM,00:05,Total colpocleisis,No,No,10,6,Center
2,10:24:39 AM,10:24:41 AM,00:02,Total colpocleisis,No,No,10,6,Center
6,10:24:41 AM,10:24:43 AM,00:02,Total colpocleisis,No,No,10,6,Center
2,10:24:43 AM,10:24:50 AM,00:07,Total colpocleisis,No,No,10,6,Center
18,10:24:50 AM,10:24:52 AM,00:02,Total colpocleisis,No,No,10,6,Center
26,10:24:52 AM,10:24:53 AM,00:01,Total colpocleisis,No,No,10,6,Center
10,10:24:53 AM,10:24:53 AM,00:00,Total colpocleisis,No,No,10,6,Center
2,10:24:53 AM,10:25:04 AM,00:11,Total colpocleisis,No,No,10,6,Center
6,10:25:04 AM,10:25:40 AM,00:36,Total colpocleisis,No,No,10,6,Center
2,10:25:40 AM,10:25:45 AM,00:05,Total colpocleisis,No,No,10,6,Center
6,10:25:45 AM,10:25:47 AM,00:02,Total colpocleisis,No,No,10,6,Center
2,10:25:47 AM,10:25:50 AM,00:03,Total colpocleisis,No,No,10,6,Center
1,10:25:50 AM,10:25:52 AM,00:02,Total colpocleisis,No,No,10,6,Center
2,10:25:52 AM,10:26:03 AM,00:11,Total colpocleisis,No,No,10,6,Center
1,10:26:03 AM,10:26:05 AM,00:02,Total colpocleisis,No,No,10,6,Center
2,10:26:05 AM,10:26:08 AM,00:03,Total colpocleisis,No,No,10,6,Center
6,10:26:08 AM,10:26:13 AM,00:05,Total colpocleisis,No,No,10,6,Center
2,10:26:13 AM,10:26:16 AM,00:03,Total colpocleisis,No,No,10,6,Center
1,10:26:16 AM,10:26:20 AM,00:04,Total colpocleisis,No,No,10,6,Center
2,10:26:20 AM,10:26:29 AM,00:09,Total colpocleisis,No,No,10,6,Center
1,10:26:29 AM,10:26:35 AM,00:06,Total colpocleisis,No,No,10,6,Center
3,10:26:35 AM,10:26:36 AM,00:01,Total colpocleisis,No,No,10,6,Center
1,10:26:36 AM,10:26:38 AM,00:02,Total colpocleisis,No,No,10,6,Center
5,10:26:38 AM,10:26:42 AM,00:04,Total colpocleisis,No,No,10,6,Center
6,10:26:42 AM,10:26:45 AM,00:03,Total colpocleisis,No,No,10,6,Center
2,10:26:45 AM,10:26:50 AM,00:05,Total colpocleisis,No,No,10,6,Center
18,10:26:50 AM,10:26:54 AM,00:04,Total colpocleisis,No,No,10,6,Center
22,10:26:54 AM,10:27:00 AM,00:06,Total colpocleisis,No,No,10,6,Center
21,10:27:00 AM,10:27:02 AM,00:02,Total colpocleisis,No,No,10,6,Center
5,10:27:02 AM,10:27:09 AM,00:07,Total colpocleisis,No,No,10,6,Center
6,10:27:09 AM,10:27:12 AM,00:03,Total colpocleisis,No,No,10,6,Center
22,10:27:12 AM,10:27:13 AM,00:01,Total colpocleisis,No,No,10,6,Center
18,10:27:13 AM,10:27:22 AM,00:09,Total colpocleisis,No,No,10,6,Center
20,10:27:22 AM,10:27:23 AM,00:01,Total colpocleisis,No,No,10,6,Center
4,10:27:23 AM,10:27:35 AM,00:12,Total colpocleisis,No,No,10,6,Center
2,10:27:35 AM,10:27:38 AM,00:03,Total colpocleisis,No,No,10,6,Center
18,10:27:38 AM,10:27:41 AM,00:03,Total colpocleisis,No,No,10,6,Center
2,10:27:41 AM,10:27:44 AM,00:03,Total colpocleisis,No,No,10,6,Center
1,10:27:44 AM,10:27:47 AM,00:03,Total colpocleisis,No,No,10,6,Center
2,10:27:47 AM,10:27:49 AM,00:02,Total colpocleisis,No,No,10,6,Center
18,10:27:49 AM,10:27:51 AM,00:02,Total colpocleisis,No,No,10,6,Center
2,10:27:51 AM,10:27:55 AM,00:04,Total colpocleisis,No,No,10,6,Center
18,10:27:55 AM,10:27:56 AM,00:01,Total colpocleisis,No,No,10,6,Center
2,10:27:56 AM,10:28:05 AM,00:09,Total colpocleisis,No,No,10,6,Center
6,10:28:05 AM,10:28:09 AM,00:04,Total colpocleisis,No,No,10,6,Center
2,10:28:09 AM,10:28:17 AM,00:08,Total colpocleisis,No,No,10,6,Center
18,10:28:17 AM,10:28:29 AM,00:12,Total colpocleisis,No,No,10,6,Center
2,10:28:29 AM,10:28:44 AM,00:15,Total colpocleisis,No,No,10,6,Center
18,10:28:44 AM,10:28:54 AM,00:10,Total colpocleisis,No,No,10,6,Center
20,10:28:54 AM,10:28:58 AM,00:04,Total colpocleisis,No,No,10,6,Center
18,10:28:58 AM,10:29:04 AM,00:06,Total colpocleisis,No,No,10,6,Center
2,10:29:04 AM,10:29:05 AM,00:01,Total colpocleisis,No,No,10,6,Center
1,10:29:05 AM,10:29:07 AM,00:02,Total colpocleisis,No,No,10,6,Center
2,10:29:07 AM,10:29:14 AM,00:07,Total colpocleisis,No,No,10,6,Center
18,10:29:14 AM,10:29:15 AM,00:01,Total colpocleisis,No,No,10,6,Center
2,10:29:15 AM,10:29:16 AM,00:01,Total colpocleisis,No,No,10,6,Center
6,10:29:16 AM,10:29:37 AM,00:21,Total colpocleisis,No,No,10,6,Center
2,10:29:37 AM,10:29:41 AM,00:04,Total colpocleisis,No,No,10,6,Center
4,10:29:41 AM,10:29:42 AM,00:01,Total colpocleisis,No,No,10,6,Center
2,10:29:42 AM,10:29:48 AM,00:06,Total colpocleisis,No,No,10,6,Center
10,10:29:48 AM,10:29:49 AM,00:01,Total colpocleisis,No,No,10,6,Center
26,10:29:49 AM,10:29:52 AM,00:03,Total colpocleisis,No,No,10,6,Center
30,10:29:52 AM,10:29:56 AM,00:04,Total colpocleisis,No,No,10,6,Center
26,10:29:56 AM,10:29:58 AM,00:02,Total colpocleisis,No,No,10,6,Center
18,10:29:58 AM,10:29:58 AM,00:00,Total colpocleisis,No,No,10,6,Center
2,10:29:58 AM,10:30:04 AM,00:06,Total colpocleisis,No,No,10,6,Center
18,10:30:04 AM,10:30:04 AM,00:00,Total colpocleisis,No,No,10,6,Center
2,10:30:04 AM,10:30:11 AM,00:07,Total colpocleisis,No,No,10,6,Center
6,10:30:11 AM,10:30:15 AM,00:04,Total colpocleisis,No,No,10,6,Center
2,10:30:15 AM,10:30:20 AM,00:05,Total colpocleisis,No,No,10,6,Center
6,10:30:20 AM,10:30:23 AM,00:03,Total colpocleisis,No,No,10,6,Center
22,10:30:23 AM,10:30:35 AM,00:12,Total colpocleisis,No,No,10,6,Center
18,10:30:35 AM,10:30:39 AM,00:04,Total colpocleisis,No,No,10,6,Center
2,10:30:39 AM,10:30:45 AM,00:06,Total colpocleisis,No,No,10,6,Center
18,10:30:45 AM,10:31:00 AM,00:15,Total colpocleisis,No,No,10,6,Center
2,10:31:00 AM,10:31:05 AM,00:05,Total colpocleisis,No,No,10,6,Center
6,10:31:05 AM,10:31:33 AM,00:28,Total colpocleisis,No,No,10,6,Center
22,10:31:33 AM,10:31:41 AM,00:08,Total colpocleisis,No,No,10,6,Center
6,10:31:41 AM,10:31:43 AM,00:02,Total colpocleisis,No,No,10,6,Center
2,10:31:43 AM,10:32:19 AM,00:36,Total colpocleisis,No,No,10,6,Center
6,10:32:19 AM,10:32:30 AM,00:11,Total colpocleisis,No,No,10,6,Center
2,10:32:30 AM,10:32:47 AM,00:17,Total colpocleisis,No,No,10,6,Center
18,10:32:47 AM,10:32:48 AM,00:01,Total colpocleisis,No,No,10,6,Center
17,10:32:48 AM,10:32:50 AM,00:02,Total colpocleisis,No,No,10,6,Center
18,10:32:50 AM,10:32:51 AM,00:01,Total colpocleisis,No,No,10,6,Center
2,10:32:51 AM,10:33:15 AM,00:24,Total colpocleisis,No,No,10,6,Center
1,10:33:15 AM,10:33:18 AM,00:03,Total colpocleisis,No,No,10,6,Center
2,10:33:18 AM,10:33:20 AM,00:02,Total colpocleisis,No,No,10,6,Center
6,10:33:20 AM,10:33:28 AM,00:08,Total colpocleisis,No,No,10,6,Center
2,10:33:28 AM,10:33:31 AM,00:03,Total colpocleisis,No,No,10,6,Center
6,10:33:31 AM,10:33:35 AM,00:04,Total colpocleisis,No,No,10,6,Center
2,10:33:35 AM,10:33:45 AM,00:10,Total colpocleisis,No,No,10,6,Center
1,10:33:45 AM,10:33:49 AM,00:04,Total colpocleisis,No,No,10,6,Center
2,10:33:49 AM,10:34:06 AM,00:17,Total colpocleisis,No,No,10,6,Center
1,10:34:06 AM,10:34:12 AM,00:06,Total colpocleisis,No,No,10,6,Center
2,10:34:12 AM,10:34:18 AM,00:06,Total colpocleisis,No,No,10,6,Center
1,10:34:18 AM,10:34:21 AM,00:03,Total colpocleisis,No,No,10,6,Center
5,10:34:21 AM,10:34:25 AM,00:04,Total colpocleisis,No,No,10,6,Center
1,10:34:25 AM,10:34:42 AM,00:17,Total colpocleisis,No,No,10,6,Center
2,10:34:42 AM,10:35:54 AM,01:12,Total colpocleisis,No,No,10,6,Center
6,10:35:54 AM,10:35:59 AM,00:05,Total colpocleisis,No,No,10,6,Center
2,10:35:59 AM,10:36:24 AM,00:25,Total colpocleisis,No,No,10,6,Center
1,10:36:24 AM,10:36:31 AM,00:07,Total colpocleisis,No,No,10,6,Center
2,10:36:31 AM,10:37:54 AM,01:23,Total colpocleisis,No,No,10,6,Center
6,10:37:54 AM,10:38:20 AM,00:26,Total colpocleisis,No,No,10,6,Center
2,10:38:20 AM,10:38:29 AM,00:09,Total colpocleisis,No,No,10,6,Center
1,10:38:29 AM,10:38:44 AM,00:15,Total colpocleisis,No,No,10,6,Center
2,10:38:44 AM,10:38:52 AM,00:08,Total colpocleisis,No,No,10,6,Center
1,10:38:52 AM,10:38:55 AM,00:03,Total colpocleisis,No,No,10,6,Center
2,10:38:55 AM,10:39:13 AM,00:18,Total colpocleisis,No,No,10,6,Center
4,10:39:13 AM,10:39:17 AM,00:04,Total colpocleisis,No,No,10,6,Center
2,10:39:17 AM,10:39:19 AM,00:02,Total colpocleisis,No,No,10,6,Center
1,10:39:19 AM,10:39:25 AM,00:06,Total colpocleisis,No,No,10,6,Center
5,10:39:25 AM,10:39:32 AM,00:07,Total colpocleisis,No,No,10,6,Center
21,10:39:32 AM,10:39:39 AM,00:07,Total colpocleisis,No,No,10,6,Center
5,10:39:39 AM,10:39:41 AM,00:02,Total colpocleisis,No,No,10,6,Center
21,10:39:41 AM,10:39:52 AM,00:11,Total colpocleisis,No,No,10,6,Center
5,10:39:52 AM,10:39:57 AM,00:05,Total colpocleisis,No,No,10,6,Center
21,10:39:57 AM,10:40:17 AM,00:20,Total colpocleisis,No,No,10,6,Center
5,10:40:17 AM,10:40:21 AM,00:04,Total colpocleisis,No,No,10,6,Center
6,10:40:21 AM,10:40:23 AM,00:02,Total colpocleisis,No,No,10,6,Center
5,10:40:23 AM,10:40:26 AM,00:03,Total colpocleisis,No,No,10,6,Center
21,10:40:26 AM,10:40:28 AM,00:02,Total colpocleisis,No,No,10,6,Center
5,10:40:28 AM,10:40:32 AM,00:04,Total colpocleisis,No,No,10,6,Center
1,10:40:32 AM,10:40:34 AM,00:02,Total colpocleisis,No,No,10,6,Center
3,10:40:34 AM,10:40:35 AM,00:01,Total colpocleisis,No,No,10,6,Center
1,10:40:35 AM,10:40:40 AM,00:05,Total colpocleisis,No,No,10,6,Center
5,10:40:40 AM,10:40:40 AM,00:00,Total colpocleisis,No,No,10,6,Center
21,10:40:40 AM,10:40:54 AM,00:14,Total colpocleisis,No,No,10,6,Center
17,10:40:54 AM,10:41:06 AM,00:12,Total colpocleisis,No,No,10,6,Center
21,10:41:06 AM,10:41:09 AM,00:03,Total colpocleisis,No,No,10,6,Center
22,10:41:09 AM,10:41:09 AM,00:00,Total colpocleisis,No,No,10,6,Center
6,10:41:09 AM,10:41:18 AM,00:09,Total colpocleisis,No,No,10,6,Center
22,10:41:18 AM,10:41:25 AM,00:07,Total colpocleisis,No,No,10,6,Center
6,10:41:25 AM,10:41:29 AM,00:04,Total colpocleisis,No,No,10,6,Center
22,10:41:29 AM,10:41:29 AM,00:00,Total colpocleisis,No,No,10,6,Center
6,10:41:29 AM,10:41:30 AM,00:01,Total colpocleisis,No,No,10,6,Center
2,10:41:30 AM,10:41:34 AM,00:04,Total colpocleisis,No,No,10,6,Center
18,10:41:34 AM,10:41:34 AM,00:00,Total colpocleisis,No,No,10,6,Center
2,10:41:34 AM,10:41:35 AM,00:01,Total colpocleisis,No,No,10,6,Center
18,10:41:35 AM,10:41:37 AM,00:02,Total colpocleisis,No,No,10,6,Center
22,10:41:37 AM,10:41:41 AM,00:04,Total colpocleisis,No,No,10,6,Center
21,10:41:41 AM,10:41:44 AM,00:03,Total colpocleisis,No,No,10,6,Center
5,10:41:44 AM,10:41:52 AM,00:08,Total colpocleisis,No,No,10,6,Center
6,10:41:52 AM,10:41:56 AM,00:04,Total colpocleisis,No,No,10,6,Center
2,10:41:56 AM,10:41:59 AM,00:03,Total colpocleisis,No,No,10,6,Center
1,10:41:59 AM,10:42:06 AM,00:07,Total colpocleisis,No,No,10,6,Center
3,10:42:06 AM,10:42:07 AM,00:01,Total colpocleisis,No,No,10,6,Center
1,10:42:07 AM,10:42:08 AM,00:01,Total colpocleisis,No,No,10,6,Center
5,10:42:08 AM,10:42:14 AM,00:06,Total colpocleisis,No,No,10,6,Center
21,10:42:14 AM,10:42:19 AM,00:05,Total colpocleisis,No,No,10,6,Center
22,10:42:19 AM,10:42:24 AM,00:05,Total colpocleisis,No,No,10,6,Center
18,10:42:24 AM,10:42:25 AM,00:01,Total colpocleisis,No,No,10,6,Center
2,10:42:25 AM,10:42:30 AM,00:05,Total colpocleisis,No,No,10,6,Center
18,10:42:30 AM,10:42:32 AM,00:02,Total colpocleisis,No,No,10,6,Center
2,10:42:32 AM,10:42:34 AM,00:02,Total colpocleisis,No,No,10,6,Center
1,10:42:34 AM,10:42:46 AM,00:12,Total colpocleisis,No,No,10,6,Center
5,10:42:46 AM,10:42:56 AM,00:10,Total colpocleisis,No,No,10,6,Center
1,10:42:56 AM,10:43:10 AM,00:14,Total colpocleisis,No,No,10,6,Center
2,10:43:10 AM,10:43:12 AM,00:02,Total colpocleisis,No,No,10,6,Center
18,10:43:12 AM,10:43:21 AM,00:09,Total colpocleisis,No,No,10,6,Center
2,10:43:21 AM,10:43:22 AM,00:01,Total colpocleisis,No,No,10,6,Center
1,10:43:22 AM,10:43:24 AM,00:02,Total colpocleisis,No,No,10,6,Center
2,10:43:24 AM,10:43:28 AM,00:04,Total colpocleisis,No,No,10,6,Center
18,10:43:28 AM,10:43:33 AM,00:05,Total colpocleisis,No,No,10,6,Center
17,10:43:33 AM,10:43:39 AM,00:06,Total colpocleisis,No,No,10,6,Center
1,10:43:39 AM,10:43:43 AM,00:04,Total colpocleisis,No,No,10,6,Center
5,10:43:43 AM,10:44:00 AM,00:17,Total colpocleisis,No,No,10,6,Center
21,10:44:00 AM,10:44:03 AM,00:03,Total colpocleisis,No,No,10,6,Center
17,10:44:03 AM,10:44:04 AM,00:01,Total colpocleisis,No,No,10,6,Center
1,10:44:04 AM,10:44:07 AM,00:03,Total colpocleisis,No,No,10,6,Center
2,10:44:07 AM,10:44:10 AM,00:03,Total colpocleisis,No,No,10,6,Center
1,10:44:10 AM,10:44:11 AM,00:01,Total colpocleisis,No,No,10,6,Center
2,10:44:11 AM,10:44:13 AM,00:02,Total colpocleisis,No,No,10,6,Center
6,10:44:13 AM,10:44:26 AM,00:13,Total colpocleisis,No,No,10,6,Center
8,10:44:26 AM,10:44:28 AM,00:02,Total colpocleisis,No,No,10,6,Center
6,10:44:28 AM,10:44:28 AM,00:00,Total colpocleisis,No,No,10,6,Center
2,10:44:28 AM,10:44:30 AM,00:02,Total colpocleisis,No,No,10,6,Center
1,10:44:30 AM,10:44:32 AM,00:02,Total colpocleisis,No,No,10,6,Center
17,10:44:32 AM,10:44:35 AM,00:03,Total colpocleisis,No,No,10,6,Center
1,10:44:35 AM,10:44:40 AM,00:05,Total colpocleisis,No,No,10,6,Center
2,10:44:40 AM,10:44:41 AM,00:01,Total colpocleisis,No,No,10,6,Center
1,10:44:41 AM,10:44:45 AM,00:04,Total colpocleisis,No,No,10,6,Center
17,10:44:45 AM,10:44:45 AM,00:00,Total colpocleisis,No,No,10,6,Center
1,10:44:45 AM,10:44:53 AM,00:08,Total colpocleisis,No,No,10,6,Center
2,10:44:53 AM,10:44:59 AM,00:06,Total colpocleisis,No,No,10,6,Center
1,10:44:59 AM,10:45:01 AM,00:02,Total colpocleisis,No,No,10,6,Center
17,10:45:01 AM,10:45:03 AM,00:02,Total colpocleisis,No,No,10,6,Center
1,10:45:03 AM,10:45:04 AM,00:01,Total colpocleisis,No,No,10,6,Center
2,10:45:04 AM,10:45:06 AM,00:02,Total colpocleisis,No,No,10,6,Center
18,10:45:06 AM,10:45:23 AM,00:17,Total colpocleisis,No,No,10,6,Center
2,10:45:23 AM,10:45:26 AM,00:03,Total colpocleisis,No,No,10,6,Center
18,10:45:26 AM,10:45:28 AM,00:02,Total colpocleisis,No,No,10,6,Center
2,10:45:28 AM,10:45:29 AM,00:01,Total colpocleisis,No,No,10,6,Center
6,10:45:29 AM,10:45:32 AM,00:03,Total colpocleisis,No,No,10,6,Center
2,10:45:32 AM,10:45:44 AM,00:12,Total colpocleisis,No,No,10,6,Center
18,10:45:44 AM,10:45:50 AM,00:06,Total colpocleisis,No,No,10,6,Center
20,10:45:50 AM,10:45:56 AM,00:06,Total colpocleisis,No,No,10,6,Center
4,10:45:56 AM,10:45:58 AM,00:02,Total colpocleisis,No,No,10,6,Center
2,10:45:58 AM,10:46:00 AM,00:02,Total colpocleisis,No,No,10,6,Center
18,10:46:00 AM,10:46:04 AM,00:04,Total colpocleisis,No,No,10,6,Center
22,10:46:04 AM,10:46:25 AM,00:21,Total colpocleisis,No,No,10,6,Center
18,10:46:25 AM,10:46:27 AM,00:02,Total colpocleisis,No,No,10,6,Center
2,10:46:27 AM,10:46:33 AM,00:06,Total colpocleisis,No,No,10,6,Center
18,10:46:33 AM,10:46:37 AM,00:04,Total colpocleisis,No,No,10,6,Center
22,10:46:37 AM,10:46:41 AM,00:04,Total colpocleisis,No,No,10,6,Center
6,10:46:41 AM,10:46:43 AM,00:02,Total colpocleisis,No,No,10,6,Center
2,10:46:43 AM,10:46:46 AM,00:03,Total colpocleisis,No,No,10,6,Center
18,10:46:46 AM,10:47:30 AM,00:44,Total colpocleisis,No,No,10,6,Center
2,10:47:30 AM,10:47:46 AM,00:16,Total colpocleisis,No,No,10,6,Center
10,10:47:46 AM,10:47:48 AM,00:02,Total colpocleisis,No,No,10,6,Center
2,10:47:48 AM,10:47:53 AM,00:05,Total colpocleisis,No,No,10,6,Center
10,10:47:53 AM,10:47:57 AM,00:04,Total colpocleisis,No,No,10,6,Center
2,10:47:57 AM,10:48:07 AM,00:10,Total colpocleisis,No,No,10,6,Center
6,10:48:07 AM,10:48:10 AM,00:03,Total colpocleisis,No,No,10,6,Center
22,10:48:10 AM,10:48:22 AM,00:12,Total colpocleisis,No,No,10,6,Center
6,10:48:22 AM,10:48:26 AM,00:04,Total colpocleisis,No,No,10,6,Center
2,10:48:26 AM,10:48:27 AM,00:01,Total colpocleisis,No,No,10,6,Center
10,10:48:27 AM,10:48:29 AM,00:02,Total colpocleisis,No,No,10,6,Center
26,10:48:29 AM,10:48:30 AM,00:01,Total colpocleisis,No,No,10,6,Center
18,10:48:30 AM,10:48:31 AM,00:01,Total colpocleisis,No,No,10,6,Center
2,10:48:31 AM,10:48:37 AM,00:06,Total colpocleisis,No,No,10,6,Center
18,10:48:37 AM,10:48:42 AM,00:05,Total colpocleisis,No,No,10,6,Center
2,10:48:42 AM,10:48:50 AM,00:08,Total colpocleisis,No,No,10,6,Center
18,10:48:50 AM,10:48:52 AM,00:02,Total colpocleisis,No,No,10,6,Center
17,10:48:52 AM,10:48:54 AM,00:02,Total colpocleisis,No,No,10,6,Center
1,10:48:54 AM,10:48:56 AM,00:02,Total colpocleisis,No,No,10,6,Center
2,10:48:56 AM,10:49:04 AM,00:08,Total colpocleisis,No,No,10,6,Center
1,10:49:04 AM,10:49:13 AM,00:09,Total colpocleisis,No,No,10,6,Center
2,10:49:13 AM,10:49:20 AM,00:07,Total colpocleisis,No,No,10,6,Center
18,10:49:20 AM,10:49:50 AM,00:30,Total colpocleisis,No,No,10,6,Center
17,10:49:50 AM,10:49:51 AM,00:01,Total colpocleisis,No,No,11,6,Center
1,10:49:51 AM,10:49:55 AM,00:04,Total colpocleisis,No,No,11,6,Center
9,10:49:55 AM,10:49:57 AM,00:02,Total colpocleisis,No,No,11,6,Center
25,10:49:57 AM,10:49:57 AM,00:00,Total colpocleisis,No,No,11,6,Center
17,10:49:57 AM,10:49:59 AM,00:02,Total colpocleisis,No,No,11,6,Center
1,10:49:59 AM,10:50:10 AM,00:11,Total colpocleisis,No,No,11,6,Center
5,10:50:10 AM,10:50:14 AM,00:04,Total colpocleisis,No,No,11,6,Center
1,10:50:14 AM,10:50:14 AM,00:00,Total colpocleisis,No,No,11,6,Center
2,10:50:14 AM,10:50:29 AM,00:15,Total colpocleisis,No,No,11,6,Center
1,10:50:29 AM,10:50:30 AM,00:01,Total colpocleisis,No,No,11,6,Center
2,10:50:30 AM,10:50:35 AM,00:05,Total colpocleisis,No,No,11,6,Center
6,10:50:35 AM,10:50:37 AM,00:02,Total colpocleisis,No,No,11,6,Center
2,10:50:37 AM,10:50:41 AM,00:04,Total colpocleisis,No,No,11,6,Center
1,10:50:41 AM,10:51:15 AM,00:34,Total colpocleisis,No,No,11,6,Center
17,10:51:15 AM,10:51:17 AM,00:02,Total colpocleisis,No,No,11,6,Center
1,10:51:17 AM,10:51:19 AM,00:02,Total colpocleisis,No,No,11,6,Center
2,10:51:19 AM,10:51:26 AM,00:07,Total colpocleisis,No,No,11,6,Center
18,10:51:26 AM,10:51:27 AM,00:01,Total colpocleisis,No,No,11,6,Center
2,10:51:27 AM,10:51:41 AM,00:14,Total colpocleisis,No,No,11,6,Center
10,10:51:41 AM,10:51:42 AM,00:01,Total colpocleisis,No,No,11,6,Center
2,10:51:42 AM,10:51:44 AM,00:02,Total colpocleisis,No,No,11,6,Center
6,10:51:44 AM,10:51:46 AM,00:02,Total colpocleisis,No,No,11,6,Center
2,10:51:46 AM,10:51:47 AM,00:01,Total colpocleisis,No,No,11,6,Center
1,10:51:47 AM,10:52:02 AM,00:15,Total colpocleisis,No,No,11,6,Center
5,10:52:02 AM,10:52:03 AM,00:01,Total colpocleisis,No,No,11,6,Center
1,10:52:03 AM,10:52:06 AM,00:03,Total colpocleisis,No,No,11,6,Center
5,10:52:06 AM,10:52:06 AM,00:00,Total colpocleisis,No,No,11,6,Center
6,10:52:06 AM,10:52:11 AM,00:05,Total colpocleisis,No,No,11,6,Center
2,10:52:11 AM,10:52:15 AM,00:04,Total colpocleisis,No,No,11,6,Center
1,10:52:15 AM,10:52:20 AM,00:05,Total colpocleisis,No,No,11,6,Center
9,10:52:20 AM,10:52:21 AM,00:01,Total colpocleisis,No,No,11,6,Center
1,10:52:21 AM,10:52:23 AM,00:02,Total colpocleisis,No,No,11,6,Center
5,10:52:23 AM,10:52:32 AM,00:09,Total colpocleisis,No,No,11,6,Center
1,10:52:32 AM,10:52:36 AM,00:04,Total colpocleisis,No,No,11,6,Center
17,10:52:36 AM,10:52:37 AM,00:01,Total colpocleisis,No,No,11,6,Center
1,10:52:37 AM,10:52:41 AM,00:04,Total colpocleisis,No,No,11,6,Center
17,10:52:41 AM,10:52:49 AM,00:08,Total colpocleisis,No,No,11,6,Center
1,10:52:49 AM,10:52:51 AM,00:02,Total colpocleisis,No,No,11,6,Center
17,10:52:51 AM,10:53:02 AM,00:11,Total colpocleisis,No,No,11,6,Center
1,10:53:02 AM,10:53:05 AM,00:03,Total colpocleisis,No,No,11,6,Center
5,10:53:05 AM,10:53:07 AM,00:02,Total colpocleisis,No,No,11,6,Center
6,10:53:07 AM,10:53:13 AM,00:06,Total colpocleisis,No,No,11,6,Center
22,10:53:13 AM,10:53:21 AM,00:08,Total colpocleisis,No,No,11,6,Center
6,10:53:21 AM,10:53:37 AM,00:16,Total colpocleisis,No,No,11,6,Center
2,10:53:37 AM,10:53:43 AM,00:06,Total colpocleisis,No,No,11,6,Center
18,10:53:43 AM,10:53:47 AM,00:04,Total colpocleisis,No,No,11,6,Center
2,10:53:47 AM,10:53:56 AM,00:09,Total colpocleisis,No,No,11,6,Center
18,10:53:56 AM,10:54:33 AM,00:37,Total colpocleisis,No,No,11,6,Center
2,10:54:33 AM,10:54:38 AM,00:05,Total colpocleisis,No,No,12,6,Center
18,10:54:38 AM,10:54:50 AM,00:12,Total colpocleisis,No,No,12,6,Center
2,10:54:50 AM,10:54:55 AM,00:05,Total colpocleisis,No,No,12,6,Center
18,10:54:55 AM,10:54:57 AM,00:02,Total colpocleisis,No,No,12,6,Center
2,10:54:57 AM,10:55:11 AM,00:14,Total colpocleisis,No,No,12,6,Center
6,10:55:11 AM,10:55:21 AM,00:10,Total colpocleisis,No,No,12,6,Center
2,10:55:21 AM,10:55:30 AM,00:09,Total colpocleisis,No,No,12,6,Center
18,10:55:30 AM,10:55:36 AM,00:06,Total colpocleisis,No,No,12,6,Center
2,10:55:36 AM,10:55:43 AM,00:07,Total colpocleisis,No,No,12,6,Center
18,10:55:43 AM,10:55:55 AM,00:12,Total colpocleisis,No,No,12,6,Center
2,10:55:55 AM,10:55:58 AM,00:03,Total colpocleisis,No,No,12,6,Center
18,10:55:58 AM,10:56:11 AM,00:13,Total colpocleisis,No,No,12,6,Center
2,10:56:11 AM,10:56:14 AM,00:03,Total colpocleisis,No,No,12,6,Center
18,10:56:14 AM,10:56:27 AM,00:13,Total colpocleisis,No,No,12,6,Center
2,10:56:27 AM,10:56:30 AM,00:03,Total colpocleisis,No,No,12,6,Center
1,10:56:30 AM,10:56:38 AM,00:08,Total colpocleisis,No,No,12,6,Center
2,10:56:38 AM,10:56:39 AM,00:01,Total colpocleisis,No,No,12,6,Center
18,10:56:39 AM,10:56:52 AM,00:13,Total colpocleisis,No,No,12,6,Center
2,10:56:52 AM,10:56:53 AM,00:01,Total colpocleisis,No,No,12,6,Center
1,10:56:53 AM,10:56:58 AM,00:05,Total colpocleisis,No,No,12,6,Center
2,10:56:58 AM,10:57:03 AM,00:05,Total colpocleisis,No,No,12,6,Center
6,10:57:03 AM,10:57:14 AM,00:11,Total colpocleisis,No,No,12,6,Center
2,10:57:14 AM,10:57:15 AM,00:01,Total colpocleisis,No,No,12,6,Center
18,10:57:15 AM,10:57:22 AM,00:07,Total colpocleisis,No,No,12,6,Center
2,10:57:22 AM,10:57:25 AM,00:03,Total colpocleisis,No,No,12,6,Center
6,10:57:25 AM,10:57:29 AM,00:04,Total colpocleisis,No,No,12,6,Center
22,10:57:29 AM,10:57:31 AM,00:02,Total colpocleisis,No,No,12,6,Center
6,10:57:31 AM,10:57:38 AM,00:07,Total colpocleisis,No,No,12,6,Center
2,10:57:38 AM,10:57:50 AM,00:12,Total colpocleisis,No,No,12,6,Center
18,10:57:50 AM,10:57:53 AM,00:03,Total colpocleisis,No,No,12,6,Center
2,10:57:53 AM,10:57:55 AM,00:02,Total colpocleisis,No,No,12,6,Center
18,10:57:55 AM,10:57:57 AM,00:02,Total colpocleisis,No,No,12,6,Center
2,10:57:57 AM,10:58:01 AM,00:04,Total colpocleisis,No,No,12,6,Center
6,10:58:01 AM,10:58:05 AM,00:04,Total colpocleisis,No,No,12,6,Center
22,10:58:05 AM,10:58:09 AM,00:04,Total colpocleisis,No,No,12,6,Center
6,10:58:09 AM,10:58:09 AM,00:00,Total colpocleisis,No,No,12,6,Center
22,10:58:09 AM,10:58:11 AM,00:02,Total colpocleisis,No,No,12,6,Center
6,10:58:11 AM,10:58:16 AM,00:05,Total colpocleisis,No,No,12,6,Center
22,10:58:16 AM,10:58:25 AM,00:09,Total colpocleisis,No,No,12,6,Center
6,10:58:25 AM,10:58:27 AM,00:02,Total colpocleisis,No,No,12,6,Center
2,10:58:27 AM,10:58:34 AM,00:07,Total colpocleisis,No,No,12,6,Center
6,10:58:34 AM,10:58:40 AM,00:06,Total colpocleisis,No,No,12,6,Center
22,10:58:40 AM,10:58:52 AM,00:12,Total colpocleisis,No,No,12,6,Center
6,10:58:52 AM,10:59:13 AM,00:21,Total colpocleisis,No,No,12,6,Center
22,10:59:13 AM,10:59:14 AM,00:01,Total colpocleisis,No,No,12,6,Center
18,10:59:14 AM,10:59:15 AM,00:01,Total colpocleisis,No,No,12,6,Center
2,10:59:15 AM,10:59:24 AM,00:09,Total colpocleisis,No,No,12,6,Center
6,10:59:24 AM,10:59:28 AM,00:04,Total colpocleisis,No,No,12,6,Center
22,10:59:28 AM,10:59:33 AM,00:05,Total colpocleisis,No,No,12,6,Center
18,10:59:33 AM,10:59:43 AM,00:10,Total colpocleisis,No,No,12,6,Center
2,10:59:43 AM,10:59:56 AM,00:13,Total colpocleisis,No,No,12,6,Center
18,10:59:56 AM,11:00:01 AM,00:05,Total colpocleisis,No,No,12,6,Center
2,11:00:01 AM,11:00:22 AM,00:21,Total colpocleisis,No,No,12,6,Center
10,11:00:22 AM,11:00:23 AM,00:01,Total colpocleisis,No,No,12,6,Center
2,11:00:23 AM,11:00:27 AM,00:04,Total colpocleisis,No,No,12,6,Center
1,11:00:27 AM,11:00:29 AM,00:02,Total colpocleisis,No,No,12,6,Center
2,11:00:29 AM,11:00:49 AM,00:20,Total colpocleisis,No,No,12,6,Center
10,11:00:49 AM,11:00:51 AM,00:02,Total colpocleisis,No,No,12,6,Center
2,11:00:51 AM,11:00:56 AM,00:05,Total colpocleisis,No,No,12,6,Center
1,11:00:56 AM,11:01:00 AM,00:04,Total colpocleisis,No,No,12,6,Center
2,11:01:00 AM,11:01:08 AM,00:08,Total colpocleisis,No,No,12,6,Center
1,11:01:08 AM,11:01:20 AM,00:12,Total colpocleisis,No,No,12,6,Center
17,11:01:20 AM,11:01:21 AM,00:01,Total colpocleisis,No,No,12,6,Center
1,11:01:21 AM,11:01:24 AM,00:03,Total colpocleisis,No,No,12,6,Center
2,11:01:24 AM,11:01:29 AM,00:05,Total colpocleisis,No,No,12,6,Center
1,11:01:29 AM,11:01:37 AM,00:08,Total colpocleisis,No,No,12,6,Center
17,11:01:37 AM,11:01:45 AM,00:08,Total colpocleisis,No,No,12,6,Center
1,11:01:45 AM,11:01:46 AM,00:01,Total colpocleisis,No,No,12,6,Center
2,11:01:46 AM,11:01:53 AM,00:07,Total colpocleisis,No,No,12,6,Center
1,11:01:53 AM,11:01:57 AM,00:04,Total colpocleisis,No,No,12,6,Center
2,11:01:57 AM,11:01:59 AM,00:02,Total colpocleisis,No,No,12,6,Center
1,11:01:59 AM,11:02:18 AM,00:19,Total colpocleisis,No,No,12,6,Center
2,11:02:18 AM,11:02:25 AM,00:07,Total colpocleisis,No,No,12,6,Center
1,11:02:25 AM,11:02:29 AM,00:04,Total colpocleisis,No,No,12,6,Center
2,11:02:29 AM,11:03:04 AM,00:35,Total colpocleisis,No,No,12,6,Center
18,11:03:04 AM,11:03:09 AM,00:05,Total colpocleisis,No,No,12,6,Center
2,11:03:09 AM,11:03:12 AM,00:03,Total colpocleisis,No,No,12,6,Center
1,11:03:12 AM,11:03:16 AM,00:04,Total colpocleisis,No,No,12,6,Center
17,11:03:16 AM,11:03:17 AM,00:01,Total colpocleisis,No,No,12,6,Center
1,11:03:17 AM,11:03:19 AM,00:02,Total colpocleisis,No,No,12,6,Center
17,11:03:19 AM,11:03:20 AM,00:01,Total colpocleisis,No,No,12,6,Center
1,11:03:20 AM,11:03:25 AM,00:05,Total colpocleisis,No,No,12,6,Center
2,11:03:25 AM,11:03:28 AM,00:03,Total colpocleisis,No,No,12,6,Center
18,11:03:28 AM,11:03:29 AM,00:01,Total colpocleisis,No,No,12,6,Center
2,11:03:29 AM,11:04:07 AM,00:38,Total colpocleisis,No,No,12,6,Center
1,11:04:07 AM,11:04:18 AM,00:11,Total colpocleisis,No,No,12,6,Center
2,11:04:18 AM,11:04:21 AM,00:03,Total colpocleisis,No,No,12,6,Center
1,11:04:21 AM,11:04:25 AM,00:04,Total colpocleisis,No,No,12,6,Center
2,11:04:25 AM,11:04:39 AM,00:14,Total colpocleisis,No,No,12,6,Center
1,11:04:39 AM,11:04:58 AM,00:19,Total colpocleisis,No,No,12,6,Center
9,11:04:58 AM,11:05:00 AM,00:02,Total colpocleisis,No,No,12,6,Center
1,11:05:00 AM,11:05:02 AM,00:02,Total colpocleisis,No,No,12,6,Center
2,11:05:02 AM,11:05:05 AM,00:03,Total colpocleisis,No,No,12,6,Center
1,11:05:05 AM,11:05:07 AM,00:02,Total colpocleisis,No,No,12,6,Center
9,11:05:07 AM,11:05:10 AM,00:03,Total colpocleisis,No,No,12,6,Center
1,11:05:10 AM,11:05:12 AM,00:02,Total colpocleisis,No,No,12,6,Center
9,11:05:12 AM,11:05:15 AM,00:03,Total colpocleisis,No,No,12,6,Center
10,11:05:15 AM,11:05:24 AM,00:09,Total colpocleisis,No,No,12,6,Center
9,11:05:24 AM,11:05:27 AM,00:03,Total colpocleisis,No,No,12,6,Center
1,11:05:27 AM,11:05:55 AM,00:28,Total colpocleisis,No,No,12,6,Center
2,11:05:55 AM,11:06:06 AM,00:11,Total colpocleisis,No,No,12,6,Center
18,11:06:06 AM,11:06:08 AM,00:02,Total colpocleisis,No,No,12,6,Center
2,11:06:08 AM,11:06:20 AM,00:12,Total colpocleisis,No,No,12,6,Center
1,11:06:20 AM,11:06:24 AM,00:04,Total colpocleisis,No,No,12,6,Center
9,11:06:24 AM,11:06:25 AM,00:01,Total colpocleisis,No,No,12,6,Center
1,11:06:25 AM,11:06:29 AM,00:04,Total colpocleisis,No,No,12,6,Center
17,11:06:29 AM,11:06:32 AM,00:03,Total colpocleisis,No,No,12,6,Center
1,11:06:32 AM,11:06:39 AM,00:07,Total colpocleisis,No,No,12,6,Center
17,11:06:39 AM,11:06:41 AM,00:02,Total colpocleisis,No,No,12,6,Center
1,11:06:41 AM,11:06:43 AM,00:02,Total colpocleisis,No,No,12,6,Center
9,11:06:43 AM,11:06:45 AM,00:02,Total colpocleisis,No,No,12,6,Center
1,11:06:45 AM,11:06:45 AM,00:00,Total colpocleisis,No,No,12,6,Center
17,11:06:45 AM,11:06:46 AM,00:01,Total colpocleisis,No,No,12,6,Center
1,11:06:46 AM,11:06:50 AM,00:04,Total colpocleisis,No,No,12,6,Center
2,11:06:50 AM,11:07:46 AM,00:56,Total colpocleisis,No,No,12,6,Center
18,11:07:46 AM,11:07:52 AM,00:06,Total colpocleisis,No,No,13,6,Center
2,11:07:52 AM,11:07:55 AM,00:03,Total colpocleisis,No,No,13,6,Center
1,11:07:55 AM,11:07:58 AM,00:03,Total colpocleisis,No,No,13,6,Center
17,11:07:58 AM,11:08:00 AM,00:02,Total colpocleisis,No,No,13,6,Center
18,11:08:00 AM,11:08:02 AM,00:02,Total colpocleisis,No,No,13,6,Center
2,11:08:02 AM,11:08:31 AM,00:29,Total colpocleisis,No,No,13,6,Center
4,11:08:31 AM,11:08:37 AM,00:06,Total colpocleisis,No,No,13,6,Center
2,11:08:37 AM,11:08:45 AM,00:08,Total colpocleisis,No,No,13,6,Center
1,11:08:45 AM,11:08:52 AM,00:07,Total colpocleisis,No,No,13,6,Center
2,11:08:52 AM,11:09:08 AM,00:16,Total colpocleisis,No,No,13,6,Center
10,11:09:08 AM,11:09:09 AM,00:01,Total colpocleisis,No,No,13,6,Center
2,11:09:09 AM,11:09:12 AM,00:03,Total colpocleisis,No,No,13,6,Center
1,11:09:12 AM,11:09:15 AM,00:03,Total colpocleisis,No,No,13,6,Center
9,11:09:15 AM,11:09:23 AM,00:08,Total colpocleisis,No,No,13,6,Center
1,11:09:23 AM,11:09:52 AM,00:29,Total colpocleisis,No,No,13,6,Center
17,11:11:23 AM,11:11:23 AM,00:00,Cysto (Cystoscopy),No,No,14,7,Center
1,11:11:23 AM,11:11:54 AM,00:31,Cysto (Cystoscopy),No,No,14,7,Center
17,11:11:54 AM,11:11:57 AM,00:03,Cysto (Cystoscopy),No,No,14,7,Center
18,11:11:57 AM,11:12:50 AM,00:53,Cysto (Cystoscopy),No,No,14,7,Center
2,11:12:50 AM,11:12:51 AM,00:01,Cysto (Cystoscopy),No,No,15,7,Center
1,11:12:51 AM,11:13:08 AM,00:17,Cysto (Cystoscopy),No,No,15,7,Center
2,11:13:08 AM,11:13:13 AM,00:05,Cysto (Cystoscopy),No,No,15,7,Center
10,11:13:13 AM,11:13:15 AM,00:02,Cysto (Cystoscopy),No,No,15,7,Center
9,11:13:15 AM,11:13:16 AM,00:01,Cysto (Cystoscopy),No,No,15,7,Center
1,11:13:16 AM,11:13:29 AM,00:13,Cysto (Cystoscopy),No,No,15,7,Center
2,11:14:58 AM,11:15:02 AM,00:04,Total colpocleisis,No,No,16,8,Center
10,11:15:02 AM,11:15:05 AM,00:03,Total colpocleisis,No,No,16,8,Center
9,11:15:05 AM,11:15:08 AM,00:03,Total colpocleisis,No,No,16,8,Center
1,11:15:08 AM,11:15:09 AM,00:01,Total colpocleisis,No,No,16,8,Center
17,11:15:09 AM,11:15:10 AM,00:01,Total colpocleisis,No,No,16,8,Center
1,11:15:10 AM,11:15:12 AM,00:02,Total colpocleisis,No,No,16,8,Center
2,11:15:12 AM,11:15:14 AM,00:02,Total colpocleisis,No,No,16,8,Center
18,11:15:14 AM,11:15:29 AM,00:15,Total colpocleisis,No,No,16,8,Center
2,11:15:29 AM,11:15:46 AM,00:17,Total colpocleisis,No,No,16,8,Center
18,11:15:46 AM,11:15:56 AM,00:10,Total colpocleisis,No,No,16,8,Center
2,11:15:56 AM,11:16:01 AM,00:05,Total colpocleisis,No,No,16,8,Center
1,11:16:01 AM,11:16:04 AM,00:03,Total colpocleisis,No,No,16,8,Center
2,11:16:04 AM,11:16:11 AM,00:07,Total colpocleisis,No,No,16,8,Center
18,11:16:11 AM,11:16:16 AM,00:05,Total colpocleisis,No,No,16,8,Center
22,11:16:16 AM,11:16:22 AM,00:06,Total colpocleisis,No,No,16,8,Center
6,11:16:22 AM,11:16:22 AM,00:00,Total colpocleisis,No,No,16,8,Center
2,11:16:22 AM,11:16:26 AM,00:04,Total colpocleisis,No,No,16,8,Center
18,11:16:26 AM,11:16:31 AM,00:05,Total colpocleisis,No,No,16,8,Center
2,11:16:31 AM,11:16:34 AM,00:03,Total colpocleisis,No,No,16,8,Center
18,11:16:34 AM,11:17:03 AM,00:29,Total colpocleisis,No,No,16,8,Center
2,11:17:03 AM,11:17:13 AM,00:10,Total colpocleisis,No,No,16,8,Center
18,11:17:13 AM,11:17:20 AM,00:07,Total colpocleisis,No,No,16,8,Center
2,11:17:20 AM,11:17:26 AM,00:06,Total colpocleisis,No,No,16,8,Center
18,11:17:26 AM,11:17:33 AM,00:07,Total colpocleisis,No,No,16,8,Center
2,11:17:33 AM,11:17:41 AM,00:08,Total colpocleisis,No,No,16,8,Center
18,11:17:41 AM,11:17:46 AM,00:05,Total colpocleisis,No,No,16,8,Center
2,11:17:46 AM,11:17:53 AM,00:07,Total colpocleisis,No,No,16,8,Center
18,11:17:53 AM,11:18:50 AM,00:57,Total colpocleisis,No,No,16,8,Center
2,11:18:50 AM,11:19:04 AM,00:14,Total colpocleisis,No,No,16,8,Center
10,11:19:04 AM,11:19:06 AM,00:02,Total colpocleisis,No,No,16,8,Center
2,11:19:06 AM,11:19:17 AM,00:11,Total colpocleisis,No,No,16,8,Center
1,11:19:17 AM,11:19:18 AM,00:01,Total colpocleisis,No,No,16,8,Center
17,11:19:18 AM,11:19:22 AM,00:04,Total colpocleisis,No,No,16,8,Center
1,11:19:22 AM,11:19:22 AM,00:00,Total colpocleisis,No,No,16,8,Center
2,11:20:36 AM,11:21:35 AM,00:59,PR (Posterior repair),No,No,17,9,Center
18,11:21:35 AM,11:21:47 AM,00:12,PR (Posterior repair),No,No,17,9,Center
2,11:21:47 AM,11:23:19 AM,01:32,PR (Posterior repair),No,No,17,9,Center
6,11:23:19 AM,11:24:24 AM,01:05,PR (Posterior repair),No,No,17,9,Center
2,11:24:24 AM,11:24:26 AM,00:02,PR (Posterior repair),No,No,17,9,Center
6,11:24:26 AM,11:24:33 AM,00:07,PR (Posterior repair),No,No,17,9,Center
2,11:24:33 AM,11:24:35 AM,00:02,PR (Posterior repair),No,No,17,9,Center
6,11:24:35 AM,11:24:43 AM,00:08,PR (Posterior repair),No,No,17,9,Center
2,11:24:43 AM,11:24:51 AM,00:08,PR (Posterior repair),No,No,17,9,Center
6,11:24:51 AM,11:24:54 AM,00:03,PR (Posterior repair),No,No,17,9,Center
2,11:24:54 AM,11:24:55 AM,00:01,PR (Posterior repair),No,No,17,9,Center
1,11:24:55 AM,11:25:01 AM,00:06,PR (Posterior repair),No,No,17,9,Center
2,11:25:01 AM,11:25:04 AM,00:03,PR (Posterior repair),No,No,17,9,Center
1,11:25:04 AM,11:25:21 AM,00:17,PR (Posterior repair),No,No,17,9,Center
2,11:25:21 AM,11:25:45 AM,00:24,PR (Posterior repair),No,No,17,9,Center
18,11:25:45 AM,11:25:47 AM,00:02,PR (Posterior repair),No,No,17,9,Center
2,11:25:47 AM,11:25:49 AM,00:02,PR (Posterior repair),No,No,17,9,Center
1,11:25:49 AM,11:25:57 AM,00:08,PR (Posterior repair),No,No,17,9,Center
2,11:25:57 AM,11:26:02 AM,00:05,PR (Posterior repair),No,No,17,9,Center
1,11:26:02 AM,11:26:17 AM,00:15,PR (Posterior repair),No,No,17,9,Center
2,11:26:17 AM,11:26:32 AM,00:15,PR (Posterior repair),No,No,17,9,Center
18,11:26:32 AM,11:27:16 AM,00:44,PR (Posterior repair),No,No,17,9,Center
2,11:27:16 AM,11:27:21 AM,00:05,PR (Posterior repair),No,No,17,9,Center
18,11:27:21 AM,11:27:23 AM,00:02,PR (Posterior repair),No,No,17,9,Center
2,11:27:23 AM,11:27:37 AM,00:14,PR (Posterior repair),No,No,17,9,Center
18,11:27:37 AM,11:27:40 AM,00:03,PR (Posterior repair),No,No,17,9,Center
2,11:27:40 AM,11:27:42 AM,00:02,PR (Posterior repair),No,No,17,9,Center
10,11:27:42 AM,11:27:45 AM,00:03,PR (Posterior repair),No,No,17,9,Center
2,11:27:45 AM,11:27:59 AM,00:14,PR (Posterior repair),No,No,17,9,Center
4,11:27:59 AM,11:28:01 AM,00:02,PR (Posterior repair),No,No,17,9,Center
2,11:28:01 AM,11:28:05 AM,00:04,PR (Posterior repair),No,No,17,9,Center
18,11:28:05 AM,11:28:07 AM,00:02,PR (Posterior repair),No,No,17,9,Center
2,11:28:07 AM,11:28:09 AM,00:02,PR (Posterior repair),No,No,17,9,Center
18,11:28:09 AM,11:28:19 AM,00:10,PR (Posterior repair),No,No,17,9,Center
22,11:28:19 AM,11:28:20 AM,00:01,PR (Posterior repair),No,No,17,9,Center
6,11:28:20 AM,11:28:22 AM,00:02,PR (Posterior repair),No,No,17,9,Center
2,11:28:22 AM,11:28:26 AM,00:04,PR (Posterior repair),No,No,17,9,Center
1,11:28:26 AM,11:28:28 AM,00:02,PR (Posterior repair),No,No,17,9,Center
2,11:28:28 AM,11:28:30 AM,00:02,PR (Posterior repair),No,No,17,9,Center
4,11:28:30 AM,11:28:32 AM,00:02,PR (Posterior repair),No,No,17,9,Center
2,11:28:32 AM,11:28:34 AM,00:02,PR (Posterior repair),No,No,17,9,Center
18,11:28:34 AM,11:28:35 AM,00:01,PR (Posterior repair),No,No,17,9,Center
2,11:28:35 AM,11:28:49 AM,00:14,PR (Posterior repair),No,No,17,9,Center
6,11:28:49 AM,11:28:55 AM,00:06,PR (Posterior repair),No,No,17,9,Center
2,11:28:55 AM,11:29:01 AM,00:06,PR (Posterior repair),No,No,17,9,Center
4,11:29:01 AM,11:29:08 AM,00:07,PR (Posterior repair),No,No,17,9,Center
2,11:29:08 AM,11:29:28 AM,00:20,PR (Posterior repair),No,No,17,9,Center
6,11:29:28 AM,11:29:28 AM,00:00,PR (Posterior repair),No,No,17,9,Center
2,11:29:28 AM,11:29:31 AM,00:03,PR (Posterior repair),No,No,17,9,Center
1,11:29:31 AM,11:29:36 AM,00:05,PR (Posterior repair),No,No,17,9,Center
2,11:29:36 AM,11:29:39 AM,00:03,PR (Posterior repair),No,No,17,9,Center
1,11:29:39 AM,11:30:19 AM,00:40,PR (Posterior repair),No,No,17,9,Center
2,11:30:19 AM,11:30:24 AM,00:05,PR (Posterior repair),No,No,17,9,Center
1,11:30:24 AM,11:30:25 AM,00:01,PR (Posterior repair),No,No,17,9,Center
2,11:30:25 AM,11:30:29 AM,00:04,PR (Posterior repair),No,No,17,9,Center
6,11:30:29 AM,11:30:31 AM,00:02,PR (Posterior repair),No,No,17,9,Center
5,11:30:31 AM,11:30:35 AM,00:04,PR (Posterior repair),No,No,17,9,Center
21,11:30:35 AM,11:30:40 AM,00:05,PR (Posterior repair),No,No,17,9,Center
17,11:30:40 AM,11:30:45 AM,00:05,PR (Posterior repair),No,No,17,9,Center
1,11:30:45 AM,11:30:46 AM,00:01,PR (Posterior repair),No,No,17,9,Center
2,11:30:46 AM,11:30:50 AM,00:04,PR (Posterior repair),No,No,17,9,Center
18,11:30:50 AM,11:30:51 AM,00:01,PR (Posterior repair),No,No,17,9,Center
2,11:30:51 AM,11:30:52 AM,00:01,PR (Posterior repair),No,No,17,9,Center
6,11:30:52 AM,11:30:56 AM,00:04,PR (Posterior repair),No,No,17,9,Center
5,11:30:56 AM,11:30:58 AM,00:02,PR (Posterior repair),No,No,17,9,Center
6,11:30:58 AM,11:31:01 AM,00:03,PR (Posterior repair),No,No,17,9,Center
5,11:31:01 AM,11:31:01 AM,00:00,PR (Posterior repair),No,No,17,9,Center
6,11:31:01 AM,11:31:10 AM,00:09,PR (Posterior repair),No,No,17,9,Center
2,11:31:10 AM,11:31:15 AM,00:05,PR (Posterior repair),No,No,17,9,Center
1,11:31:15 AM,11:32:05 AM,00:50,PR (Posterior repair),No,No,17,9,Center
2,11:32:05 AM,11:32:10 AM,00:05,PR (Posterior repair),No,No,17,9,Center
1,11:32:10 AM,11:32:10 AM,00:00,PR (Posterior repair),No,No,17,9,Center
17,11:32:10 AM,11:32:11 AM,00:01,PR (Posterior repair),No,No,17,9,Center
1,11:32:11 AM,11:32:13 AM,00:02,PR (Posterior repair),No,No,17,9,Center
17,11:32:13 AM,11:32:19 AM,00:06,PR (Posterior repair),No,No,17,9,Center
1,11:32:19 AM,11:32:22 AM,00:03,PR (Posterior repair),No,No,17,9,Center
2,11:32:22 AM,11:32:52 AM,00:30,PR (Posterior repair),No,No,17,9,Center
4,11:32:52 AM,11:32:53 AM,00:01,PR (Posterior repair),No,No,17,9,Center
2,11:32:53 AM,11:32:53 AM,00:00,PR (Posterior repair),No,No,17,9,Center
6,11:32:53 AM,11:32:57 AM,00:04,PR (Posterior repair),No,No,17,9,Center
2,11:32:57 AM,11:33:03 AM,00:06,PR (Posterior repair),No,No,17,9,Center
1,11:33:03 AM,11:33:21 AM,00:18,PR (Posterior repair),No,No,17,9,Center
17,11:33:21 AM,11:33:22 AM,00:01,PR (Posterior repair),No,No,17,9,Center
1,11:33:22 AM,11:33:24 AM,00:02,PR (Posterior repair),No,No,17,9,Center
2,11:33:24 AM,11:33:33 AM,00:09,PR (Posterior repair),No,No,17,9,Center
6,11:33:33 AM,11:33:39 AM,00:06,PR (Posterior repair),No,No,17,9,Center
2,11:33:39 AM,11:33:44 AM,00:05,PR (Posterior repair),No,No,17,9,Center
4,11:33:44 AM,11:33:50 AM,00:06,PR (Posterior repair),No,No,17,9,Center
8,11:33:50 AM,11:33:51 AM,00:01,PR (Posterior repair),No,No,17,9,Center
6,11:33:51 AM,11:33:53 AM,00:02,PR (Posterior repair),No,No,17,9,Center
2,11:33:53 AM,11:33:57 AM,00:04,PR (Posterior repair),No,No,17,9,Center
6,11:33:57 AM,11:33:59 AM,00:02,PR (Posterior repair),No,No,17,9,Center
2,11:33:59 AM,11:34:01 AM,00:02,PR (Posterior repair),No,No,17,9,Center
18,11:34:01 AM,11:34:07 AM,00:06,PR (Posterior repair),No,No,17,9,Center
2,11:34:07 AM,11:34:24 AM,00:17,PR (Posterior repair),No,No,17,9,Center
1,11:34:24 AM,11:34:32 AM,00:08,PR (Posterior repair),No,No,17,9,Center
2,11:34:32 AM,11:34:36 AM,00:04,PR (Posterior repair),No,No,17,9,Center
1,11:34:36 AM,11:34:38 AM,00:02,PR (Posterior repair),No,No,17,9,Center
2,11:34:38 AM,11:34:44 AM,00:06,PR (Posterior repair),No,No,17,9,Center
4,11:34:44 AM,11:34:51 AM,00:07,PR (Posterior repair),No,No,17,9,Center
2,11:34:51 AM,11:34:53 AM,00:02,PR (Posterior repair),No,No,17,9,Center
18,11:34:53 AM,11:34:55 AM,00:02,PR (Posterior repair),No,No,17,9,Center
2,11:34:55 AM,11:34:57 AM,00:02,PR (Posterior repair),No,No,17,9,Center
1,11:34:57 AM,11:35:29 AM,00:32,PR (Posterior repair),No,No,17,9,Center
2,11:35:29 AM,11:35:31 AM,00:02,PR (Posterior repair),No,No,17,9,Center
1,11:35:31 AM,11:35:52 AM,00:21,PR (Posterior repair),No,No,17,9,Center
5,11:35:52 AM,11:35:54 AM,00:02,PR (Posterior repair),No,No,17,9,Center
1,11:35:54 AM,11:35:56 AM,00:02,PR (Posterior repair),No,No,17,9,Center
17,11:35:56 AM,11:35:58 AM,00:02,PR (Posterior repair),No,No,17,9,Center
18,11:35:58 AM,11:36:00 AM,00:02,PR (Posterior repair),No,No,17,9,Center
2,11:36:00 AM,11:36:08 AM,00:08,PR (Posterior repair),No,No,17,9,Center
6,11:36:08 AM,11:36:12 AM,00:04,PR (Posterior repair),No,No,17,9,Center
2,11:36:12 AM,11:36:15 AM,00:03,PR (Posterior repair),No,No,17,9,Center
1,11:36:15 AM,11:37:04 AM,00:49,PR (Posterior repair),No,No,17,9,Center
2,11:37:04 AM,11:37:19 AM,00:15,PR (Posterior repair),No,No,17,9,Center
18,11:37:19 AM,11:37:27 AM,00:08,PR (Posterior repair),No,No,17,9,Center
2,11:37:27 AM,11:37:36 AM,00:09,PR (Posterior repair),No,No,17,9,Center
18,11:37:36 AM,11:37:47 AM,00:11,PR (Posterior repair),No,No,17,9,Center
2,11:37:47 AM,11:38:24 AM,00:37,PR (Posterior repair),No,No,17,9,Center
1,11:38:24 AM,11:38:27 AM,00:03,PR (Posterior repair),No,No,17,9,Center
9,11:38:27 AM,11:38:29 AM,00:02,PR (Posterior repair),No,No,17,9,Center
1,11:38:29 AM,11:38:33 AM,00:04,PR (Posterior repair),No,No,17,9,Center
2,11:38:33 AM,11:39:04 AM,00:31,PR (Posterior repair),No,No,17,9,Center
1,11:39:04 AM,11:39:07 AM,00:03,PR (Posterior repair),No,No,17,9,Center
2,11:39:07 AM,11:39:13 AM,00:06,PR (Posterior repair),No,No,17,9,Center
10,11:39:13 AM,11:39:17 AM,00:04,PR (Posterior repair),No,No,17,9,Center
2,11:39:17 AM,11:39:23 AM,00:06,PR (Posterior repair),No,No,17,9,Center
6,11:39:23 AM,11:39:32 AM,00:09,PR (Posterior repair),No,No,17,9,Center
2,11:39:32 AM,11:39:35 AM,00:03,PR (Posterior repair),No,No,17,9,Center
18,11:39:35 AM,11:39:38 AM,00:03,PR (Posterior repair),No,No,17,9,Center
2,11:39:38 AM,11:40:04 AM,00:26,PR (Posterior repair),No,No,17,9,Center
4,11:40:04 AM,11:40:04 AM,00:00,PR (Posterior repair),No,No,17,9,Center
2,11:40:04 AM,11:40:14 AM,00:10,PR (Posterior repair),No,No,17,9,Center
1,11:40:14 AM,11:40:19 AM,00:05,PR (Posterior repair),No,No,17,9,Center
9,11:40:19 AM,11:40:20 AM,00:01,PR (Posterior repair),No,No,17,9,Center
25,11:40:20 AM,11:40:21 AM,00:01,PR (Posterior repair),No,No,17,9,Center
17,11:40:21 AM,11:40:23 AM,00:02,PR (Posterior repair),No,No,17,9,Center
1,11:40:23 AM,11:40:23 AM,00:00,PR (Posterior repair),No,No,17,9,Center
2,11:40:23 AM,11:40:31 AM,00:08,PR (Posterior repair),No,No,17,9,Center
10,11:40:31 AM,11:40:34 AM,00:03,PR (Posterior repair),No,No,17,9,Center
26,11:40:34 AM,11:40:36 AM,00:02,PR (Posterior repair),No,No,17,9,Center
18,11:40:36 AM,11:40:36 AM,00:00,PR (Posterior repair),No,No,17,9,Center
2,11:40:36 AM,11:40:39 AM,00:03,PR (Posterior repair),No,No,17,9,Center
1,11:40:39 AM,11:41:01 AM,00:22,PR (Posterior repair),No,No,17,9,Center
2,11:41:01 AM,11:41:17 AM,00:16,PR (Posterior repair),No,No,17,9,Center
1,11:41:17 AM,11:41:19 AM,00:02,PR (Posterior repair),No,No,17,9,Center
17,11:41:19 AM,11:41:21 AM,00:02,PR (Posterior repair),No,No,17,9,Center
1,11:41:21 AM,11:41:26 AM,00:05,PR (Posterior repair),No,No,17,9,Center
17,11:41:26 AM,11:41:27 AM,00:01,PR (Posterior repair),No,No,17,9,Center
18,11:41:27 AM,11:41:28 AM,00:01,PR (Posterior repair),No,No,17,9,Center
2,11:41:28 AM,11:43:02 AM,01:34,PR (Posterior repair),No,No,17,9,Center
6,11:43:02 AM,11:43:06 AM,00:04,PR (Posterior repair),No,No,18,9,Center
2,11:43:06 AM,11:44:34 AM,01:28,PR (Posterior repair),No,No,18,9,Center
6,11:44:34 AM,11:44:37 AM,00:03,PR (Posterior repair),No,No,18,9,Center
2,11:44:37 AM,11:46:44 AM,02:07,PR (Posterior repair),No,No,18,9,Center
4,11:46:44 AM,11:46:46 AM,00:02,PR (Posterior repair),No,No,18,9,Center
2,11:46:46 AM,11:46:49 AM,00:03,PR (Posterior repair),No,No,18,9,Center
1,11:46:49 AM,11:46:56 AM,00:07,PR (Posterior repair),No,No,18,9,Center
2,11:46:56 AM,11:47:00 AM,00:04,PR (Posterior repair),No,No,18,9,Center
10,11:47:00 AM,11:47:03 AM,00:03,PR (Posterior repair),No,No,18,9,Center
2,11:47:03 AM,11:47:57 AM,00:54,PR (Posterior repair),No,No,18,9,Center
1,11:47:57 AM,11:48:07 AM,00:10,PR (Posterior repair),No,No,18,9,Center
