Posture Code,Start ,End,Duration,Task Code,Stool Usage,Sitting,Bed Code,Patient Code,Location,,,,,
1,8:13:08 AM,8:13:36 AM,00:28,TVH (Transvaginal hysterectomy),No,No,1,1,Center,,,,,
9,8:13:36 AM,8:13:39 AM,00:03,TVH (Transvaginal hysterectomy),No,No,1,1,Center,,,,,
1,8:13:39 AM,8:14:43 AM,01:04,TVH (Transvaginal hysterectomy),No,No,1,1,Center,,,,,
9,8:14:43 AM,8:14:46 AM,00:03,TVH (Transvaginal hysterectomy),No,No,1,1,Center,,,,,
13,8:14:46 AM,8:14:59 AM,00:13,TVH (Transvaginal hysterectomy),No,No,1,1,Center,,,,,
5,8:14:59 AM,8:15:01 AM,00:02,TVH (Transvaginal hysterectomy),No,No,1,1,Center,,,,,
1,8:15:01 AM,8:15:42 AM,00:41,TVH (Transvaginal hysterectomy),No,No,1,1,Center,,,,,
2,8:15:42 AM,8:15:46 AM,00:04,TVH (Transvaginal hysterectomy),No,No,1,1,Center,,,,,
18,8:15:46 AM,8:15:47 AM,00:01,TVH (Transvaginal hysterectomy),No,No,1,1,Center,,,,,
2,8:15:47 AM,8:15:56 AM,00:09,TVH (Transvaginal hysterectomy),No,No,1,1,Center,,,,,
18,8:15:56 AM,8:16:08 AM,00:12,TVH (Transvaginal hysterectomy),No,No,1,1,Center,,,,,
2,8:16:08 AM,8:16:10 AM,00:02,TVH (Transvaginal hysterectomy),No,No,1,1,Center,,,,,
18,8:16:10 AM,8:16:22 AM,00:12,TVH (Transvaginal hysterectomy),No,No,1,1,Center,,,,,
2,8:16:22 AM,8:16:27 AM,00:05,TVH (Transvaginal hysterectomy),No,No,1,1,Center,,,,,
1,8:16:27 AM,8:16:54 AM,00:27,TVH (Transvaginal hysterectomy),No,No,1,1,Center,,,,,
17,8:16:54 AM,8:18:23 AM,01:29,TVH (Transvaginal hysterectomy),No,No,1,1,Center,,,,,
1,8:18:23 AM,8:19:11 AM,00:48,TVH (Transvaginal hysterectomy),No,No,1,1,Center,,,,,
17,8:19:11 AM,8:19:19 AM,00:08,TVH (Transvaginal hysterectomy),No,No,2,1,Center,,,,,
25,8:19:19 AM,8:19:23 AM,00:04,TVH (Transvaginal hysterectomy),No,No,2,1,Center,,,,,
17,8:19:23 AM,8:19:29 AM,00:06,TVH (Transvaginal hysterectomy),No,No,2,1,Center,,,,,
18,8:19:29 AM,8:19:49 AM,00:20,TVH (Transvaginal hysterectomy),No,No,2,1,Center,,,,,
26,8:19:49 AM,8:19:51 AM,00:02,TVH (Transvaginal hysterectomy),No,No,2,1,Center,,,,,
18,8:19:51 AM,8:19:52 AM,00:01,TVH (Transvaginal hysterectomy),No,No,2,1,Center,,,,,
2,8:19:52 AM,8:19:53 AM,00:01,TVH (Transvaginal hysterectomy),No,No,2,1,Center,,,,,
1,8:19:53 AM,8:19:57 AM,00:04,TVH (Transvaginal hysterectomy),No,No,2,1,Center,,,,,
9,8:19:57 AM,8:20:13 AM,00:16,TVH (Transvaginal hysterectomy),No,No,2,1,Center,,,,,
1,8:20:13 AM,8:20:34 AM,00:21,TVH (Transvaginal hysterectomy),No,No,2,1,Center,,,,,
9,8:20:34 AM,8:20:35 AM,00:01,TVH (Transvaginal hysterectomy),No,No,2,1,Center,,,,,
10,8:20:35 AM,8:20:38 AM,00:03,TVH (Transvaginal hysterectomy),No,No,2,1,Center,,,,,
9,8:20:38 AM,8:20:41 AM,00:03,TVH (Transvaginal hysterectomy),No,No,2,1,Center,,,,,
25,8:20:41 AM,8:20:43 AM,00:02,TVH (Transvaginal hysterectomy),No,No,2,1,Center,,,,,
9,8:20:43 AM,8:20:46 AM,00:03,TVH (Transvaginal hysterectomy),No,No,2,1,Center,,,,,
25,8:20:46 AM,8:20:47 AM,00:01,TVH (Transvaginal hysterectomy),No,No,2,1,Center,,,,,
26,8:20:47 AM,8:20:51 AM,00:04,TVH (Transvaginal hysterectomy),No,No,2,1,Center,,,,,
18,8:20:51 AM,8:20:51 AM,00:00,TVH (Transvaginal hysterectomy),No,No,2,1,Center,,,,,
2,8:20:51 AM,8:20:53 AM,00:02,TVH (Transvaginal hysterectomy),No,No,2,1,Center,,,,,
1,8:20:53 AM,8:21:10 AM,00:17,TVH (Transvaginal hysterectomy),No,No,2,1,Center,,,,,
17,8:21:10 AM,8:21:16 AM,00:06,TVH (Transvaginal hysterectomy),No,No,2,1,Center,,,,,
18,8:21:16 AM,8:21:27 AM,00:11,TVH (Transvaginal hysterectomy),No,No,2,1,Center,,,,,
2,8:21:27 AM,8:22:10 AM,00:43,TVH (Transvaginal hysterectomy),No,No,2,1,Center,,,,,
18,8:22:10 AM,8:22:12 AM,00:02,TVH (Transvaginal hysterectomy),No,No,2,1,Center,,,,,
2,8:22:12 AM,8:22:13 AM,00:01,TVH (Transvaginal hysterectomy),No,No,2,1,Center,,,,,
1,8:22:13 AM,8:23:08 AM,00:55,TVH (Transvaginal hysterectomy),No,No,2,1,Center,,,,,
9,8:23:08 AM,8:23:10 AM,00:02,TVH (Transvaginal hysterectomy),No,No,2,1,Center,,,,,
25,8:23:10 AM,8:23:19 AM,00:09,TVH (Transvaginal hysterectomy),No,No,2,1,Center,,,,,
9,8:23:19 AM,8:23:21 AM,00:02,TVH (Transvaginal hysterectomy),No,No,2,1,Center,,,,,
1,8:23:21 AM,8:23:38 AM,00:17,TVH (Transvaginal hysterectomy),No,No,2,1,Center,,,,,
17,8:23:38 AM,8:23:39 AM,00:01,TVH (Transvaginal hysterectomy),No,No,2,1,Center,,,,,
1,8:23:39 AM,8:23:54 AM,00:15,TVH (Transvaginal hysterectomy),No,No,2,1,Center,,,,,
2,8:23:54 AM,8:24:17 AM,00:23,TVH (Transvaginal hysterectomy),No,No,2,1,Center,,,,,
1,8:24:17 AM,8:24:41 AM,00:24,TVH (Transvaginal hysterectomy),No,No,2,1,Center,,,,,
2,8:24:41 AM,8:25:51 AM,01:10,TVH (Transvaginal hysterectomy),No,No,2,1,Center,,,,,
1,8:25:51 AM,8:25:54 AM,00:03,TVH (Transvaginal hysterectomy),No,No,2,1,Center,,,,,
2,8:25:54 AM,8:25:56 AM,00:02,TVH (Transvaginal hysterectomy),No,No,2,1,Center,,,,,
10,8:25:56 AM,8:26:01 AM,00:05,TVH (Transvaginal hysterectomy),No,No,2,1,Center,,,,,
2,8:26:01 AM,8:27:10 AM,01:09,TVH (Transvaginal hysterectomy),No,No,2,1,Center,,,,,
6,8:27:10 AM,8:27:28 AM,00:18,TVH (Transvaginal hysterectomy),No,No,2,1,Center,,,,,
22,8:27:28 AM,8:27:38 AM,00:10,TVH (Transvaginal hysterectomy),No,No,2,1,Center,,,,,
6,8:27:38 AM,8:27:39 AM,00:01,TVH (Transvaginal hysterectomy),No,No,2,1,Center,,,,,
2,8:27:39 AM,8:27:50 AM,00:11,TVH (Transvaginal hysterectomy),No,No,2,1,Center,,,,,
18,8:27:50 AM,8:28:00 AM,00:10,TVH (Transvaginal hysterectomy),No,No,2,1,Center,,,,,
26,8:28:00 AM,8:28:01 AM,00:01,TVH (Transvaginal hysterectomy),No,No,2,1,Center,,,,,
25,8:28:01 AM,8:28:05 AM,00:04,TVH (Transvaginal hysterectomy),No,No,2,1,Center,,,,,
9,8:28:05 AM,8:28:06 AM,00:01,TVH (Transvaginal hysterectomy),No,No,2,1,Center,,,,,
1,8:28:06 AM,8:28:18 AM,00:12,TVH (Transvaginal hysterectomy),No,No,2,1,Center,,,,,
17,8:28:18 AM,8:28:20 AM,00:02,TVH (Transvaginal hysterectomy),No,No,2,1,Center,,,,,
1,8:28:20 AM,8:28:26 AM,00:06,TVH (Transvaginal hysterectomy),No,No,2,1,Center,,,,,
17,8:28:26 AM,8:28:31 AM,00:05,TVH (Transvaginal hysterectomy),No,No,2,1,Center,,,,,
1,8:28:31 AM,8:28:49 AM,00:18,TVH (Transvaginal hysterectomy),No,No,2,1,Center,,,,,
9,8:28:49 AM,8:28:51 AM,00:02,TVH (Transvaginal hysterectomy),No,No,2,1,Center,,,,,
1,8:28:51 AM,8:28:53 AM,00:02,TVH (Transvaginal hysterectomy),No,No,2,1,Center,,,,,
17,8:28:53 AM,8:29:01 AM,00:08,TVH (Transvaginal hysterectomy),No,No,2,1,Center,,,,,
1,8:29:01 AM,8:29:26 AM,00:25,TVH (Transvaginal hysterectomy),No,No,2,1,Center,,,,,
9,8:29:26 AM,8:29:28 AM,00:02,TVH (Transvaginal hysterectomy),No,No,2,1,Center,,,,,
25,8:29:28 AM,8:29:31 AM,00:03,TVH (Transvaginal hysterectomy),No,No,2,1,Center,,,,,
17,8:29:31 AM,8:29:43 AM,00:12,TVH (Transvaginal hysterectomy),No,No,2,1,Center,,,,,
1,8:29:43 AM,8:29:44 AM,00:01,TVH (Transvaginal hysterectomy),No,No,2,1,Center,,,,,
5,8:29:44 AM,8:29:46 AM,00:02,TVH (Transvaginal hysterectomy),No,No,2,1,Center,,,,,
1,8:29:46 AM,8:30:18 AM,00:32,TVH (Transvaginal hysterectomy),No,No,2,1,Center,,,,,
2,8:30:18 AM,8:30:26 AM,00:08,TVH (Transvaginal hysterectomy),No,No,2,1,Center,,,,,
10,8:30:26 AM,8:30:28 AM,00:02,TVH (Transvaginal hysterectomy),No,No,2,1,Center,,,,,
26,8:30:28 AM,8:30:46 AM,00:18,TVH (Transvaginal hysterectomy),No,No,2,1,Center,,,,,
18,8:30:46 AM,8:30:47 AM,00:01,TVH (Transvaginal hysterectomy),No,No,2,1,Center,,,,,
2,8:30:47 AM,8:30:48 AM,00:01,TVH (Transvaginal hysterectomy),No,No,2,1,Center,,,,,
1,8:30:48 AM,8:31:05 AM,00:17,TVH (Transvaginal hysterectomy),No,No,2,1,Center,,,,,
2,8:31:05 AM,8:31:07 AM,00:02,TVH (Transvaginal hysterectomy),No,No,2,1,Center,,,,,
1,8:31:07 AM,8:31:59 AM,00:52,TVH (Transvaginal hysterectomy),No,No,2,1,Center,,,,,
2,8:31:59 AM,8:32:04 AM,00:05,TVH (Transvaginal hysterectomy),No,No,3,1,Center,,,,,
6,8:32:04 AM,8:32:06 AM,00:02,TVH (Transvaginal hysterectomy),No,No,3,1,Center,,,,,
2,8:32:06 AM,8:32:07 AM,00:01,TVH (Transvaginal hysterectomy),No,No,3,1,Center,,,,,
1,8:32:07 AM,8:32:10 AM,00:03,TVH (Transvaginal hysterectomy),No,No,3,1,Center,,,,,
17,8:32:10 AM,8:32:11 AM,00:01,TVH (Transvaginal hysterectomy),No,No,3,1,Center,,,,,
1,8:32:11 AM,8:32:36 AM,00:25,TVH (Transvaginal hysterectomy),No,No,3,1,Center,,,,,
2,8:32:36 AM,8:32:53 AM,00:17,TVH (Transvaginal hysterectomy),No,No,3,1,Center,,,,,
10,8:32:53 AM,8:32:55 AM,00:02,TVH (Transvaginal hysterectomy),No,No,3,1,Center,,,,,
2,8:32:55 AM,8:32:56 AM,00:01,TVH (Transvaginal hysterectomy),No,No,3,1,Center,,,,,
6,8:32:56 AM,8:33:04 AM,00:08,TVH (Transvaginal hysterectomy),No,No,3,1,Center,,,,,
2,8:33:04 AM,8:33:15 AM,00:11,TVH (Transvaginal hysterectomy),No,No,3,1,Center,,,,,
4,8:33:15 AM,8:33:22 AM,00:07,TVH (Transvaginal hysterectomy),No,No,3,1,Center,,,,,
2,8:33:22 AM,8:33:30 AM,00:08,TVH (Transvaginal hysterectomy),No,No,3,1,Center,,,,,
18,8:33:30 AM,8:33:36 AM,00:06,TVH (Transvaginal hysterectomy),No,No,3,1,Center,,,,,
22,8:33:36 AM,8:33:36 AM,00:00,TVH (Transvaginal hysterectomy),No,No,3,1,Center,,,,,
24,8:33:36 AM,8:33:47 AM,00:11,TVH (Transvaginal hysterectomy),No,No,3,1,Center,,,,,
22,8:33:47 AM,8:33:48 AM,00:01,TVH (Transvaginal hysterectomy),No,No,3,1,Center,,,,,
18,8:33:48 AM,8:33:49 AM,00:01,TVH (Transvaginal hysterectomy),No,No,3,1,Center,,,,,
17,8:33:49 AM,8:33:49 AM,00:00,TVH (Transvaginal hysterectomy),No,No,3,1,Center,,,,,
1,8:33:49 AM,8:33:54 AM,00:05,TVH (Transvaginal hysterectomy),No,No,3,1,Center,,,,,
9,8:33:54 AM,8:33:55 AM,00:01,TVH (Transvaginal hysterectomy),No,No,3,1,Center,,,,,
1,8:33:55 AM,8:33:56 AM,00:01,TVH (Transvaginal hysterectomy),No,No,3,1,Center,,,,,
2,8:33:56 AM,8:34:01 AM,00:05,TVH (Transvaginal hysterectomy),No,No,3,1,Center,,,,,
4,8:34:01 AM,8:34:05 AM,00:04,TVH (Transvaginal hysterectomy),No,No,3,1,Center,,,,,
20,8:34:05 AM,8:34:05 AM,00:00,TVH (Transvaginal hysterectomy),No,No,3,1,Center,,,,,
18,8:34:05 AM,8:34:09 AM,00:04,TVH (Transvaginal hysterectomy),No,No,3,1,Center,,,,,
2,8:34:09 AM,8:34:11 AM,00:02,TVH (Transvaginal hysterectomy),No,No,3,1,Center,,,,,
6,8:34:11 AM,8:34:29 AM,00:18,TVH (Transvaginal hysterectomy),No,No,3,1,Center,,,,,
22,8:34:29 AM,8:34:30 AM,00:01,TVH (Transvaginal hysterectomy),No,No,3,1,Center,,,,,
18,8:34:30 AM,8:34:39 AM,00:09,TVH (Transvaginal hysterectomy),No,No,3,1,Center,,,,,
2,8:34:39 AM,8:34:40 AM,00:01,TVH (Transvaginal hysterectomy),No,No,3,1,Center,,,,,
1,8:34:40 AM,8:35:02 AM,00:22,TVH (Transvaginal hysterectomy),No,No,3,1,Center,,,,,
17,8:35:02 AM,8:35:03 AM,00:01,TVH (Transvaginal hysterectomy),No,No,4,1,Center,,,,,
1,8:35:03 AM,8:35:05 AM,00:02,TVH (Transvaginal hysterectomy),No,No,4,1,Center,,,,,
17,8:35:05 AM,8:35:06 AM,00:01,TVH (Transvaginal hysterectomy),No,No,4,1,Center,,,,,
25,8:35:06 AM,8:35:07 AM,00:01,TVH (Transvaginal hysterectomy),No,No,4,1,Center,,,,,
9,8:35:07 AM,8:35:09 AM,00:02,TVH (Transvaginal hysterectomy),No,No,4,1,Center,,,,,
1,8:35:09 AM,8:35:11 AM,00:02,TVH (Transvaginal hysterectomy),No,No,4,1,Center,,,,,
9,8:35:11 AM,8:35:13 AM,00:02,TVH (Transvaginal hysterectomy),No,No,4,1,Center,,,,,
13,8:35:13 AM,8:35:14 AM,00:01,TVH (Transvaginal hysterectomy),No,No,4,1,Center,,,,,
5,8:35:14 AM,8:35:14 AM,00:00,TVH (Transvaginal hysterectomy),No,No,4,1,Center,,,,,
21,8:35:14 AM,8:35:16 AM,00:02,TVH (Transvaginal hysterectomy),No,No,4,1,Center,,,,,
22,8:35:16 AM,8:35:44 AM,00:28,TVH (Transvaginal hysterectomy),No,No,4,1,Center,,,,,
18,8:35:44 AM,8:35:59 AM,00:15,TVH (Transvaginal hysterectomy),No,No,4,1,Center,,,,,
2,8:35:59 AM,8:36:02 AM,00:03,TVH (Transvaginal hysterectomy),No,No,4,1,Center,,,,,
18,8:36:02 AM,8:36:04 AM,00:02,TVH (Transvaginal hysterectomy),No,No,4,1,Center,,,,,
2,8:36:04 AM,8:36:06 AM,00:02,TVH (Transvaginal hysterectomy),No,No,4,1,Center,,,,,
18,8:36:06 AM,8:36:10 AM,00:04,TVH (Transvaginal hysterectomy),No,No,4,1,Center,,,,,
2,8:36:10 AM,8:36:11 AM,00:01,TVH (Transvaginal hysterectomy),No,No,4,1,Center,,,,,
1,8:36:11 AM,8:36:13 AM,00:02,TVH (Transvaginal hysterectomy),No,No,4,1,Center,,,,,
17,8:36:13 AM,8:36:15 AM,00:02,TVH (Transvaginal hysterectomy),No,No,4,1,Center,,,,,
25,8:36:15 AM,8:36:16 AM,00:01,TVH (Transvaginal hysterectomy),No,No,4,1,Center,,,,,
17,8:36:16 AM,8:36:17 AM,00:01,TVH (Transvaginal hysterectomy),No,No,4,1,Center,,,,,
1,8:36:17 AM,8:36:20 AM,00:03,TVH (Transvaginal hysterectomy),No,No,4,1,Center,,,,,
2,8:36:20 AM,8:36:42 AM,00:22,TVH (Transvaginal hysterectomy),No,No,4,1,Center,,,,,
18,8:36:42 AM,8:37:01 AM,00:19,TVH (Transvaginal hysterectomy),No,No,4,1,Center,,,,,
2,8:37:01 AM,8:37:03 AM,00:02,TVH (Transvaginal hysterectomy),No,No,4,1,Center,,,,,
18,8:37:03 AM,8:37:06 AM,00:03,TVH (Transvaginal hysterectomy),No,No,4,1,Center,,,,,
2,8:37:06 AM,8:37:13 AM,00:07,TVH (Transvaginal hysterectomy),No,No,4,1,Center,,,,,
10,8:37:13 AM,8:37:19 AM,00:06,TVH (Transvaginal hysterectomy),No,No,4,1,Center,,,,,
2,8:37:19 AM,8:37:21 AM,00:02,TVH (Transvaginal hysterectomy),No,No,4,1,Center,,,,,
18,8:37:21 AM,8:37:22 AM,00:01,TVH (Transvaginal hysterectomy),No,No,4,1,Center,,,,,
2,8:37:22 AM,8:37:29 AM,00:07,TVH (Transvaginal hysterectomy),No,No,4,1,Center,,,,,
1,8:37:29 AM,8:37:33 AM,00:04,TVH (Transvaginal hysterectomy),No,No,4,1,Center,,,,,
17,8:37:33 AM,8:37:37 AM,00:04,TVH (Transvaginal hysterectomy),No,No,4,1,Center,,,,,
18,8:37:37 AM,8:37:38 AM,00:01,TVH (Transvaginal hysterectomy),No,No,4,1,Center,,,,,
17,8:37:38 AM,8:37:41 AM,00:03,TVH (Transvaginal hysterectomy),No,No,4,1,Center,,,,,
1,8:37:41 AM,8:38:00 AM,00:19,TVH (Transvaginal hysterectomy),No,No,4,1,Center,,,,,
17,8:38:00 AM,8:38:03 AM,00:03,TVH (Transvaginal hysterectomy),No,No,4,1,Center,,,,,
1,8:38:03 AM,8:38:04 AM,00:01,TVH (Transvaginal hysterectomy),No,No,4,1,Center,,,,,
9,8:38:04 AM,8:38:05 AM,00:01,TVH (Transvaginal hysterectomy),No,No,4,1,Center,,,,,
1,8:38:05 AM,8:38:16 AM,00:11,TVH (Transvaginal hysterectomy),No,No,4,1,Center,,,,,
9,8:38:16 AM,8:38:16 AM,00:00,TVH (Transvaginal hysterectomy),No,No,4,1,Center,,,,,
25,8:38:16 AM,8:38:18 AM,00:02,TVH (Transvaginal hysterectomy),No,No,4,1,Center,,,,,
17,8:38:18 AM,8:38:18 AM,00:00,TVH (Transvaginal hysterectomy),No,No,4,1,Center,,,,,
1,8:38:18 AM,8:38:39 AM,00:21,TVH (Transvaginal hysterectomy),No,No,4,1,Center,,,,,
17,8:38:39 AM,8:38:41 AM,00:02,TVH (Transvaginal hysterectomy),No,No,4,1,Center,,,,,
18,8:38:41 AM,8:38:48 AM,00:07,TVH (Transvaginal hysterectomy),No,No,4,1,Center,,,,,
2,8:38:48 AM,8:38:50 AM,00:02,TVH (Transvaginal hysterectomy),No,No,4,1,Center,,,,,
1,8:38:50 AM,8:38:51 AM,00:01,TVH (Transvaginal hysterectomy),No,No,4,1,Center,,,,,
2,8:38:51 AM,8:38:52 AM,00:01,TVH (Transvaginal hysterectomy),No,No,4,1,Center,,,,,
18,8:38:52 AM,8:38:55 AM,00:03,TVH (Transvaginal hysterectomy),No,No,4,1,Center,,,,,
2,8:38:55 AM,8:38:59 AM,00:04,TVH (Transvaginal hysterectomy),No,No,4,1,Center,,,,,
1,8:38:59 AM,8:39:02 AM,00:03,TVH (Transvaginal hysterectomy),No,No,4,1,Center,,,,,
17,8:39:02 AM,8:39:16 AM,00:14,TVH (Transvaginal hysterectomy),No,No,4,1,Center,,,,,
1,8:39:16 AM,8:39:18 AM,00:02,TVH (Transvaginal hysterectomy),No,No,4,1,Center,,,,,
9,8:39:18 AM,8:39:20 AM,00:02,TVH (Transvaginal hysterectomy),No,No,4,1,Center,,,,,
1,8:39:20 AM,8:39:35 AM,00:15,TVH (Transvaginal hysterectomy),No,No,4,1,Center,,,,,
17,8:39:35 AM,8:39:38 AM,00:03,TVH (Transvaginal hysterectomy),No,No,4,1,Center,,,,,
1,8:39:38 AM,8:39:43 AM,00:05,TVH (Transvaginal hysterectomy),No,No,4,1,Center,,,,,
17,8:39:43 AM,8:39:45 AM,00:02,TVH (Transvaginal hysterectomy),No,No,4,1,Center,,,,,
1,8:39:45 AM,8:40:02 AM,00:17,TVH (Transvaginal hysterectomy),No,No,4,1,Center,,,,,
2,8:40:02 AM,8:40:09 AM,00:07,TVH (Transvaginal hysterectomy),No,No,4,1,Center,,,,,
1,8:40:09 AM,8:41:09 AM,01:00,TVH (Transvaginal hysterectomy),No,No,4,1,Center,,,,,
17,8:41:09 AM,8:41:12 AM,00:03,TVH (Transvaginal hysterectomy),No,No,4,1,Center,,,,,
25,8:41:12 AM,8:41:21 AM,00:09,TVH (Transvaginal hysterectomy),No,No,4,1,Center,,,,,
17,8:41:21 AM,8:41:22 AM,00:01,TVH (Transvaginal hysterectomy),No,No,4,1,Center,,,,,
1,8:41:22 AM,8:41:29 AM,00:07,TVH (Transvaginal hysterectomy),No,No,4,1,Center,,,,,
17,8:41:29 AM,8:41:30 AM,00:01,TVH (Transvaginal hysterectomy),No,No,4,1,Center,,,,,
1,8:41:30 AM,8:41:41 AM,00:11,TVH (Transvaginal hysterectomy),No,No,4,1,Center,,,,,
2,8:41:41 AM,8:41:43 AM,00:02,TVH (Transvaginal hysterectomy),No,No,4,1,Center,,,,,
1,8:41:43 AM,8:42:12 AM,00:29,TVH (Transvaginal hysterectomy),No,No,4,1,Center,,,,,
5,8:42:12 AM,8:42:45 AM,00:33,TVH (Transvaginal hysterectomy),No,No,4,1,Center,,,,,
6,8:42:45 AM,8:42:53 AM,00:08,TVH (Transvaginal hysterectomy),No,No,4,1,Center,,,,,
2,8:42:53 AM,8:42:54 AM,00:01,TVH (Transvaginal hysterectomy),No,No,4,1,Center,,,,,
1,8:42:54 AM,8:43:00 AM,00:06,TVH (Transvaginal hysterectomy),No,No,4,1,Center,,,,,
17,8:43:00 AM,8:43:03 AM,00:03,TVH (Transvaginal hysterectomy),No,No,4,1,Center,,,,,
18,8:43:03 AM,8:43:18 AM,00:15,TVH (Transvaginal hysterectomy),No,No,4,1,Center,,,,,
22,8:43:18 AM,8:43:20 AM,00:02,TVH (Transvaginal hysterectomy),No,No,4,1,Center,,,,,
18,8:43:20 AM,8:43:22 AM,00:02,TVH (Transvaginal hysterectomy),No,No,4,1,Center,,,,,
2,8:43:22 AM,8:43:27 AM,00:05,TVH (Transvaginal hysterectomy),No,No,4,1,Center,,,,,
18,8:43:27 AM,8:43:33 AM,00:06,TVH (Transvaginal hysterectomy),No,No,4,1,Center,,,,,
26,8:43:33 AM,8:43:48 AM,00:15,TVH (Transvaginal hysterectomy),No,No,4,1,Center,,,,,
18,8:43:48 AM,8:43:50 AM,00:02,TVH (Transvaginal hysterectomy),No,No,4,1,Center,,,,,
2,8:43:50 AM,8:43:52 AM,00:02,TVH (Transvaginal hysterectomy),No,No,4,1,Center,,,,,
18,8:43:52 AM,8:44:02 AM,00:10,TVH (Transvaginal hysterectomy),No,No,4,1,Center,,,,,
2,8:44:02 AM,8:44:05 AM,00:03,TVH (Transvaginal hysterectomy),No,No,4,1,Center,,,,,
6,8:44:05 AM,8:44:07 AM,00:02,TVH (Transvaginal hysterectomy),No,No,4,1,Center,,,,,
22,8:44:07 AM,8:44:29 AM,00:22,TVH (Transvaginal hysterectomy),No,No,4,1,Center,,,,,
6,8:44:29 AM,8:44:31 AM,00:02,TVH (Transvaginal hysterectomy),No,No,4,1,Center,,,,,
2,8:44:31 AM,8:44:32 AM,00:01,TVH (Transvaginal hysterectomy),No,No,4,1,Center,,,,,
1,8:44:32 AM,8:44:38 AM,00:06,TVH (Transvaginal hysterectomy),No,No,4,1,Center,,,,,
17,8:44:38 AM,8:44:46 AM,00:08,TVH (Transvaginal hysterectomy),No,No,4,1,Center,,,,,
21,8:44:46 AM,8:44:54 AM,00:08,TVH (Transvaginal hysterectomy),No,No,4,1,Center,,,,,
22,8:44:54 AM,8:45:13 AM,00:19,TVH (Transvaginal hysterectomy),No,No,4,1,Center,,,,,
18,8:45:13 AM,8:45:14 AM,00:01,TVH (Transvaginal hysterectomy),No,No,4,1,Center,,,,,
2,8:45:14 AM,8:45:17 AM,00:03,TVH (Transvaginal hysterectomy),No,No,4,1,Center,,,,,
18,8:45:17 AM,8:45:24 AM,00:07,TVH (Transvaginal hysterectomy),No,No,4,1,Center,,,,,
26,8:45:24 AM,8:45:43 AM,00:19,TVH (Transvaginal hysterectomy),No,No,4,1,Center,,,,,
10,8:45:43 AM,8:45:44 AM,00:01,TVH (Transvaginal hysterectomy),No,No,4,1,Center,,,,,
2,8:45:44 AM,8:45:47 AM,00:03,TVH (Transvaginal hysterectomy),No,No,4,1,Center,,,,,
18,8:45:47 AM,8:45:49 AM,00:02,TVH (Transvaginal hysterectomy),No,No,4,1,Center,,,,,
26,8:45:49 AM,8:45:50 AM,00:01,TVH (Transvaginal hysterectomy),No,No,4,1,Center,,,,,
10,8:45:50 AM,8:45:53 AM,00:03,TVH (Transvaginal hysterectomy),No,No,4,1,Center,,,,,
26,8:45:53 AM,8:45:55 AM,00:02,TVH (Transvaginal hysterectomy),No,No,4,1,Center,,,,,
18,8:45:55 AM,8:46:03 AM,00:08,TVH (Transvaginal hysterectomy),No,No,4,1,Center,,,,,
22,8:46:03 AM,8:46:05 AM,00:02,TVH (Transvaginal hysterectomy),No,No,4,1,Center,,,,,
18,8:46:05 AM,8:46:08 AM,00:03,TVH (Transvaginal hysterectomy),No,No,4,1,Center,,,,,
2,8:46:08 AM,8:46:09 AM,00:01,TVH (Transvaginal hysterectomy),No,No,4,1,Center,,,,,
1,8:46:09 AM,8:46:12 AM,00:03,TVH (Transvaginal hysterectomy),No,No,4,1,Center,,,,,
17,8:46:12 AM,8:46:13 AM,00:01,TVH (Transvaginal hysterectomy),No,No,4,1,Center,,,,,
18,8:46:13 AM,8:46:20 AM,00:07,TVH (Transvaginal hysterectomy),No,No,4,1,Center,,,,,
22,8:46:20 AM,8:46:27 AM,00:07,TVH (Transvaginal hysterectomy),No,No,4,1,Center,,,,,
18,8:46:27 AM,8:46:41 AM,00:14,TVH (Transvaginal hysterectomy),No,No,4,1,Center,,,,,
26,8:46:41 AM,8:46:43 AM,00:02,TVH (Transvaginal hysterectomy),No,No,4,1,Center,,,,,
25,8:46:43 AM,8:46:52 AM,00:09,TVH (Transvaginal hysterectomy),No,No,4,1,Center,,,,,
17,8:46:52 AM,8:47:09 AM,00:17,TVH (Transvaginal hysterectomy),No,No,4,1,Center,,,,,
21,8:47:09 AM,8:47:11 AM,00:02,TVH (Transvaginal hysterectomy),No,No,4,1,Center,,,,,
29,8:47:11 AM,8:47:12 AM,00:01,TVH (Transvaginal hysterectomy),No,No,4,1,Center,,,,,
21,8:47:12 AM,8:47:14 AM,00:02,TVH (Transvaginal hysterectomy),No,No,4,1,Center,,,,,
17,8:47:14 AM,8:47:15 AM,00:01,TVH (Transvaginal hysterectomy),No,No,4,1,Center,,,,,
18,8:47:15 AM,8:47:19 AM,00:04,TVH (Transvaginal hysterectomy),No,No,4,1,Center,,,,,
26,8:47:19 AM,8:47:29 AM,00:10,TVH (Transvaginal hysterectomy),No,No,4,1,Center,,,,,
18,8:47:29 AM,8:47:30 AM,00:01,TVH (Transvaginal hysterectomy),No,No,4,1,Center,,,,,
2,8:47:30 AM,8:47:31 AM,00:01,TVH (Transvaginal hysterectomy),No,No,4,1,Center,,,,,
1,8:47:31 AM,8:47:38 AM,00:07,TVH (Transvaginal hysterectomy),No,No,4,1,Center,,,,,
2,8:47:38 AM,8:47:46 AM,00:08,TVH (Transvaginal hysterectomy),No,No,4,1,Center,,,,,
18,8:47:46 AM,8:47:57 AM,00:11,TVH (Transvaginal hysterectomy),No,No,4,1,Center,,,,,
26,8:47:57 AM,8:47:59 AM,00:02,TVH (Transvaginal hysterectomy),No,No,4,1,Center,,,,,
18,8:47:59 AM,8:48:01 AM,00:02,TVH (Transvaginal hysterectomy),No,No,4,1,Center,,,,,
2,8:48:01 AM,8:48:02 AM,00:01,TVH (Transvaginal hysterectomy),No,No,4,1,Center,,,,,
1,8:48:02 AM,8:48:13 AM,00:11,TVH (Transvaginal hysterectomy),No,No,4,1,Center,,,,,
17,8:48:13 AM,8:48:14 AM,00:01,TVH (Transvaginal hysterectomy),No,No,4,1,Center,,,,,
18,8:48:14 AM,8:48:16 AM,00:02,TVH (Transvaginal hysterectomy),No,No,4,1,Center,,,,,
22,8:48:16 AM,8:48:59 AM,00:43,TVH (Transvaginal hysterectomy),No,No,4,1,Center,,,,,
30,8:48:59 AM,8:49:00 AM,00:01,TVH (Transvaginal hysterectomy),No,No,4,1,Center,,,,,
14,8:49:00 AM,8:49:01 AM,00:01,TVH (Transvaginal hysterectomy),No,No,4,1,Center,,,,,
10,8:49:01 AM,8:49:03 AM,00:02,TVH (Transvaginal hysterectomy),No,No,4,1,Center,,,,,
9,8:49:03 AM,8:49:09 AM,00:06,TVH (Transvaginal hysterectomy),No,No,4,1,Center,,,,,
13,8:49:09 AM,8:49:10 AM,00:01,TVH (Transvaginal hysterectomy),No,No,4,1,Center,,,,,
5,8:49:10 AM,8:49:11 AM,00:01,TVH (Transvaginal hysterectomy),No,No,4,1,Center,,,,,
21,8:49:11 AM,8:49:14 AM,00:03,TVH (Transvaginal hysterectomy),No,No,4,1,Center,,,,,
17,8:49:14 AM,8:49:17 AM,00:03,TVH (Transvaginal hysterectomy),No,No,4,1,Center,,,,,
25,8:49:17 AM,8:49:20 AM,00:03,TVH (Transvaginal hysterectomy),No,No,4,1,Center,,,,,
17,8:49:20 AM,8:49:22 AM,00:02,TVH (Transvaginal hysterectomy),No,No,4,1,Center,,,,,
18,8:49:22 AM,8:49:37 AM,00:15,TVH (Transvaginal hysterectomy),No,No,4,1,Center,,,,,
2,8:49:37 AM,8:49:38 AM,00:01,TVH (Transvaginal hysterectomy),No,No,4,1,Center,,,,,
10,8:49:38 AM,8:49:39 AM,00:01,TVH (Transvaginal hysterectomy),No,No,4,1,Center,,,,,
2,8:49:39 AM,8:49:45 AM,00:06,TVH (Transvaginal hysterectomy),No,No,4,1,Center,,,,,
10,8:49:45 AM,8:49:47 AM,00:02,TVH (Transvaginal hysterectomy),No,No,4,1,Center,,,,,
2,8:49:47 AM,8:49:54 AM,00:07,TVH (Transvaginal hysterectomy),No,No,4,1,Center,,,,,
18,8:49:54 AM,8:50:05 AM,00:11,TVH (Transvaginal hysterectomy),No,No,4,1,Center,,,,,
26,8:50:05 AM,8:50:06 AM,00:01,TVH (Transvaginal hysterectomy),No,No,4,1,Center,,,,,
10,8:50:06 AM,8:50:08 AM,00:02,TVH (Transvaginal hysterectomy),No,No,4,1,Center,,,,,
26,8:50:08 AM,8:50:24 AM,00:16,TVH (Transvaginal hysterectomy),No,No,4,1,Center,,,,,
10,8:50:24 AM,8:50:25 AM,00:01,TVH (Transvaginal hysterectomy),No,No,4,1,Center,,,,,
2,8:50:25 AM,8:50:30 AM,00:05,TVH (Transvaginal hysterectomy),No,No,4,1,Center,,,,,
1,8:50:30 AM,8:50:33 AM,00:03,TVH (Transvaginal hysterectomy),No,No,4,1,Center,,,,,
2,8:50:33 AM,8:50:34 AM,00:01,TVH (Transvaginal hysterectomy),No,No,4,1,Center,,,,,
18,8:50:34 AM,8:50:37 AM,00:03,TVH (Transvaginal hysterectomy),No,No,4,1,Center,,,,,
22,8:50:37 AM,8:50:41 AM,00:04,TVH (Transvaginal hysterectomy),No,No,4,1,Center,,,,,
18,8:50:41 AM,8:50:42 AM,00:01,TVH (Transvaginal hysterectomy),No,No,4,1,Center,,,,,
20,8:50:42 AM,8:50:43 AM,00:01,TVH (Transvaginal hysterectomy),No,No,4,1,Center,,,,,
18,8:50:43 AM,8:50:45 AM,00:02,TVH (Transvaginal hysterectomy),No,No,4,1,Center,,,,,
17,8:50:45 AM,8:50:48 AM,00:03,TVH (Transvaginal hysterectomy),No,No,4,1,Center,,,,,
1,8:50:48 AM,8:50:54 AM,00:06,TVH (Transvaginal hysterectomy),No,No,4,1,Center,,,,,
2,8:50:54 AM,8:51:01 AM,00:07,TVH (Transvaginal hysterectomy),No,No,4,1,Center,,,,,
1,8:51:01 AM,8:51:06 AM,00:05,TVH (Transvaginal hysterectomy),No,No,4,1,Center,,,,,
17,8:51:06 AM,8:51:06 AM,00:00,TVH (Transvaginal hysterectomy),No,No,4,1,Center,,,,,
18,8:51:06 AM,8:51:10 AM,00:04,TVH (Transvaginal hysterectomy),No,No,4,1,Center,,,,,
22,8:51:10 AM,8:51:18 AM,00:08,TVH (Transvaginal hysterectomy),No,No,4,1,Center,,,,,
18,8:51:18 AM,8:51:28 AM,00:10,TVH (Transvaginal hysterectomy),No,No,4,1,Center,,,,,
2,8:51:28 AM,8:51:31 AM,00:03,TVH (Transvaginal hysterectomy),No,No,4,1,Center,,,,,
18,8:51:31 AM,8:51:32 AM,00:01,TVH (Transvaginal hysterectomy),No,No,4,1,Center,,,,,
2,8:51:32 AM,8:51:35 AM,00:03,TVH (Transvaginal hysterectomy),No,No,4,1,Center,,,,,
18,8:51:35 AM,8:51:38 AM,00:03,TVH (Transvaginal hysterectomy),No,No,4,1,Center,,,,,
17,8:51:38 AM,8:51:45 AM,00:07,TVH (Transvaginal hysterectomy),No,No,4,1,Center,,,,,
18,8:51:45 AM,8:51:47 AM,00:02,TVH (Transvaginal hysterectomy),No,No,4,1,Center,,,,,
26,8:51:47 AM,8:52:09 AM,00:22,TVH (Transvaginal hysterectomy),No,No,4,1,Center,,,,,
18,8:52:09 AM,8:52:31 AM,00:22,TVH (Transvaginal hysterectomy),No,No,4,1,Center,,,,,
2,8:52:31 AM,8:52:32 AM,00:01,TVH (Transvaginal hysterectomy),No,No,4,1,Center,,,,,
1,8:52:32 AM,8:52:45 AM,00:13,TVH (Transvaginal hysterectomy),No,No,4,1,Center,,,,,
2,8:52:45 AM,8:52:48 AM,00:03,TVH (Transvaginal hysterectomy),No,No,4,1,Center,,,,,
18,8:52:48 AM,8:53:00 AM,00:12,TVH (Transvaginal hysterectomy),No,No,4,1,Center,,,,,
2,8:53:00 AM,8:53:04 AM,00:04,TVH (Transvaginal hysterectomy),No,No,4,1,Center,,,,,
1,8:53:04 AM,8:53:04 AM,00:00,TVH (Transvaginal hysterectomy),No,No,4,1,Center,,,,,
17,8:53:04 AM,8:53:08 AM,00:04,TVH (Transvaginal hysterectomy),No,No,4,1,Center,,,,,
18,8:53:08 AM,8:53:15 AM,00:07,TVH (Transvaginal hysterectomy),No,No,4,1,Center,,,,,
26,8:53:15 AM,8:53:16 AM,00:01,TVH (Transvaginal hysterectomy),No,No,4,1,Center,,,,,
18,8:53:16 AM,8:53:18 AM,00:02,TVH (Transvaginal hysterectomy),No,No,4,1,Center,,,,,
2,8:53:18 AM,8:53:18 AM,00:00,TVH (Transvaginal hysterectomy),No,No,4,1,Center,,,,,
1,8:53:18 AM,8:53:46 AM,00:28,TVH (Transvaginal hysterectomy),No,No,4,1,Center,,,,,
2,8:53:46 AM,8:54:14 AM,00:28,TVH (Transvaginal hysterectomy),No,No,4,1,Center,,,,,
18,8:54:14 AM,8:55:23 AM,01:09,TVH (Transvaginal hysterectomy),No,No,4,1,Center,,,,,
26,8:55:23 AM,8:55:24 AM,00:01,TVH (Transvaginal hysterectomy),No,No,4,1,Center,,,,,
10,8:55:24 AM,8:55:26 AM,00:02,TVH (Transvaginal hysterectomy),No,No,4,1,Center,,,,,
2,8:55:26 AM,8:55:26 AM,00:00,TVH (Transvaginal hysterectomy),No,No,4,1,Center,,,,,
1,8:55:26 AM,8:55:32 AM,00:06,TVH (Transvaginal hysterectomy),No,No,4,1,Center,,,,,
17,8:55:32 AM,8:55:40 AM,00:08,TVH (Transvaginal hysterectomy),No,No,4,1,Center,,,,,
18,8:55:40 AM,8:56:03 AM,00:23,TVH (Transvaginal hysterectomy),No,No,4,1,Center,,,,,
2,8:56:03 AM,8:56:05 AM,00:02,TVH (Transvaginal hysterectomy),No,No,4,1,Center,,,,,
1,8:56:05 AM,8:56:08 AM,00:03,TVH (Transvaginal hysterectomy),No,No,4,1,Center,,,,,
2,8:56:08 AM,8:56:09 AM,00:01,TVH (Transvaginal hysterectomy),No,No,4,1,Center,,,,,
18,8:56:09 AM,8:56:16 AM,00:07,TVH (Transvaginal hysterectomy),No,No,4,1,Center,,,,,
17,8:56:16 AM,8:56:34 AM,00:18,TVH (Transvaginal hysterectomy),No,No,4,1,Center,,,,,
1,8:56:34 AM,8:56:36 AM,00:02,TVH (Transvaginal hysterectomy),No,No,4,1,Center,,,,,
9,8:56:36 AM,8:56:40 AM,00:04,TVH (Transvaginal hysterectomy),No,No,4,1,Center,,,,,
1,8:56:40 AM,8:56:44 AM,00:04,TVH (Transvaginal hysterectomy),No,No,4,1,Center,,,,,
2,8:56:44 AM,8:57:23 AM,00:39,TVH (Transvaginal hysterectomy),No,No,4,1,Center,,,,,
1,8:57:23 AM,8:57:35 AM,00:12,TVH (Transvaginal hysterectomy),No,No,4,1,Center,,,,,
2,8:57:35 AM,8:57:37 AM,00:02,TVH (Transvaginal hysterectomy),No,No,4,1,Center,,,,,
18,8:57:37 AM,8:57:46 AM,00:09,TVH (Transvaginal hysterectomy),No,No,4,1,Center,,,,,
26,8:57:46 AM,8:57:50 AM,00:04,TVH (Transvaginal hysterectomy),No,No,4,1,Center,,,,,
18,8:57:50 AM,8:58:17 AM,00:27,TVH (Transvaginal hysterectomy),No,No,4,1,Center,,,,,
2,8:58:17 AM,8:58:18 AM,00:01,TVH (Transvaginal hysterectomy),No,No,4,1,Center,,,,,
18,8:58:18 AM,8:58:21 AM,00:03,TVH (Transvaginal hysterectomy),No,No,4,1,Center,,,,,
2,8:58:21 AM,8:58:23 AM,00:02,TVH (Transvaginal hysterectomy),No,No,4,1,Center,,,,,
18,8:58:23 AM,8:58:37 AM,00:14,TVH (Transvaginal hysterectomy),No,No,4,1,Center,,,,,
2,8:58:37 AM,8:58:40 AM,00:03,TVH (Transvaginal hysterectomy),No,No,4,1,Center,,,,,
1,8:58:40 AM,8:58:42 AM,00:02,TVH (Transvaginal hysterectomy),No,No,4,1,Center,,,,,
5,8:58:42 AM,8:58:44 AM,00:02,TVH (Transvaginal hysterectomy),No,No,4,1,Center,,,,,
21,8:58:44 AM,8:59:12 AM,00:28,TVH (Transvaginal hysterectomy),No,No,4,1,Center,,,,,
22,8:59:12 AM,8:59:25 AM,00:13,TVH (Transvaginal hysterectomy),No,No,4,1,Center,,,,,
24,8:59:25 AM,8:59:26 AM,00:01,TVH (Transvaginal hysterectomy),No,No,4,1,Center,,,,,
20,8:59:26 AM,8:59:32 AM,00:06,TVH (Transvaginal hysterectomy),No,No,4,1,Center,,,,,
18,8:59:32 AM,8:59:34 AM,00:02,TVH (Transvaginal hysterectomy),No,No,4,1,Center,,,,,
17,8:59:34 AM,8:59:40 AM,00:06,TVH (Transvaginal hysterectomy),No,No,4,1,Center,,,,,
1,8:59:40 AM,8:59:47 AM,00:07,TVH (Transvaginal hysterectomy),No,No,4,1,Center,,,,,
17,8:59:47 AM,8:59:50 AM,00:03,TVH (Transvaginal hysterectomy),No,No,4,1,Center,,,,,
19,8:59:50 AM,8:59:51 AM,00:01,TVH (Transvaginal hysterectomy),No,No,4,1,Center,,,,,
17,8:59:51 AM,9:00:03 AM,00:12,TVH (Transvaginal hysterectomy),No,No,4,1,Center,,,,,
18,9:00:03 AM,9:00:16 AM,00:13,TVH (Transvaginal hysterectomy),No,No,4,1,Center,,,,,
20,9:00:16 AM,9:00:21 AM,00:05,TVH (Transvaginal hysterectomy),No,No,4,1,Center,,,,,
24,9:00:21 AM,9:00:27 AM,00:06,TVH (Transvaginal hysterectomy),No,No,4,1,Center,,,,,
22,9:00:27 AM,9:00:28 AM,00:01,TVH (Transvaginal hysterectomy),No,No,4,1,Center,,,,,
18,9:00:28 AM,9:00:31 AM,00:03,TVH (Transvaginal hysterectomy),No,No,4,1,Center,,,,,
2,9:00:31 AM,9:00:31 AM,00:00,TVH (Transvaginal hysterectomy),No,No,4,1,Center,,,,,
1,9:00:31 AM,9:01:05 AM,00:34,TVH (Transvaginal hysterectomy),No,No,4,1,Center,,,,,
2,9:01:05 AM,9:01:07 AM,00:02,TVH (Transvaginal hysterectomy),No,No,4,1,Center,,,,,
1,9:01:07 AM,9:01:11 AM,00:04,TVH (Transvaginal hysterectomy),No,No,4,1,Center,,,,,
2,9:01:11 AM,9:01:36 AM,00:25,TVH (Transvaginal hysterectomy),No,No,4,1,Center,,,,,
18,9:01:36 AM,9:01:37 AM,00:01,TVH (Transvaginal hysterectomy),No,No,4,1,Center,,,,,
17,9:01:37 AM,9:01:51 AM,00:14,TVH (Transvaginal hysterectomy),No,No,4,1,Center,,,,,
1,9:01:51 AM,9:01:53 AM,00:02,TVH (Transvaginal hysterectomy),No,No,4,1,Center,,,,,
2,9:01:53 AM,9:01:54 AM,00:01,TVH (Transvaginal hysterectomy),No,No,4,1,Center,,,,,
18,9:01:54 AM,9:01:55 AM,00:01,TVH (Transvaginal hysterectomy),No,No,4,1,Center,,,,,
22,9:01:55 AM,9:02:48 AM,00:53,TVH (Transvaginal hysterectomy),No,No,4,1,Center,,,,,
18,9:02:48 AM,9:03:16 AM,00:28,TVH (Transvaginal hysterectomy),No,No,4,1,Center,,,,,
2,9:03:16 AM,9:03:19 AM,00:03,TVH (Transvaginal hysterectomy),No,No,4,1,Center,,,,,
1,9:03:19 AM,9:03:32 AM,00:13,TVH (Transvaginal hysterectomy),No,No,4,1,Center,,,,,
17,9:03:32 AM,9:03:32 AM,00:00,TVH (Transvaginal hysterectomy),No,No,4,1,Center,,,,,
18,9:03:32 AM,9:03:38 AM,00:06,TVH (Transvaginal hysterectomy),No,No,4,1,Center,,,,,
22,9:03:38 AM,9:03:45 AM,00:07,TVH (Transvaginal hysterectomy),No,No,4,1,Center,,,,,
18,9:03:45 AM,9:03:52 AM,00:07,TVH (Transvaginal hysterectomy),No,No,4,1,Center,,,,,
2,9:03:52 AM,9:03:54 AM,00:02,TVH (Transvaginal hysterectomy),No,No,4,1,Center,,,,,
18,9:03:54 AM,9:04:21 AM,00:27,TVH (Transvaginal hysterectomy),No,No,4,1,Center,,,,,
2,9:04:21 AM,9:04:25 AM,00:04,TVH (Transvaginal hysterectomy),No,No,4,1,Center,,,,,
1,9:04:25 AM,9:04:44 AM,00:19,TVH (Transvaginal hysterectomy),No,No,4,1,Center,,,,,
9,9:04:44 AM,9:04:46 AM,00:02,TVH (Transvaginal hysterectomy),No,No,4,1,Center,,,,,
1,9:04:46 AM,9:04:47 AM,00:01,TVH (Transvaginal hysterectomy),No,No,4,1,Center,,,,,
5,9:04:47 AM,9:04:48 AM,00:01,TVH (Transvaginal hysterectomy),No,No,4,1,Center,,,,,
21,9:04:48 AM,9:04:50 AM,00:02,TVH (Transvaginal hysterectomy),No,No,4,1,Center,,,,,
22,9:04:50 AM,9:04:52 AM,00:02,TVH (Transvaginal hysterectomy),No,No,4,1,Center,,,,,
6,9:04:52 AM,9:04:57 AM,00:05,TVH (Transvaginal hysterectomy),No,No,4,1,Center,,,,,
2,9:04:57 AM,9:04:59 AM,00:02,TVH (Transvaginal hysterectomy),No,No,4,1,Center,,,,,
1,9:04:59 AM,9:05:09 AM,00:10,TVH (Transvaginal hysterectomy),No,No,4,1,Center,,,,,
2,9:05:09 AM,9:05:16 AM,00:07,TVH (Transvaginal hysterectomy),No,No,4,1,Center,,,,,
18,9:05:16 AM,9:05:19 AM,00:03,TVH (Transvaginal hysterectomy),No,No,4,1,Center,,,,,
2,9:05:19 AM,9:05:32 AM,00:13,TVH (Transvaginal hysterectomy),No,No,4,1,Center,,,,,
18,9:05:32 AM,9:05:33 AM,00:01,TVH (Transvaginal hysterectomy),No,No,4,1,Center,,,,,
2,9:05:33 AM,9:05:36 AM,00:03,TVH (Transvaginal hysterectomy),No,No,4,1,Center,,,,,
18,9:05:36 AM,9:06:00 AM,00:24,TVH (Transvaginal hysterectomy),No,No,4,1,Center,,,,,
2,9:06:00 AM,9:06:01 AM,00:01,TVH (Transvaginal hysterectomy),No,No,4,1,Center,,,,,
18,9:06:01 AM,9:06:01 AM,00:00,TVH (Transvaginal hysterectomy),No,No,4,1,Center,,,,,
2,9:06:01 AM,9:06:06 AM,00:05,TVH (Transvaginal hysterectomy),No,No,4,1,Center,,,,,
1,9:06:06 AM,9:06:07 AM,00:01,TVH (Transvaginal hysterectomy),No,No,4,1,Center,,,,,
2,9:06:07 AM,9:06:19 AM,00:12,TVH (Transvaginal hysterectomy),No,No,4,1,Center,,,,,
18,9:06:19 AM,9:06:31 AM,00:12,TVH (Transvaginal hysterectomy),No,No,4,1,Center,,,,,
2,9:06:31 AM,9:06:34 AM,00:03,TVH (Transvaginal hysterectomy),No,No,4,1,Center,,,,,
18,9:06:34 AM,9:06:36 AM,00:02,TVH (Transvaginal hysterectomy),No,No,4,1,Center,,,,,
22,9:06:36 AM,9:06:42 AM,00:06,TVH (Transvaginal hysterectomy),No,No,4,1,Center,,,,,
6,9:06:42 AM,9:06:45 AM,00:03,TVH (Transvaginal hysterectomy),No,No,4,1,Center,,,,,
2,9:06:45 AM,9:06:58 AM,00:13,TVH (Transvaginal hysterectomy),No,No,4,1,Center,,,,,
10,9:06:58 AM,9:06:59 AM,00:01,TVH (Transvaginal hysterectomy),No,No,4,1,Center,,,,,
2,9:06:59 AM,9:07:02 AM,00:03,TVH (Transvaginal hysterectomy),No,No,4,1,Center,,,,,
18,9:07:02 AM,9:07:03 AM,00:01,TVH (Transvaginal hysterectomy),No,No,4,1,Center,,,,,
2,9:07:03 AM,9:07:33 AM,00:30,TVH (Transvaginal hysterectomy),No,No,4,1,Center,,,,,
18,9:07:33 AM,9:07:34 AM,00:01,TVH (Transvaginal hysterectomy),No,No,4,1,Center,,,,,
22,9:07:34 AM,9:07:37 AM,00:03,TVH (Transvaginal hysterectomy),No,No,4,1,Center,,,,,
6,9:07:37 AM,9:07:42 AM,00:05,TVH (Transvaginal hysterectomy),No,No,4,1,Center,,,,,
22,9:07:42 AM,9:07:43 AM,00:01,TVH (Transvaginal hysterectomy),No,No,4,1,Center,,,,,
18,9:07:43 AM,9:07:45 AM,00:02,TVH (Transvaginal hysterectomy),No,No,4,1,Center,,,,,
17,9:07:45 AM,9:08:07 AM,00:22,TVH (Transvaginal hysterectomy),No,No,4,1,Center,,,,,
1,9:08:07 AM,9:08:10 AM,00:03,TVH (Transvaginal hysterectomy),No,No,4,1,Center,,,,,
17,9:08:10 AM,9:08:11 AM,00:01,TVH (Transvaginal hysterectomy),No,No,4,1,Center,,,,,
18,9:08:11 AM,9:08:45 AM,00:34,TVH (Transvaginal hysterectomy),No,No,4,1,Center,,,,,
2,9:08:45 AM,9:08:56 AM,00:11,TVH (Transvaginal hysterectomy),No,No,4,1,Center,,,,,
10,9:08:56 AM,9:08:58 AM,00:02,TVH (Transvaginal hysterectomy),No,No,4,1,Center,,,,,
26,9:08:58 AM,9:09:01 AM,00:03,TVH (Transvaginal hysterectomy),No,No,4,1,Center,,,,,
30,9:09:01 AM,9:09:21 AM,00:20,TVH (Transvaginal hysterectomy),No,No,4,1,Center,,,,,
26,9:09:21 AM,9:09:22 AM,00:01,TVH (Transvaginal hysterectomy),No,No,4,1,Center,,,,,
25,9:09:22 AM,9:09:32 AM,00:10,TVH (Transvaginal hysterectomy),No,No,4,1,Center,,,,,
17,9:09:32 AM,9:09:50 AM,00:18,TVH (Transvaginal hysterectomy),No,No,4,1,Center,,,,,
18,9:09:50 AM,9:09:56 AM,00:06,TVH (Transvaginal hysterectomy),No,No,4,1,Center,,,,,
2,9:09:56 AM,9:10:08 AM,00:12,TVH (Transvaginal hysterectomy),No,No,4,1,Center,,,,,
18,9:10:08 AM,9:10:26 AM,00:18,TVH (Transvaginal hysterectomy),No,No,4,1,Center,,,,,
2,9:10:26 AM,9:10:26 AM,00:00,TVH (Transvaginal hysterectomy),No,No,4,1,Center,,,,,
1,9:10:26 AM,9:10:35 AM,00:09,TVH (Transvaginal hysterectomy),No,No,4,1,Center,,,,,
2,9:10:35 AM,9:10:44 AM,00:09,TVH (Transvaginal hysterectomy),No,No,4,1,Center,,,,,
6,9:10:44 AM,9:10:50 AM,00:06,TVH (Transvaginal hysterectomy),No,No,4,1,Center,,,,,
2,9:10:50 AM,9:11:17 AM,00:27,TVH (Transvaginal hysterectomy),No,No,4,1,Center,,,,,
18,9:11:17 AM,9:11:23 AM,00:06,TVH (Transvaginal hysterectomy),No,No,4,1,Center,,,,,
22,9:11:23 AM,9:12:33 AM,01:10,TVH (Transvaginal hysterectomy),No,No,4,1,Center,,,,,
21,9:12:33 AM,9:12:37 AM,00:04,TVH (Transvaginal hysterectomy),No,No,4,1,Center,,,,,
17,9:12:37 AM,9:12:41 AM,00:04,TVH (Transvaginal hysterectomy),No,No,4,1,Center,,,,,
18,9:12:41 AM,9:12:50 AM,00:09,TVH (Transvaginal hysterectomy),No,No,4,1,Center,,,,,
20,9:12:50 AM,9:12:52 AM,00:02,TVH (Transvaginal hysterectomy),No,No,4,1,Center,,,,,
18,9:12:52 AM,9:12:58 AM,00:06,TVH (Transvaginal hysterectomy),No,No,4,1,Center,,,,,
2,9:12:58 AM,9:13:01 AM,00:03,TVH (Transvaginal hysterectomy),No,No,4,1,Center,,,,,
1,9:13:01 AM,9:13:06 AM,00:05,TVH (Transvaginal hysterectomy),No,No,4,1,Center,,,,,
5,9:13:06 AM,9:13:06 AM,00:00,TVH (Transvaginal hysterectomy),No,No,4,1,Center,,,,,
13,9:13:06 AM,9:13:09 AM,00:03,TVH (Transvaginal hysterectomy),No,No,4,1,Center,,,,,
14,9:13:09 AM,9:13:20 AM,00:11,TVH (Transvaginal hysterectomy),No,No,4,1,Center,,,,,
6,9:13:20 AM,9:13:27 AM,00:07,TVH (Transvaginal hysterectomy),No,No,4,1,Center,,,,,
2,9:13:27 AM,9:13:32 AM,00:05,TVH (Transvaginal hysterectomy),No,No,4,1,Center,,,,,
18,9:13:32 AM,9:13:35 AM,00:03,TVH (Transvaginal hysterectomy),No,No,4,1,Center,,,,,
2,9:13:35 AM,9:13:37 AM,00:02,TVH (Transvaginal hysterectomy),No,No,4,1,Center,,,,,
10,9:13:37 AM,9:13:47 AM,00:10,TVH (Transvaginal hysterectomy),No,No,4,1,Center,,,,,
2,9:13:47 AM,9:13:50 AM,00:03,TVH (Transvaginal hysterectomy),No,No,4,1,Center,,,,,
18,9:13:50 AM,9:14:00 AM,00:10,TVH (Transvaginal hysterectomy),No,No,4,1,Center,,,,,
2,9:14:00 AM,9:14:02 AM,00:02,TVH (Transvaginal hysterectomy),No,No,4,1,Center,,,,,
18,9:14:02 AM,9:14:11 AM,00:09,TVH (Transvaginal hysterectomy),No,No,4,1,Center,,,,,
2,9:14:11 AM,9:14:17 AM,00:06,TVH (Transvaginal hysterectomy),No,No,4,1,Center,,,,,
10,9:14:17 AM,9:14:18 AM,00:01,TVH (Transvaginal hysterectomy),No,No,4,1,Center,,,,,
26,9:14:18 AM,9:14:24 AM,00:06,TVH (Transvaginal hysterectomy),No,No,4,1,Center,,,,,
10,9:14:24 AM,9:14:25 AM,00:01,TVH (Transvaginal hysterectomy),No,No,4,1,Center,,,,,
2,9:14:25 AM,9:14:30 AM,00:05,TVH (Transvaginal hysterectomy),No,No,4,1,Center,,,,,
18,9:14:30 AM,9:14:32 AM,00:02,TVH (Transvaginal hysterectomy),No,No,4,1,Center,,,,,
2,9:14:32 AM,9:14:39 AM,00:07,TVH (Transvaginal hysterectomy),No,No,4,1,Center,,,,,
18,9:14:39 AM,9:14:41 AM,00:02,TVH (Transvaginal hysterectomy),No,No,4,1,Center,,,,,
2,9:14:41 AM,9:14:56 AM,00:15,TVH (Transvaginal hysterectomy),No,No,4,1,Center,,,,,
18,9:14:56 AM,9:15:19 AM,00:23,TVH (Transvaginal hysterectomy),No,No,4,1,Center,,,,,
22,9:15:19 AM,9:15:26 AM,00:07,TVH (Transvaginal hysterectomy),No,No,4,1,Center,,,,,
18,9:15:26 AM,9:15:53 AM,00:27,TVH (Transvaginal hysterectomy),No,No,4,1,Center,,,,,
20,9:15:53 AM,9:15:55 AM,00:02,TVH (Transvaginal hysterectomy),No,No,4,1,Center,,,,,
18,9:15:55 AM,9:16:37 AM,00:42,TVH (Transvaginal hysterectomy),No,No,4,1,Center,,,,,
26,9:16:37 AM,9:16:39 AM,00:02,TVH (Transvaginal hysterectomy),No,No,4,1,Center,,,,,
18,9:16:39 AM,9:16:41 AM,00:02,TVH (Transvaginal hysterectomy),No,No,4,1,Center,,,,,
22,9:16:41 AM,9:16:44 AM,00:03,TVH (Transvaginal hysterectomy),No,No,4,1,Center,,,,,
18,9:16:44 AM,9:16:50 AM,00:06,TVH (Transvaginal hysterectomy),No,No,4,1,Center,,,,,
26,9:16:50 AM,9:16:52 AM,00:02,TVH (Transvaginal hysterectomy),No,No,4,1,Center,,,,,
18,9:16:52 AM,9:17:09 AM,00:17,TVH (Transvaginal hysterectomy),No,No,4,1,Center,,,,,
2,9:17:09 AM,9:17:09 AM,00:00,TVH (Transvaginal hysterectomy),No,No,4,1,Left,,,,,
1,9:17:09 AM,9:18:25 AM,01:16,TVH (Transvaginal hysterectomy),No,No,4,1,Left,,,,,
2,9:18:25 AM,9:18:26 AM,00:01,TVH (Transvaginal hysterectomy),No,No,4,1,Center,,,,,
18,9:18:26 AM,9:18:35 AM,00:09,TVH (Transvaginal hysterectomy),No,No,4,1,Center,,,,,
26,9:18:35 AM,9:18:36 AM,00:01,TVH (Transvaginal hysterectomy),No,No,4,1,Center,,,,,
25,9:18:36 AM,9:18:41 AM,00:05,TVH (Transvaginal hysterectomy),No,No,4,1,Center,,,,,
29,9:18:41 AM,9:18:45 AM,00:04,TVH (Transvaginal hysterectomy),No,No,4,1,Center,,,,,
25,9:18:45 AM,9:18:49 AM,00:04,TVH (Transvaginal hysterectomy),No,No,4,1,Center,,,,,
17,9:18:49 AM,9:18:50 AM,00:01,TVH (Transvaginal hysterectomy),No,No,4,1,Center,,,,,
1,9:18:50 AM,9:19:05 AM,00:15,TVH (Transvaginal hysterectomy),No,No,4,1,Center,,,,,
2,9:19:05 AM,9:19:42 AM,00:37,TVH (Transvaginal hysterectomy),No,No,4,1,Center,,,,,
18,9:19:42 AM,9:20:05 AM,00:23,TVH (Transvaginal hysterectomy),No,No,4,1,Center,,,,,
22,9:20:05 AM,9:20:06 AM,00:01,TVH (Transvaginal hysterectomy),No,No,4,1,Center,,,,,
18,9:20:06 AM,9:20:19 AM,00:13,TVH (Transvaginal hysterectomy),No,No,4,1,Center,,,,,
2,9:20:19 AM,9:20:28 AM,00:09,TVH (Transvaginal hysterectomy),No,No,4,1,Center,,,,,
18,9:20:28 AM,9:20:38 AM,00:10,TVH (Transvaginal hysterectomy),No,No,4,1,Center,,,,,
2,9:20:38 AM,9:20:40 AM,00:02,TVH (Transvaginal hysterectomy),No,No,4,1,Center,,,,,
18,9:20:40 AM,9:20:44 AM,00:04,TVH (Transvaginal hysterectomy),No,No,4,1,Center,,,,,
2,9:20:44 AM,9:20:54 AM,00:10,TVH (Transvaginal hysterectomy),No,No,4,1,Center,,,,,
10,9:20:54 AM,9:21:03 AM,00:09,TVH (Transvaginal hysterectomy),No,No,4,1,Center,,,,,
2,9:21:03 AM,9:21:19 AM,00:16,TVH (Transvaginal hysterectomy),No,No,4,1,Center,,,,,
18,9:21:19 AM,9:21:21 AM,00:02,TVH (Transvaginal hysterectomy),No,No,4,1,Center,,,,,
2,9:21:21 AM,9:21:47 AM,00:26,TVH (Transvaginal hysterectomy),No,No,4,1,Center,,,,,
18,9:21:47 AM,9:21:52 AM,00:05,TVH (Transvaginal hysterectomy),No,No,4,1,Center,,,,,
2,9:21:52 AM,9:22:13 AM,00:21,TVH (Transvaginal hysterectomy),No,No,4,1,Center,,,,,
18,9:22:13 AM,9:22:17 AM,00:04,TVH (Transvaginal hysterectomy),No,No,4,1,Center,,,,,
22,9:22:17 AM,9:22:20 AM,00:03,TVH (Transvaginal hysterectomy),No,No,4,1,Center,,,,,
18,9:22:20 AM,9:22:27 AM,00:07,TVH (Transvaginal hysterectomy),No,No,4,1,Center,,,,,
2,9:22:27 AM,9:22:32 AM,00:05,TVH (Transvaginal hysterectomy),No,No,4,1,Center,,,,,
18,9:22:32 AM,9:22:50 AM,00:18,TVH (Transvaginal hysterectomy),No,No,4,1,Center,,,,,
26,9:22:50 AM,9:22:58 AM,00:08,TVH (Transvaginal hysterectomy),No,No,4,1,Center,,,,,
18,9:22:58 AM,9:22:59 AM,00:01,TVH (Transvaginal hysterectomy),No,No,4,1,Center,,,,,
2,9:22:59 AM,9:23:00 AM,00:01,TVH (Transvaginal hysterectomy),No,No,4,1,Center,,,,,
18,9:23:00 AM,9:23:01 AM,00:01,TVH (Transvaginal hysterectomy),No,No,4,1,Center,,,,,
2,9:23:01 AM,9:23:04 AM,00:03,TVH (Transvaginal hysterectomy),No,No,4,1,Center,,,,,
1,9:23:04 AM,9:23:26 AM,00:22,TVH (Transvaginal hysterectomy),No,No,4,1,Center,,,,,
2,9:23:26 AM,9:23:36 AM,00:10,TVH (Transvaginal hysterectomy),No,No,4,1,Center,,,,,
18,9:23:36 AM,9:23:53 AM,00:17,TVH (Transvaginal hysterectomy),No,No,4,1,Center,,,,,
2,9:23:53 AM,9:23:59 AM,00:06,TVH (Transvaginal hysterectomy),No,No,4,1,Center,,,,,
1,9:23:59 AM,9:24:05 AM,00:06,TVH (Transvaginal hysterectomy),No,No,4,1,Center,,,,,
17,9:24:05 AM,9:24:08 AM,00:03,TVH (Transvaginal hysterectomy),No,No,4,1,Center,,,,,
21,9:24:08 AM,9:24:09 AM,00:01,TVH (Transvaginal hysterectomy),No,No,4,1,Center,,,,,
17,9:24:09 AM,9:24:10 AM,00:01,TVH (Transvaginal hysterectomy),No,No,4,1,Center,,,,,
18,9:24:10 AM,9:24:15 AM,00:05,TVH (Transvaginal hysterectomy),No,No,4,1,Center,,,,,
2,9:24:15 AM,9:24:18 AM,00:03,TVH (Transvaginal hysterectomy),No,No,4,1,Center,,,,,
1,9:24:18 AM,9:24:42 AM,00:24,TVH (Transvaginal hysterectomy),No,No,4,1,Center,,,,,
17,9:24:42 AM,9:25:36 AM,00:54,TVH (Transvaginal hysterectomy),No,No,4,1,Center,,,,,
25,9:25:36 AM,9:25:39 AM,00:03,TVH (Transvaginal hysterectomy),No,No,4,1,Center,,,,,
26,9:25:39 AM,9:25:44 AM,00:05,TVH (Transvaginal hysterectomy),No,No,4,1,Center,,,,,
10,9:25:44 AM,9:25:45 AM,00:01,TVH (Transvaginal hysterectomy),No,No,4,1,Center,,,,,
2,9:25:45 AM,9:25:46 AM,00:01,TVH (Transvaginal hysterectomy),No,No,4,1,Center,,,,,
1,9:25:46 AM,9:25:47 AM,00:01,TVH (Transvaginal hysterectomy),No,No,4,1,Center,,,,,
2,9:25:47 AM,9:25:54 AM,00:07,TVH (Transvaginal hysterectomy),No,No,4,1,Center,,,,,
18,9:25:54 AM,9:25:57 AM,00:03,TVH (Transvaginal hysterectomy),No,No,4,1,Center,,,,,
2,9:25:57 AM,9:26:01 AM,00:04,TVH (Transvaginal hysterectomy),No,No,4,1,Center,,,,,
10,9:26:01 AM,9:26:11 AM,00:10,TVH (Transvaginal hysterectomy),No,No,4,1,Center,,,,,
2,9:26:11 AM,9:26:13 AM,00:02,TVH (Transvaginal hysterectomy),No,No,4,1,Center,,,,,
1,9:26:13 AM,9:26:19 AM,00:06,TVH (Transvaginal hysterectomy),No,No,4,1,Center,,,,,
2,9:26:19 AM,9:26:35 AM,00:16,TVH (Transvaginal hysterectomy),No,No,4,1,Center,,,,,
18,9:26:35 AM,9:26:36 AM,00:01,TVH (Transvaginal hysterectomy),No,No,4,1,Center,,,,,
2,9:26:36 AM,9:26:43 AM,00:07,TVH (Transvaginal hysterectomy),No,No,4,1,Center,,,,,
18,9:26:43 AM,9:27:12 AM,00:29,TVH (Transvaginal hysterectomy),No,No,4,1,Center,,,,,
2,9:27:12 AM,9:27:13 AM,00:01,TVH (Transvaginal hysterectomy),No,No,4,1,Center,,,,,
1,9:27:13 AM,9:27:16 AM,00:03,TVH (Transvaginal hysterectomy),No,No,4,1,Center,,,,,
17,9:27:16 AM,9:27:18 AM,00:02,TVH (Transvaginal hysterectomy),No,No,4,1,Center,,,,,
1,9:27:18 AM,9:27:20 AM,00:02,TVH (Transvaginal hysterectomy),No,No,4,1,Center,,,,,
2,9:27:20 AM,9:27:52 AM,00:32,TVH (Transvaginal hysterectomy),No,No,4,1,Center,,,,,
18,9:27:52 AM,9:27:53 AM,00:01,TVH (Transvaginal hysterectomy),No,No,4,1,Center,,,,,
17,9:27:53 AM,9:28:00 AM,00:07,TVH (Transvaginal hysterectomy),No,No,4,1,Center,,,,,
25,9:28:00 AM,9:28:01 AM,00:01,TVH (Transvaginal hysterectomy),No,No,4,1,Center,,,,,
9,9:28:01 AM,9:28:02 AM,00:01,TVH (Transvaginal hysterectomy),No,No,4,1,Center,,,,,
1,9:28:02 AM,9:28:13 AM,00:11,TVH (Transvaginal hysterectomy),No,No,4,1,Center,,,,,
2,9:28:13 AM,9:28:14 AM,00:01,TVH (Transvaginal hysterectomy),No,No,4,1,Center,,,,,
18,9:28:14 AM,9:28:14 AM,00:00,TVH (Transvaginal hysterectomy),No,No,4,1,Center,,,,,
26,9:28:14 AM,9:28:19 AM,00:05,TVH (Transvaginal hysterectomy),No,No,4,1,Center,,,,,
28,9:28:19 AM,9:28:25 AM,00:06,TVH (Transvaginal hysterectomy),No,No,4,1,Center,,,,,
20,9:28:25 AM,9:28:37 AM,00:12,TVH (Transvaginal hysterectomy),No,No,4,1,Center,,,,,
18,9:28:37 AM,9:29:00 AM,00:23,TVH (Transvaginal hysterectomy),No,No,4,1,Center,,,,,
22,9:29:00 AM,9:29:29 AM,00:29,TVH (Transvaginal hysterectomy),No,No,4,1,Center,,,,,
18,9:29:29 AM,9:29:30 AM,00:01,TVH (Transvaginal hysterectomy),No,No,4,1,Center,,,,,
2,9:29:30 AM,9:29:32 AM,00:02,TVH (Transvaginal hysterectomy),No,No,4,1,Center,,,,,
1,9:29:32 AM,9:29:46 AM,00:14,TVH (Transvaginal hysterectomy),No,No,4,1,Center,,,,,
5,9:29:46 AM,9:29:48 AM,00:02,TVH (Transvaginal hysterectomy),No,No,4,1,Center,,,,,
1,9:29:48 AM,9:29:51 AM,00:03,TVH (Transvaginal hysterectomy),No,No,4,1,Center,,,,,
9,9:29:51 AM,9:29:52 AM,00:01,TVH (Transvaginal hysterectomy),No,No,4,1,Center,,,,,
25,9:29:52 AM,9:29:53 AM,00:01,TVH (Transvaginal hysterectomy),No,No,4,1,Center,,,,,
26,9:29:53 AM,9:29:54 AM,00:01,TVH (Transvaginal hysterectomy),No,No,4,1,Center,,,,,
25,9:29:54 AM,9:30:01 AM,00:07,TVH (Transvaginal hysterectomy),No,No,4,1,Center,,,,,
17,9:30:01 AM,9:30:11 AM,00:10,TVH (Transvaginal hysterectomy),No,No,4,1,Center,,,,,
1,9:30:11 AM,9:30:18 AM,00:07,TVH (Transvaginal hysterectomy),No,No,4,1,Center,,,,,
2,9:30:18 AM,9:30:19 AM,00:01,TVH (Transvaginal hysterectomy),No,No,4,1,Center,,,,,
1,9:30:19 AM,9:30:20 AM,00:01,TVH (Transvaginal hysterectomy),No,No,4,1,Center,,,,,
17,9:30:20 AM,9:30:20 AM,00:00,TVH (Transvaginal hysterectomy),No,No,4,1,Center,,,,,
1,9:30:20 AM,9:30:22 AM,00:02,TVH (Transvaginal hysterectomy),No,No,4,1,Center,,,,,
2,9:30:22 AM,9:30:23 AM,00:01,TVH (Transvaginal hysterectomy),No,No,4,1,Center,,,,,
1,9:30:23 AM,9:30:24 AM,00:01,TVH (Transvaginal hysterectomy),No,No,4,1,Center,,,,,
9,9:30:24 AM,9:30:25 AM,00:01,TVH (Transvaginal hysterectomy),No,No,4,1,Center,,,,,
1,9:30:25 AM,9:30:29 AM,00:04,TVH (Transvaginal hysterectomy),No,No,4,1,Center,,,,,
17,9:30:29 AM,9:30:31 AM,00:02,TVH (Transvaginal hysterectomy),No,No,4,1,Center,,,,,
25,9:30:31 AM,9:30:32 AM,00:01,TVH (Transvaginal hysterectomy),No,No,4,1,Center,,,,,
9,9:30:32 AM,9:30:33 AM,00:01,TVH (Transvaginal hysterectomy),No,No,4,1,Center,,,,,
1,9:30:33 AM,9:30:37 AM,00:04,TVH (Transvaginal hysterectomy),No,No,4,1,Center,,,,,
17,9:30:37 AM,9:30:38 AM,00:01,TVH (Transvaginal hysterectomy),No,No,4,1,Center,,,,,
1,9:30:38 AM,9:30:50 AM,00:12,TVH (Transvaginal hysterectomy),No,No,4,1,Center,,,,,
9,9:30:50 AM,9:30:58 AM,00:08,TVH (Transvaginal hysterectomy),No,No,4,1,Center,,,,,
1,9:30:58 AM,9:31:17 AM,00:19,TVH (Transvaginal hysterectomy),No,No,4,1,Center,,,,,
17,9:31:17 AM,9:31:40 AM,00:23,TVH (Transvaginal hysterectomy),No,No,4,1,Center,,,,,
21,9:31:40 AM,9:31:44 AM,00:04,TVH (Transvaginal hysterectomy),No,No,4,1,Center,,,,,
23,9:31:44 AM,9:31:44 AM,00:00,TVH (Transvaginal hysterectomy),No,No,4,1,Center,,,,,
24,9:31:44 AM,9:31:46 AM,00:02,TVH (Transvaginal hysterectomy),No,No,4,1,Center,,,,,
8,9:31:46 AM,9:31:52 AM,00:06,TVH (Transvaginal hysterectomy),No,No,4,1,Center,,,,,
6,9:31:52 AM,9:31:53 AM,00:01,TVH (Transvaginal hysterectomy),No,No,4,1,Center,,,,,
2,9:31:53 AM,9:32:00 AM,00:07,TVH (Transvaginal hysterectomy),No,No,4,1,Center,,,,,
4,9:32:00 AM,9:32:02 AM,00:02,TVH (Transvaginal hysterectomy),No,No,4,1,Center,,,,,
2,9:32:02 AM,9:32:04 AM,00:02,TVH (Transvaginal hysterectomy),No,No,4,1,Center,,,,,
1,9:32:04 AM,9:36:08 AM,04:04,TVH (Transvaginal hysterectomy),No,No,4,1,Center,,,,,
2,9:36:08 AM,9:36:13 AM,00:05,TVH (Transvaginal hysterectomy),No,No,4,1,Center,,,,,
18,9:36:13 AM,9:36:25 AM,00:12,TVH (Transvaginal hysterectomy),No,No,4,1,Center,,,,,
22,9:36:25 AM,9:36:30 AM,00:05,TVH (Transvaginal hysterectomy),No,No,4,1,Center,,,,,
18,9:36:30 AM,9:36:57 AM,00:27,TVH (Transvaginal hysterectomy),No,No,4,1,Center,,,,,
26,9:36:57 AM,9:37:00 AM,00:03,TVH (Transvaginal hysterectomy),No,No,4,1,Center,,,,,
30,9:37:00 AM,9:37:19 AM,00:19,TVH (Transvaginal hysterectomy),No,No,4,1,Center,,,,,
26,9:37:19 AM,9:37:23 AM,00:04,TVH (Transvaginal hysterectomy),No,No,4,1,Center,,,,,
25,9:37:23 AM,9:37:41 AM,00:18,TVH (Transvaginal hysterectomy),No,No,4,1,Center,,,,,
17,9:37:41 AM,9:37:42 AM,00:01,TVH (Transvaginal hysterectomy),No,No,4,1,Center,,,,,
1,9:37:42 AM,9:37:44 AM,00:02,TVH (Transvaginal hysterectomy),No,No,4,1,Center,,,,,
9,9:37:44 AM,9:37:54 AM,00:10,TVH (Transvaginal hysterectomy),No,No,4,1,Center,,,,,
1,9:37:54 AM,9:37:57 AM,00:03,TVH (Transvaginal hysterectomy),No,No,4,1,Center,,,,,
17,9:37:57 AM,9:38:00 AM,00:03,TVH (Transvaginal hysterectomy),No,No,4,1,Center,,,,,
1,9:38:00 AM,9:38:02 AM,00:02,TVH (Transvaginal hysterectomy),No,No,4,1,Center,,,,,
9,9:38:02 AM,9:38:04 AM,00:02,TVH (Transvaginal hysterectomy),No,No,4,1,Center,,,,,
1,9:38:04 AM,9:38:10 AM,00:06,TVH (Transvaginal hysterectomy),No,No,4,1,Center,,,,,
17,9:38:10 AM,9:38:12 AM,00:02,TVH (Transvaginal hysterectomy),No,No,4,1,Center,,,,,
18,9:38:12 AM,9:38:21 AM,00:09,TVH (Transvaginal hysterectomy),No,No,4,1,Center,,,,,
2,9:38:21 AM,9:38:39 AM,00:18,TVH (Transvaginal hysterectomy),No,No,4,1,Center,,,,,
18,9:38:39 AM,9:38:54 AM,00:15,TVH (Transvaginal hysterectomy),No,No,4,1,Center,,,,,
17,9:38:54 AM,9:39:11 AM,00:17,TVH (Transvaginal hysterectomy),No,No,4,1,Center,,,,,
1,9:39:11 AM,9:39:13 AM,00:02,TVH (Transvaginal hysterectomy),No,No,4,1,Center,,,,,
2,9:39:13 AM,9:39:14 AM,00:01,TVH (Transvaginal hysterectomy),No,No,4,1,Center,,,,,
6,9:39:14 AM,9:39:18 AM,00:04,TVH (Transvaginal hysterectomy),No,No,4,1,Center,,,,,
22,9:39:18 AM,9:39:19 AM,00:01,TVH (Transvaginal hysterectomy),No,No,4,1,Center,,,,,
18,9:39:19 AM,9:39:25 AM,00:06,TVH (Transvaginal hysterectomy),No,No,4,1,Center,,,,,
17,9:39:25 AM,9:39:39 AM,00:14,TVH (Transvaginal hysterectomy),No,No,4,1,Center,,,,,
1,9:39:39 AM,9:39:39 AM,00:00,TVH (Transvaginal hysterectomy),No,No,4,1,Center,,,,,
9,9:39:39 AM,9:39:56 AM,00:17,TVH (Transvaginal hysterectomy),No,No,4,1,Center,,,,,
1,9:39:56 AM,9:40:12 AM,00:16,TVH (Transvaginal hysterectomy),No,No,4,1,Center,,,,,
17,9:40:12 AM,9:40:14 AM,00:02,TVH (Transvaginal hysterectomy),No,No,4,1,Center,,,,,
18,9:40:14 AM,9:40:47 AM,00:33,TVH (Transvaginal hysterectomy),No,No,4,1,Center,,,,,
2,9:40:47 AM,9:40:50 AM,00:03,TVH (Transvaginal hysterectomy),No,No,4,1,Center,,,,,
6,9:40:50 AM,9:41:15 AM,00:25,TVH (Transvaginal hysterectomy),No,No,4,1,Center,,,,,
2,9:41:15 AM,9:41:15 AM,00:00,TVH (Transvaginal hysterectomy),No,No,4,1,Center,,,,,
1,9:41:15 AM,9:41:24 AM,00:09,TVH (Transvaginal hysterectomy),No,No,4,1,Center,,,,,
17,9:41:24 AM,9:41:25 AM,00:01,TVH (Transvaginal hysterectomy),No,No,4,1,Center,,,,,
18,9:41:25 AM,9:41:27 AM,00:02,TVH (Transvaginal hysterectomy),No,No,4,1,Center,,,,,
17,9:41:27 AM,9:41:29 AM,00:02,TVH (Transvaginal hysterectomy),No,No,4,1,Center,,,,,
1,9:41:29 AM,9:41:29 AM,00:00,TVH (Transvaginal hysterectomy),No,No,4,1,Center,,,,,
9,9:41:29 AM,9:41:31 AM,00:02,TVH (Transvaginal hysterectomy),No,No,4,1,Center,,,,,
1,9:41:31 AM,9:41:32 AM,00:01,TVH (Transvaginal hysterectomy),No,No,4,1,Center,,,,,
17,9:41:32 AM,9:41:34 AM,00:02,TVH (Transvaginal hysterectomy),No,No,4,1,Center,,,,,
21,9:41:34 AM,9:41:34 AM,00:00,TVH (Transvaginal hysterectomy),No,No,4,1,Center,,,,,
22,9:41:34 AM,9:41:41 AM,00:07,TVH (Transvaginal hysterectomy),No,No,4,1,Center,,,,,
18,9:41:41 AM,9:41:49 AM,00:08,TVH (Transvaginal hysterectomy),No,No,4,1,Center,,,,,
20,9:41:49 AM,9:41:54 AM,00:05,TVH (Transvaginal hysterectomy),No,No,4,1,Center,,,,,
4,9:41:54 AM,9:42:04 AM,00:10,TVH (Transvaginal hysterectomy),No,No,4,1,Center,,,,,
8,9:42:04 AM,9:42:05 AM,00:01,TVH (Transvaginal hysterectomy),No,No,4,1,Center,,,,,
6,9:42:05 AM,9:42:09 AM,00:04,TVH (Transvaginal hysterectomy),No,No,4,1,Center,,,,,
22,9:42:09 AM,9:42:12 AM,00:03,TVH (Transvaginal hysterectomy),No,No,4,1,Center,,,,,
30,9:42:12 AM,9:42:28 AM,00:16,TVH (Transvaginal hysterectomy),No,No,4,1,Center,,,,,
26,9:42:28 AM,9:42:30 AM,00:02,TVH (Transvaginal hysterectomy),No,No,4,1,Center,,,,,
18,9:42:30 AM,9:42:39 AM,00:09,TVH (Transvaginal hysterectomy),No,No,4,1,Center,,,,,
26,9:42:39 AM,9:43:10 AM,00:31,TVH (Transvaginal hysterectomy),No,No,4,1,Center,,,,,
18,9:43:10 AM,9:43:14 AM,00:04,TVH (Transvaginal hysterectomy),No,No,4,1,Center,,,,,
2,9:43:14 AM,9:43:16 AM,00:02,TVH (Transvaginal hysterectomy),No,No,4,1,Center,,,,,
18,9:43:16 AM,9:43:19 AM,00:03,TVH (Transvaginal hysterectomy),No,No,4,1,Center,,,,,
2,9:43:19 AM,9:44:06 AM,00:47,TVH (Transvaginal hysterectomy),No,No,4,1,Center,,,,,
1,9:44:06 AM,9:44:36 AM,00:30,TVH (Transvaginal hysterectomy),No,No,4,1,Center,,,,,
2,9:44:36 AM,9:45:01 AM,00:25,TVH (Transvaginal hysterectomy),No,No,4,1,Center,,,,,
18,9:45:01 AM,9:45:05 AM,00:04,TVH (Transvaginal hysterectomy),No,No,4,1,Center,,,,,
22,9:45:05 AM,9:45:20 AM,00:15,TVH (Transvaginal hysterectomy),No,No,4,1,Center,,,,,
18,9:45:20 AM,9:45:52 AM,00:32,TVH (Transvaginal hysterectomy),No,No,4,1,Center,,,,,
2,9:45:52 AM,9:45:54 AM,00:02,TVH (Transvaginal hysterectomy),No,No,4,1,Center,,,,,
1,9:45:54 AM,9:46:15 AM,00:21,TVH (Transvaginal hysterectomy),No,No,4,1,Center,,,,,
5,9:46:15 AM,9:46:25 AM,00:10,TVH (Transvaginal hysterectomy),No,No,4,1,Center,,,,,
1,9:46:25 AM,9:47:37 AM,01:12,TVH (Transvaginal hysterectomy),No,No,4,1,Center,,,,,
2,9:47:37 AM,9:47:39 AM,00:02,TVH (Transvaginal hysterectomy),No,No,4,1,Center,,,,,
10,9:47:39 AM,9:47:50 AM,00:11,TVH (Transvaginal hysterectomy),No,No,4,1,Center,,,,,
2,9:47:50 AM,9:47:51 AM,00:01,TVH (Transvaginal hysterectomy),No,No,4,1,Center,,,,,
1,9:47:51 AM,9:47:52 AM,00:01,TVH (Transvaginal hysterectomy),No,No,4,1,Center,,,,,
2,9:47:52 AM,9:48:20 AM,00:28,TVH (Transvaginal hysterectomy),No,No,4,1,Center,,,,,
18,9:48:20 AM,9:48:22 AM,00:02,TVH (Transvaginal hysterectomy),No,No,4,1,Center,,,,,
20,9:48:22 AM,9:48:23 AM,00:01,TVH (Transvaginal hysterectomy),No,No,4,1,Center,,,,,
4,9:48:23 AM,9:48:50 AM,00:27,TVH (Transvaginal hysterectomy),No,No,4,1,Center,,,,,
3,9:48:50 AM,9:48:51 AM,00:01,TVH (Transvaginal hysterectomy),No,No,4,1,Center,,,,,
1,9:48:51 AM,9:48:58 AM,00:07,TVH (Transvaginal hysterectomy),No,No,4,1,Center,,,,,
2,9:48:58 AM,9:49:04 AM,00:06,TVH (Transvaginal hysterectomy),No,No,4,1,Center,,,,,
18,9:49:04 AM,9:49:11 AM,00:07,TVH (Transvaginal hysterectomy),No,No,4,1,Center,,,,,
2,9:49:11 AM,9:49:15 AM,00:04,TVH (Transvaginal hysterectomy),No,No,4,1,Center,,,,,
18,9:49:15 AM,9:49:18 AM,00:03,TVH (Transvaginal hysterectomy),No,No,4,1,Center,,,,,
2,9:49:18 AM,9:49:36 AM,00:18,TVH (Transvaginal hysterectomy),No,No,4,1,Center,,,,,
1,9:49:36 AM,9:49:49 AM,00:13,TVH (Transvaginal hysterectomy),No,No,4,1,Center,,,,,
9,9:49:49 AM,9:49:50 AM,00:01,TVH (Transvaginal hysterectomy),No,No,4,1,Center,,,,,
1,9:49:50 AM,9:49:56 AM,00:06,TVH (Transvaginal hysterectomy),No,No,4,1,Center,,,,,
2,9:49:56 AM,9:50:42 AM,00:46,TVH (Transvaginal hysterectomy),No,No,4,1,Center,,,,,
18,9:50:42 AM,9:51:13 AM,00:31,TVH (Transvaginal hysterectomy),No,No,5,1,Center,,,,,
22,9:51:13 AM,9:51:26 AM,00:13,TVH (Transvaginal hysterectomy),No,No,5,1,Center,,,,,
6,9:51:26 AM,9:51:27 AM,00:01,TVH (Transvaginal hysterectomy),No,No,5,1,Center,,,,,
2,9:51:27 AM,9:51:29 AM,00:02,TVH (Transvaginal hysterectomy),No,No,5,1,Center,,,,,
1,9:51:29 AM,9:51:37 AM,00:08,TVH (Transvaginal hysterectomy),No,No,5,1,Center,,,,,
17,9:51:37 AM,9:51:50 AM,00:13,TVH (Transvaginal hysterectomy),No,No,5,1,Center,,,,,
25,9:51:50 AM,9:51:52 AM,00:02,TVH (Transvaginal hysterectomy),No,No,5,1,Center,,,,,
29,9:51:52 AM,9:52:05 AM,00:13,TVH (Transvaginal hysterectomy),No,No,5,1,Center,,,,,
21,9:52:05 AM,9:52:32 AM,00:27,TVH (Transvaginal hysterectomy),No,No,5,1,Center,,,,,
17,9:52:32 AM,9:52:54 AM,00:22,TVH (Transvaginal hysterectomy),No,No,5,1,Center,,,,,
1,9:52:54 AM,9:53:05 AM,00:11,TVH (Transvaginal hysterectomy),No,No,5,1,Center,,,,,
9,9:57:29 AM,9:57:49 AM,00:20,TVH (Transvaginal hysterectomy),No,No,7,3,Center,,,,,
1,9:57:49 AM,10:00:50 AM,03:01,TVH (Transvaginal hysterectomy),No,No,7,3,Center,,,,,
17,10:00:50 AM,10:00:59 AM,00:09,TVH (Transvaginal hysterectomy),No,No,7,3,Center,,,,,
25,10:00:59 AM,10:01:04 AM,00:05,TVH (Transvaginal hysterectomy),No,No,7,3,Center,,,,,
17,10:01:04 AM,10:01:05 AM,00:01,TVH (Transvaginal hysterectomy),No,No,7,3,Center,,,,,
1,10:01:05 AM,10:01:11 AM,00:06,TVH (Transvaginal hysterectomy),No,No,7,3,Center,,,,,
9,10:01:11 AM,10:01:21 AM,00:10,TVH (Transvaginal hysterectomy),No,No,7,3,Center,,,,,
1,10:01:21 AM,10:01:26 AM,00:05,TVH (Transvaginal hysterectomy),No,No,7,3,Center,,,,,
17,10:01:26 AM,10:01:38 AM,00:12,TVH (Transvaginal hysterectomy),No,No,7,3,Center,,,,,
25,10:01:38 AM,10:01:39 AM,00:01,TVH (Transvaginal hysterectomy),No,No,7,3,Center,,,,,
9,10:01:39 AM,10:01:44 AM,00:05,TVH (Transvaginal hysterectomy),No,No,7,3,Center,,,,,
1,10:01:44 AM,10:01:46 AM,00:02,TVH (Transvaginal hysterectomy),No,No,7,3,Center,,,,,
17,10:01:46 AM,10:01:56 AM,00:10,TVH (Transvaginal hysterectomy),No,No,7,3,Center,,,,,
19,10:01:56 AM,10:02:21 AM,00:25,TVH (Transvaginal hysterectomy),No,No,7,3,Center,,,,,
3,10:02:21 AM,10:02:21 AM,00:00,TVH (Transvaginal hysterectomy),No,No,7,3,Center,,,,,
1,10:02:21 AM,10:05:10 AM,02:49,TVH (Transvaginal hysterectomy),No,No,7,3,Center,,,,,
2,10:05:10 AM,10:05:11 AM,00:01,TVH (Transvaginal hysterectomy),No,No,7,3,Center,,,,,
1,10:05:11 AM,10:06:57 AM,01:46,TVH (Transvaginal hysterectomy),No,No,7,3,Center,,,,,
9,10:06:57 AM,10:07:49 AM,00:52,TVH (Transvaginal hysterectomy),No,No,7,3,Center,,,,,
25,10:07:49 AM,10:08:22 AM,00:33,TVH (Transvaginal hysterectomy),No,No,7,3,Center,,,,,
9,10:08:22 AM,10:09:04 AM,00:42,TVH (Transvaginal hysterectomy),No,No,7,3,Center,,,,,
10,10:09:04 AM,10:09:12 AM,00:08,TVH (Transvaginal hysterectomy),No,No,7,3,Center,,,,,
9,10:09:12 AM,10:10:10 AM,00:58,TVH (Transvaginal hysterectomy),No,No,7,3,Center,,,,,
10,10:10:10 AM,10:10:11 AM,00:01,TVH (Transvaginal hysterectomy),No,No,7,3,Center,,,,,
9,10:10:11 AM,10:10:14 AM,00:03,TVH (Transvaginal hysterectomy),No,No,7,3,Center,,,,,
10,10:10:14 AM,10:10:17 AM,00:03,TVH (Transvaginal hysterectomy),No,No,7,3,Center,,,,,
9,10:10:17 AM,10:10:32 AM,00:15,TVH (Transvaginal hysterectomy),No,No,7,3,Center,,,,,
25,10:10:32 AM,10:10:45 AM,00:13,TVH (Transvaginal hysterectomy),No,No,7,3,Center,,,,,
26,10:10:45 AM,10:10:45 AM,00:00,TVH (Transvaginal hysterectomy),No,No,7,3,Center,,,,,
18,10:10:45 AM,10:10:46 AM,00:01,TVH (Transvaginal hysterectomy),No,No,7,3,Center,,,,,
26,10:10:46 AM,10:11:44 AM,00:58,TVH (Transvaginal hysterectomy),No,No,7,3,Center,,,,,
10,10:11:44 AM,10:12:19 AM,00:35,TVH (Transvaginal hysterectomy),No,No,7,3,Center,,,,,
9,10:12:19 AM,10:13:04 AM,00:45,TVH (Transvaginal hysterectomy),No,No,7,3,Center,,,,,
10,10:13:04 AM,10:13:24 AM,00:20,TVH (Transvaginal hysterectomy),No,No,7,3,Center,,,,,
9,10:13:24 AM,10:15:03 AM,01:39,TVH (Transvaginal hysterectomy),No,No,7,3,Center,,,,,
10,10:15:03 AM,10:15:11 AM,00:08,TVH (Transvaginal hysterectomy),No,No,8,3,Center,,,,,
9,10:15:11 AM,10:16:04 AM,00:53,TVH (Transvaginal hysterectomy),No,No,8,3,Center,,,,,
1,10:16:04 AM,10:16:26 AM,00:22,TVH (Transvaginal hysterectomy),No,No,9,3,Center,,,,,
2,10:16:26 AM,10:16:29 AM,00:03,TVH (Transvaginal hysterectomy),No,No,9,3,Center,,,,,
18,10:16:29 AM,10:16:33 AM,00:04,TVH (Transvaginal hysterectomy),No,No,9,3,Center,,,,,
22,10:16:33 AM,10:17:04 AM,00:31,TVH (Transvaginal hysterectomy),No,No,9,3,Center,,,,,
6,10:17:04 AM,10:17:06 AM,00:02,TVH (Transvaginal hysterectomy),No,No,9,3,Center,,,,,
22,10:17:06 AM,10:17:21 AM,00:15,TVH (Transvaginal hysterectomy),No,No,9,3,Center,,,,,
18,10:17:21 AM,10:17:23 AM,00:02,TVH (Transvaginal hysterectomy),No,No,9,3,Center,,,,,
2,10:17:23 AM,10:17:30 AM,00:07,TVH (Transvaginal hysterectomy),No,No,9,3,Center,,,,,
18,10:17:30 AM,10:17:40 AM,00:10,TVH (Transvaginal hysterectomy),No,No,9,3,Center,,,,,
2,10:17:40 AM,10:17:58 AM,00:18,TVH (Transvaginal hysterectomy),No,No,9,3,Center,,,,,
1,10:17:58 AM,10:18:01 AM,00:03,TVH (Transvaginal hysterectomy),No,No,9,3,Center,,,,,
2,10:18:01 AM,10:18:01 AM,00:00,TVH (Transvaginal hysterectomy),No,No,9,3,Center,,,,,
18,10:18:01 AM,10:18:03 AM,00:02,TVH (Transvaginal hysterectomy),No,No,9,3,Center,,,,,
22,10:18:03 AM,10:18:06 AM,00:03,TVH (Transvaginal hysterectomy),No,No,9,3,Center,,,,,
18,10:18:06 AM,10:18:08 AM,00:02,TVH (Transvaginal hysterectomy),No,No,9,3,Center,,,,,
2,10:18:08 AM,10:18:09 AM,00:01,TVH (Transvaginal hysterectomy),No,No,9,3,Center,,,,,
1,10:18:09 AM,10:18:19 AM,00:10,TVH (Transvaginal hysterectomy),No,No,9,3,Center,,,,,
2,10:18:19 AM,10:18:26 AM,00:07,TVH (Transvaginal hysterectomy),No,No,9,3,Center,,,,,
6,10:18:26 AM,10:18:27 AM,00:01,TVH (Transvaginal hysterectomy),No,No,9,3,Center,,,,,
2,10:18:27 AM,10:18:29 AM,00:02,TVH (Transvaginal hysterectomy),No,No,9,3,Center,,,,,
10,10:18:29 AM,10:18:30 AM,00:01,TVH (Transvaginal hysterectomy),No,No,9,3,Center,,,,,
2,10:18:30 AM,10:18:32 AM,00:02,TVH (Transvaginal hysterectomy),No,No,9,3,Center,,,,,
18,10:18:32 AM,10:18:33 AM,00:01,TVH (Transvaginal hysterectomy),No,No,9,3,Center,,,,,
22,10:18:33 AM,10:18:42 AM,00:09,TVH (Transvaginal hysterectomy),No,No,9,3,Center,,,,,
6,10:18:42 AM,10:18:43 AM,00:01,TVH (Transvaginal hysterectomy),No,No,9,3,Center,,,,,
2,10:18:43 AM,10:18:56 AM,00:13,TVH (Transvaginal hysterectomy),No,No,9,3,Center,,,,,
18,10:18:56 AM,10:18:58 AM,00:02,TVH (Transvaginal hysterectomy),No,No,9,3,Center,,,,,
22,10:18:58 AM,10:19:00 AM,00:02,TVH (Transvaginal hysterectomy),No,No,9,3,Center,,,,,
30,10:19:00 AM,10:19:10 AM,00:10,TVH (Transvaginal hysterectomy),No,No,9,3,Center,,,,,
14,10:19:10 AM,10:19:14 AM,00:04,TVH (Transvaginal hysterectomy),No,No,9,3,Center,,,,,
10,10:19:14 AM,10:19:19 AM,00:05,TVH (Transvaginal hysterectomy),No,No,9,3,Center,,,,,
2,10:19:19 AM,10:19:26 AM,00:07,TVH (Transvaginal hysterectomy),No,No,9,3,Center,,,,,
18,10:19:26 AM,10:19:29 AM,00:03,TVH (Transvaginal hysterectomy),No,No,9,3,Center,,,,,
26,10:19:29 AM,10:19:30 AM,00:01,TVH (Transvaginal hysterectomy),No,No,9,3,Center,,,,,
30,10:19:30 AM,10:19:32 AM,00:02,TVH (Transvaginal hysterectomy),No,No,9,3,Center,,,,,
26,10:19:32 AM,10:19:32 AM,00:00,TVH (Transvaginal hysterectomy),No,No,9,3,Center,,,,,
18,10:19:32 AM,10:19:33 AM,00:01,TVH (Transvaginal hysterectomy),No,No,9,3,Center,,,,,
2,10:19:33 AM,10:19:35 AM,00:02,TVH (Transvaginal hysterectomy),No,No,9,3,Center,,,,,
1,10:19:35 AM,10:19:44 AM,00:09,TVH (Transvaginal hysterectomy),No,No,9,3,Center,,,,,
17,10:19:44 AM,10:19:55 AM,00:11,TVH (Transvaginal hysterectomy),No,No,9,3,Center,,,,,
1,10:19:55 AM,10:20:02 AM,00:07,TVH (Transvaginal hysterectomy),No,No,9,3,Center,,,,,
2,10:20:02 AM,10:20:03 AM,00:01,TVH (Transvaginal hysterectomy),No,No,9,3,Center,,,,,
18,10:20:03 AM,10:20:04 AM,00:01,TVH (Transvaginal hysterectomy),No,No,9,3,Center,,,,,
22,10:20:04 AM,10:20:09 AM,00:05,TVH (Transvaginal hysterectomy),No,No,9,3,Center,,,,,
30,10:20:09 AM,10:20:16 AM,00:07,TVH (Transvaginal hysterectomy),No,No,9,3,Center,,,,,
22,10:20:16 AM,10:20:17 AM,00:01,TVH (Transvaginal hysterectomy),No,No,9,3,Center,,,,,
6,10:20:17 AM,10:20:19 AM,00:02,TVH (Transvaginal hysterectomy),No,No,9,3,Center,,,,,
5,10:20:19 AM,10:20:20 AM,00:01,TVH (Transvaginal hysterectomy),No,No,9,3,Center,,,,,
1,10:20:20 AM,10:20:25 AM,00:05,TVH (Transvaginal hysterectomy),No,No,9,3,Center,,,,,
2,10:20:25 AM,10:20:26 AM,00:01,TVH (Transvaginal hysterectomy),No,No,9,3,Center,,,,,
10,10:20:26 AM,10:20:26 AM,00:00,TVH (Transvaginal hysterectomy),No,No,9,3,Center,,,,,
26,10:20:26 AM,10:20:27 AM,00:01,TVH (Transvaginal hysterectomy),No,No,9,3,Center,,,,,
30,10:20:27 AM,10:20:46 AM,00:19,TVH (Transvaginal hysterectomy),No,No,9,3,Center,,,,,
22,10:20:46 AM,10:20:46 AM,00:00,TVH (Transvaginal hysterectomy),No,No,9,3,Center,,,,,
6,10:20:46 AM,10:20:47 AM,00:01,TVH (Transvaginal hysterectomy),No,No,9,3,Center,,,,,
2,10:20:47 AM,10:20:50 AM,00:03,TVH (Transvaginal hysterectomy),No,No,9,3,Center,,,,,
10,10:20:50 AM,10:20:51 AM,00:01,TVH (Transvaginal hysterectomy),No,No,9,3,Center,,,,,
26,10:20:51 AM,10:20:51 AM,00:00,TVH (Transvaginal hysterectomy),No,No,9,3,Center,,,,,
30,10:20:51 AM,10:21:00 AM,00:09,TVH (Transvaginal hysterectomy),No,No,9,3,Center,,,,,
26,10:21:00 AM,10:21:03 AM,00:03,TVH (Transvaginal hysterectomy),No,No,9,3,Center,,,,,
18,10:21:03 AM,10:21:14 AM,00:11,TVH (Transvaginal hysterectomy),No,No,9,3,Center,,,,,
2,10:21:14 AM,10:21:19 AM,00:05,TVH (Transvaginal hysterectomy),No,No,9,3,Center,,,,,
10,10:21:19 AM,10:21:19 AM,00:00,TVH (Transvaginal hysterectomy),No,No,9,3,Center,,,,,
14,10:21:19 AM,10:21:37 AM,00:18,TVH (Transvaginal hysterectomy),No,No,9,3,Center,,,,,
30,10:21:37 AM,10:21:48 AM,00:11,TVH (Transvaginal hysterectomy),No,No,9,3,Center,,,,,
22,10:21:48 AM,10:21:48 AM,00:00,TVH (Transvaginal hysterectomy),No,No,9,3,Center,,,,,
6,10:21:48 AM,10:21:49 AM,00:01,TVH (Transvaginal hysterectomy),No,No,9,3,Center,,,,,
2,10:21:49 AM,10:22:00 AM,00:11,TVH (Transvaginal hysterectomy),No,No,9,3,Center,,,,,
6,10:22:00 AM,10:22:01 AM,00:01,TVH (Transvaginal hysterectomy),No,No,9,3,Center,,,,,
22,10:22:01 AM,10:22:03 AM,00:02,TVH (Transvaginal hysterectomy),No,No,9,3,Center,,,,,
30,10:22:03 AM,10:22:15 AM,00:12,TVH (Transvaginal hysterectomy),No,No,9,3,Center,,,,,
14,10:22:15 AM,10:22:16 AM,00:01,TVH (Transvaginal hysterectomy),No,No,9,3,Center,,,,,
6,10:22:16 AM,10:22:16 AM,00:00,TVH (Transvaginal hysterectomy),No,No,9,3,Center,,,,,
2,10:22:16 AM,10:22:21 AM,00:05,TVH (Transvaginal hysterectomy),No,No,9,3,Center,,,,,
1,10:22:21 AM,10:22:26 AM,00:05,TVH (Transvaginal hysterectomy),No,No,9,3,Center,,,,,
17,10:22:26 AM,10:22:30 AM,00:04,TVH (Transvaginal hysterectomy),No,No,9,3,Center,,,,,
25,10:22:30 AM,10:22:32 AM,00:02,TVH (Transvaginal hysterectomy),No,No,9,3,Center,,,,,
29,10:22:32 AM,10:22:34 AM,00:02,TVH (Transvaginal hysterectomy),No,No,9,3,Center,,,,,
30,10:22:34 AM,10:22:41 AM,00:07,TVH (Transvaginal hysterectomy),No,No,9,3,Center,,,,,
22,10:22:41 AM,10:22:41 AM,00:00,TVH (Transvaginal hysterectomy),No,No,9,3,Center,,,,,
6,10:22:41 AM,10:22:43 AM,00:02,TVH (Transvaginal hysterectomy),No,No,9,3,Center,,,,,
2,10:22:43 AM,10:22:45 AM,00:02,TVH (Transvaginal hysterectomy),No,No,9,3,Center,,,,,
1,10:22:45 AM,10:22:48 AM,00:03,TVH (Transvaginal hysterectomy),No,No,9,3,Center,,,,,
9,10:22:48 AM,10:22:50 AM,00:02,TVH (Transvaginal hysterectomy),No,No,9,3,Center,,,,,
10,10:22:50 AM,10:22:51 AM,00:01,TVH (Transvaginal hysterectomy),No,No,9,3,Center,,,,,
2,10:22:51 AM,10:22:53 AM,00:02,TVH (Transvaginal hysterectomy),No,No,9,3,Center,,,,,
10,10:22:53 AM,10:22:55 AM,00:02,TVH (Transvaginal hysterectomy),No,No,9,3,Center,,,,,
26,10:22:55 AM,10:22:56 AM,00:01,TVH (Transvaginal hysterectomy),No,No,9,3,Center,,,,,
18,10:22:56 AM,10:23:04 AM,00:08,TVH (Transvaginal hysterectomy),No,No,9,3,Center,,,,,
2,10:23:04 AM,10:23:09 AM,00:05,TVH (Transvaginal hysterectomy),No,No,9,3,Center,,,,,
18,10:23:09 AM,10:23:09 AM,00:00,TVH (Transvaginal hysterectomy),No,No,9,3,Center,,,,,
20,10:23:09 AM,10:23:16 AM,00:07,TVH (Transvaginal hysterectomy),No,No,9,3,Center,,,,,
18,10:23:16 AM,10:23:18 AM,00:02,TVH (Transvaginal hysterectomy),No,No,9,3,Center,,,,,
2,10:23:18 AM,10:23:24 AM,00:06,TVH (Transvaginal hysterectomy),No,No,9,3,Center,,,,,
1,10:23:24 AM,10:23:28 AM,00:04,TVH (Transvaginal hysterectomy),No,No,9,3,Center,,,,,
2,10:23:28 AM,10:23:28 AM,00:00,TVH (Transvaginal hysterectomy),No,No,9,3,Center,,,,,
18,10:23:28 AM,10:23:45 AM,00:17,TVH (Transvaginal hysterectomy),No,No,9,3,Center,,,,,
17,10:23:45 AM,10:23:45 AM,00:00,TVH (Transvaginal hysterectomy),No,No,9,3,Center,,,,,
1,10:23:45 AM,10:23:54 AM,00:09,TVH (Transvaginal hysterectomy),No,No,9,3,Center,,,,,
2,10:23:54 AM,10:23:55 AM,00:01,TVH (Transvaginal hysterectomy),No,No,9,3,Center,,,,,
1,10:23:55 AM,10:24:05 AM,00:10,TVH (Transvaginal hysterectomy),No,No,9,3,Center,,,,,
17,10:24:05 AM,10:24:07 AM,00:02,TVH (Transvaginal hysterectomy),No,No,9,3,Center,,,,,
18,10:24:07 AM,10:24:09 AM,00:02,TVH (Transvaginal hysterectomy),No,No,9,3,Center,,,,,
17,10:24:09 AM,10:24:09 AM,00:00,TVH (Transvaginal hysterectomy),No,No,9,3,Center,,,,,
1,10:24:09 AM,10:24:14 AM,00:05,TVH (Transvaginal hysterectomy),No,No,9,3,Center,,,,,
17,10:24:14 AM,10:24:15 AM,00:01,TVH (Transvaginal hysterectomy),No,No,9,3,Center,,,,,
1,10:24:15 AM,10:24:17 AM,00:02,TVH (Transvaginal hysterectomy),No,No,9,3,Center,,,,,
9,10:24:17 AM,10:24:19 AM,00:02,TVH (Transvaginal hysterectomy),No,No,9,3,Center,,,,,
11,10:24:19 AM,10:24:21 AM,00:02,TVH (Transvaginal hysterectomy),No,No,9,3,Center,,,,,
9,10:24:21 AM,10:24:22 AM,00:01,TVH (Transvaginal hysterectomy),No,No,9,3,Center,,,,,
1,10:24:22 AM,10:24:23 AM,00:01,TVH (Transvaginal hysterectomy),No,No,9,3,Center,,,,,
9,10:24:23 AM,10:24:25 AM,00:02,TVH (Transvaginal hysterectomy),No,No,9,3,Center,,,,,
10,10:24:25 AM,10:24:29 AM,00:04,TVH (Transvaginal hysterectomy),No,No,9,3,Center,,,,,
2,10:24:29 AM,10:24:37 AM,00:08,TVH (Transvaginal hysterectomy),No,No,9,3,Center,,,,,
18,10:24:37 AM,10:24:48 AM,00:11,TVH (Transvaginal hysterectomy),No,No,9,3,Center,,,,,
26,10:24:48 AM,10:24:50 AM,00:02,TVH (Transvaginal hysterectomy),No,No,9,3,Center,,,,,
18,10:24:50 AM,10:25:11 AM,00:21,TVH (Transvaginal hysterectomy),No,No,9,3,Center,,,,,
2,10:25:11 AM,10:25:12 AM,00:01,TVH (Transvaginal hysterectomy),No,No,9,3,Center,,,,,
1,10:25:12 AM,10:25:14 AM,00:02,TVH (Transvaginal hysterectomy),No,No,9,3,Center,,,,,
2,10:25:14 AM,10:25:24 AM,00:10,TVH (Transvaginal hysterectomy),No,No,9,3,Center,,,,,
18,10:25:24 AM,10:25:26 AM,00:02,TVH (Transvaginal hysterectomy),No,No,9,3,Center,,,,,
2,10:25:26 AM,10:25:32 AM,00:06,TVH (Transvaginal hysterectomy),No,No,9,3,Center,,,,,
10,10:25:32 AM,10:25:35 AM,00:03,TVH (Transvaginal hysterectomy),No,No,9,3,Center,,,,,
2,10:25:35 AM,10:25:37 AM,00:02,TVH (Transvaginal hysterectomy),No,No,9,3,Center,,,,,
18,10:25:37 AM,10:25:43 AM,00:06,TVH (Transvaginal hysterectomy),No,No,9,3,Center,,,,,
2,10:25:43 AM,10:25:49 AM,00:06,TVH (Transvaginal hysterectomy),No,No,9,3,Center,,,,,
18,10:25:49 AM,10:25:54 AM,00:05,TVH (Transvaginal hysterectomy),No,No,9,3,Center,,,,,
2,10:25:54 AM,10:25:55 AM,00:01,TVH (Transvaginal hysterectomy),No,No,9,3,Center,,,,,
10,10:25:55 AM,10:25:57 AM,00:02,TVH (Transvaginal hysterectomy),No,No,9,3,Center,,,,,
2,10:25:57 AM,10:25:59 AM,00:02,TVH (Transvaginal hysterectomy),No,No,9,3,Center,,,,,
10,10:25:59 AM,10:26:00 AM,00:01,TVH (Transvaginal hysterectomy),No,No,9,3,Center,,,,,
26,10:26:00 AM,10:26:01 AM,00:01,TVH (Transvaginal hysterectomy),No,No,9,3,Center,,,,,
10,10:26:01 AM,10:26:01 AM,00:00,TVH (Transvaginal hysterectomy),No,No,9,3,Center,,,,,
2,10:26:01 AM,10:26:09 AM,00:08,TVH (Transvaginal hysterectomy),No,No,9,3,Center,,,,,
1,10:26:09 AM,10:26:14 AM,00:05,TVH (Transvaginal hysterectomy),No,No,9,3,Center,,,,,
9,10:26:14 AM,10:26:15 AM,00:01,TVH (Transvaginal hysterectomy),No,No,9,3,Center,,,,,
25,10:26:15 AM,10:26:15 AM,00:00,TVH (Transvaginal hysterectomy),No,No,9,3,Center,,,,,
26,10:26:15 AM,10:26:33 AM,00:18,TVH (Transvaginal hysterectomy),No,No,9,3,Center,,,,,
10,10:26:33 AM,10:26:34 AM,00:01,TVH (Transvaginal hysterectomy),No,No,9,3,Center,,,,,
2,10:26:34 AM,10:26:37 AM,00:03,TVH (Transvaginal hysterectomy),No,No,9,3,Center,,,,,
10,10:26:37 AM,10:26:38 AM,00:01,TVH (Transvaginal hysterectomy),No,No,9,3,Center,,,,,
26,10:26:38 AM,10:26:51 AM,00:13,TVH (Transvaginal hysterectomy),No,No,9,3,Center,,,,,
10,10:26:51 AM,10:27:05 AM,00:14,TVH (Transvaginal hysterectomy),No,No,9,3,Center,,,,,
26,10:27:05 AM,10:27:17 AM,00:12,TVH (Transvaginal hysterectomy),No,No,9,3,Center,,,,,
18,10:27:17 AM,10:27:19 AM,00:02,TVH (Transvaginal hysterectomy),No,No,9,3,Center,,,,,
2,10:27:19 AM,10:27:22 AM,00:03,TVH (Transvaginal hysterectomy),No,No,9,3,Center,,,,,
18,10:27:22 AM,10:27:27 AM,00:05,TVH (Transvaginal hysterectomy),No,No,9,3,Center,,,,,
2,10:27:27 AM,10:27:33 AM,00:06,TVH (Transvaginal hysterectomy),No,No,9,3,Center,,,,,
18,10:27:33 AM,10:27:44 AM,00:11,TVH (Transvaginal hysterectomy),No,No,9,3,Center,,,,,
2,10:27:44 AM,10:27:49 AM,00:05,TVH (Transvaginal hysterectomy),No,No,9,3,Center,,,,,
10,10:27:49 AM,10:28:02 AM,00:13,TVH (Transvaginal hysterectomy),No,No,9,3,Center,,,,,
26,10:28:02 AM,10:28:25 AM,00:23,TVH (Transvaginal hysterectomy),No,No,9,3,Center,,,,,
18,10:28:25 AM,10:28:27 AM,00:02,TVH (Transvaginal hysterectomy),No,No,9,3,Center,,,,,
2,10:28:27 AM,10:28:28 AM,00:01,TVH (Transvaginal hysterectomy),No,No,9,3,Center,,,,,
1,10:28:28 AM,10:28:30 AM,00:02,TVH (Transvaginal hysterectomy),No,No,9,3,Center,,,,,
17,10:28:30 AM,10:28:32 AM,00:02,TVH (Transvaginal hysterectomy),No,No,9,3,Center,,,,,
18,10:28:32 AM,10:28:35 AM,00:03,TVH (Transvaginal hysterectomy),No,No,9,3,Center,,,,,
22,10:28:35 AM,10:28:37 AM,00:02,TVH (Transvaginal hysterectomy),No,No,9,3,Center,,,,,
18,10:28:37 AM,10:28:39 AM,00:02,TVH (Transvaginal hysterectomy),No,No,9,3,Center,,,,,
2,10:28:39 AM,10:28:39 AM,00:00,TVH (Transvaginal hysterectomy),No,No,9,3,Center,,,,,
1,10:28:39 AM,10:28:50 AM,00:11,TVH (Transvaginal hysterectomy),No,No,9,3,Center,,,,,
2,10:28:50 AM,10:28:56 AM,00:06,TVH (Transvaginal hysterectomy),No,No,9,3,Center,,,,,
18,10:28:56 AM,10:28:57 AM,00:01,TVH (Transvaginal hysterectomy),No,No,9,3,Center,,,,,
2,10:28:57 AM,10:29:00 AM,00:03,TVH (Transvaginal hysterectomy),No,No,9,3,Center,,,,,
18,10:29:00 AM,10:29:06 AM,00:06,TVH (Transvaginal hysterectomy),No,No,9,3,Center,,,,,
2,10:29:06 AM,10:29:08 AM,00:02,TVH (Transvaginal hysterectomy),No,No,9,3,Center,,,,,
18,10:29:08 AM,10:29:12 AM,00:04,TVH (Transvaginal hysterectomy),No,No,9,3,Center,,,,,
2,10:29:12 AM,10:29:14 AM,00:02,TVH (Transvaginal hysterectomy),No,No,9,3,Center,,,,,
1,10:29:14 AM,10:29:20 AM,00:06,TVH (Transvaginal hysterectomy),No,No,9,3,Center,,,,,
2,10:29:20 AM,10:29:26 AM,00:06,TVH (Transvaginal hysterectomy),No,No,9,3,Center,,,,,
18,10:29:26 AM,10:29:36 AM,00:10,TVH (Transvaginal hysterectomy),No,No,9,3,Center,,,,,
2,10:29:36 AM,10:29:37 AM,00:01,TVH (Transvaginal hysterectomy),No,No,9,3,Center,,,,,
1,10:29:37 AM,10:29:38 AM,00:01,TVH (Transvaginal hysterectomy),No,No,9,3,Center,,,,,
2,10:29:38 AM,10:29:43 AM,00:05,TVH (Transvaginal hysterectomy),No,No,9,3,Center,,,,,
1,10:29:43 AM,10:29:47 AM,00:04,TVH (Transvaginal hysterectomy),No,No,9,3,Center,,,,,
2,10:29:47 AM,10:29:52 AM,00:05,TVH (Transvaginal hysterectomy),No,No,9,3,Center,,,,,
18,10:29:52 AM,10:29:56 AM,00:04,TVH (Transvaginal hysterectomy),No,No,9,3,Center,,,,,
2,10:29:56 AM,10:30:14 AM,00:18,TVH (Transvaginal hysterectomy),No,No,9,3,Center,,,,,
18,10:30:14 AM,10:30:22 AM,00:08,TVH (Transvaginal hysterectomy),No,No,9,3,Center,,,,,
22,10:30:22 AM,10:30:48 AM,00:26,TVH (Transvaginal hysterectomy),No,No,9,3,Center,,,,,
18,10:30:48 AM,10:30:49 AM,00:01,TVH (Transvaginal hysterectomy),No,No,9,3,Center,,,,,
2,10:30:49 AM,10:31:09 AM,00:20,TVH (Transvaginal hysterectomy),No,No,9,3,Center,,,,,
1,10:31:09 AM,10:31:32 AM,00:23,TVH (Transvaginal hysterectomy),No,No,9,3,Center,,,,,
2,10:31:32 AM,10:31:36 AM,00:04,TVH (Transvaginal hysterectomy),No,No,9,3,Center,,,,,
18,10:31:36 AM,10:31:38 AM,00:02,TVH (Transvaginal hysterectomy),No,No,9,3,Center,,,,,
26,10:31:38 AM,10:31:39 AM,00:01,TVH (Transvaginal hysterectomy),No,No,9,3,Center,,,,,
10,10:31:39 AM,10:31:39 AM,00:00,TVH (Transvaginal hysterectomy),No,No,9,3,Center,,,,,
2,10:31:39 AM,10:31:42 AM,00:03,TVH (Transvaginal hysterectomy),No,No,9,3,Center,,,,,
18,10:31:42 AM,10:32:24 AM,00:42,TVH (Transvaginal hysterectomy),No,No,9,3,Center,,,,,
22,10:32:24 AM,10:32:34 AM,00:10,TVH (Transvaginal hysterectomy),No,No,9,3,Center,,,,,
18,10:32:34 AM,10:32:35 AM,00:01,TVH (Transvaginal hysterectomy),No,No,9,3,Center,,,,,
2,10:32:35 AM,10:32:36 AM,00:01,TVH (Transvaginal hysterectomy),No,No,9,3,Center,,,,,
18,10:32:36 AM,10:32:48 AM,00:12,TVH (Transvaginal hysterectomy),No,No,9,3,Center,,,,,
2,10:32:48 AM,10:33:06 AM,00:18,TVH (Transvaginal hysterectomy),No,No,9,3,Center,,,,,
18,10:33:06 AM,10:33:08 AM,00:02,TVH (Transvaginal hysterectomy),No,No,9,3,Center,,,,,
2,10:33:08 AM,10:33:10 AM,00:02,TVH (Transvaginal hysterectomy),No,No,9,3,Center,,,,,
1,10:33:10 AM,10:33:12 AM,00:02,TVH (Transvaginal hysterectomy),No,No,9,3,Center,,,,,
2,10:33:12 AM,10:33:14 AM,00:02,TVH (Transvaginal hysterectomy),No,No,9,3,Center,,,,,
18,10:33:14 AM,10:33:24 AM,00:10,TVH (Transvaginal hysterectomy),No,No,9,3,Center,,,,,
22,10:33:24 AM,10:33:51 AM,00:27,TVH (Transvaginal hysterectomy),No,No,9,3,Center,,,,,
6,10:33:51 AM,10:33:53 AM,00:02,TVH (Transvaginal hysterectomy),No,No,9,3,Center,,,,,
2,10:33:53 AM,10:33:53 AM,00:00,TVH (Transvaginal hysterectomy),No,No,9,3,Center,,,,,
18,10:33:53 AM,10:33:57 AM,00:04,TVH (Transvaginal hysterectomy),No,No,9,3,Center,,,,,
17,10:33:57 AM,10:34:02 AM,00:05,TVH (Transvaginal hysterectomy),No,No,9,3,Center,,,,,
25,10:34:02 AM,10:34:05 AM,00:03,TVH (Transvaginal hysterectomy),No,No,9,3,Center,,,,,
29,10:34:05 AM,10:34:06 AM,00:01,TVH (Transvaginal hysterectomy),No,No,9,3,Center,,,,,
30,10:34:06 AM,10:34:19 AM,00:13,TVH (Transvaginal hysterectomy),No,No,9,3,Center,,,,,
14,10:34:19 AM,10:34:20 AM,00:01,TVH (Transvaginal hysterectomy),No,No,9,3,Center,,,,,
6,10:34:20 AM,10:34:20 AM,00:00,TVH (Transvaginal hysterectomy),No,No,9,3,Center,,,,,
2,10:34:20 AM,10:34:29 AM,00:09,TVH (Transvaginal hysterectomy),No,No,9,3,Center,,,,,
1,10:34:29 AM,10:34:43 AM,00:14,TVH (Transvaginal hysterectomy),No,No,9,3,Center,,,,,
2,10:34:43 AM,10:34:52 AM,00:09,TVH (Transvaginal hysterectomy),No,No,9,3,Center,,,,,
18,10:34:52 AM,10:34:57 AM,00:05,TVH (Transvaginal hysterectomy),No,No,9,3,Center,,,,,
22,10:34:57 AM,10:35:02 AM,00:05,TVH (Transvaginal hysterectomy),No,No,9,3,Center,,,,,
18,10:35:02 AM,10:35:04 AM,00:02,TVH (Transvaginal hysterectomy),No,No,9,3,Center,,,,,
2,10:35:04 AM,10:35:09 AM,00:05,TVH (Transvaginal hysterectomy),No,No,9,3,Center,,,,,
18,10:35:09 AM,10:35:10 AM,00:01,TVH (Transvaginal hysterectomy),No,No,9,3,Center,,,,,
20,10:35:10 AM,10:35:12 AM,00:02,TVH (Transvaginal hysterectomy),No,No,9,3,Center,,,,,
18,10:35:12 AM,10:35:18 AM,00:06,TVH (Transvaginal hysterectomy),No,No,9,3,Center,,,,,
2,10:35:18 AM,10:35:32 AM,00:14,TVH (Transvaginal hysterectomy),No,No,9,3,Center,,,,,
6,10:35:32 AM,10:35:34 AM,00:02,TVH (Transvaginal hysterectomy),No,No,9,3,Center,,,,,
22,10:35:34 AM,10:35:46 AM,00:12,TVH (Transvaginal hysterectomy),No,No,9,3,Center,,,,,
18,10:35:46 AM,10:35:48 AM,00:02,TVH (Transvaginal hysterectomy),No,No,9,3,Center,,,,,
2,10:35:48 AM,10:35:50 AM,00:02,TVH (Transvaginal hysterectomy),No,No,9,3,Center,,,,,
1,10:35:50 AM,10:35:53 AM,00:03,TVH (Transvaginal hysterectomy),No,No,9,3,Center,,,,,
17,10:35:53 AM,10:35:55 AM,00:02,TVH (Transvaginal hysterectomy),No,No,9,3,Center,,,,,
21,10:35:55 AM,10:35:58 AM,00:03,TVH (Transvaginal hysterectomy),No,No,9,3,Center,,,,,
29,10:35:58 AM,10:36:04 AM,00:06,TVH (Transvaginal hysterectomy),No,No,9,3,Center,,,,,
21,10:36:04 AM,10:36:05 AM,00:01,TVH (Transvaginal hysterectomy),No,No,9,3,Center,,,,,
5,10:36:05 AM,10:36:05 AM,00:00,TVH (Transvaginal hysterectomy),No,No,9,3,Center,,,,,
1,10:36:05 AM,10:36:29 AM,00:24,TVH (Transvaginal hysterectomy),No,No,9,3,Center,,,,,
2,10:36:29 AM,10:36:32 AM,00:03,TVH (Transvaginal hysterectomy),No,No,9,3,Center,,,,,
18,10:36:32 AM,10:36:33 AM,00:01,TVH (Transvaginal hysterectomy),No,No,9,3,Center,,,,,
26,10:36:33 AM,10:36:49 AM,00:16,TVH (Transvaginal hysterectomy),No,No,9,3,Center,,,,,
10,10:36:49 AM,10:36:51 AM,00:02,TVH (Transvaginal hysterectomy),No,No,9,3,Center,,,,,
2,10:36:51 AM,10:36:59 AM,00:08,TVH (Transvaginal hysterectomy),No,No,9,3,Center,,,,,
1,10:36:59 AM,10:37:09 AM,00:10,TVH (Transvaginal hysterectomy),No,No,9,3,Center,,,,,
17,10:37:09 AM,10:37:10 AM,00:01,TVH (Transvaginal hysterectomy),No,No,9,3,Center,,,,,
18,10:37:10 AM,10:37:16 AM,00:06,TVH (Transvaginal hysterectomy),No,No,9,3,Center,,,,,
2,10:37:16 AM,10:37:30 AM,00:14,TVH (Transvaginal hysterectomy),No,No,9,3,Center,,,,,
18,10:37:30 AM,10:37:36 AM,00:06,TVH (Transvaginal hysterectomy),No,No,9,3,Center,,,,,
2,10:37:36 AM,10:38:07 AM,00:31,TVH (Transvaginal hysterectomy),No,No,9,3,Center,,,,,
6,10:38:07 AM,10:38:09 AM,00:02,TVH (Transvaginal hysterectomy),No,No,9,3,Center,,,,,
2,10:38:09 AM,10:38:12 AM,00:03,TVH (Transvaginal hysterectomy),No,No,9,3,Center,,,,,
1,10:38:12 AM,10:40:45 AM,02:33,TVH (Transvaginal hysterectomy),No,No,9,3,Center,,,,,
17,10:40:45 AM,10:40:47 AM,00:02,TVH (Transvaginal hysterectomy),No,No,9,3,Center,,,,,
1,10:40:47 AM,10:40:53 AM,00:06,TVH (Transvaginal hysterectomy),No,No,9,3,Center,,,,,
2,10:40:53 AM,10:41:07 AM,00:14,TVH (Transvaginal hysterectomy),No,No,9,3,Center,,,,,
1,10:41:07 AM,10:41:16 AM,00:09,TVH (Transvaginal hysterectomy),No,No,9,3,Center,,,,,
17,10:41:16 AM,10:41:17 AM,00:01,TVH (Transvaginal hysterectomy),No,No,9,3,Center,,,,,
1,10:41:17 AM,10:41:18 AM,00:01,TVH (Transvaginal hysterectomy),No,No,9,3,Center,,,,,
2,10:41:18 AM,10:41:20 AM,00:02,TVH (Transvaginal hysterectomy),No,No,9,3,Center,,,,,
18,10:41:20 AM,10:41:23 AM,00:03,TVH (Transvaginal hysterectomy),No,No,9,3,Center,,,,,
2,10:41:23 AM,10:41:26 AM,00:03,TVH (Transvaginal hysterectomy),No,No,9,3,Center,,,,,
1,10:41:26 AM,10:41:36 AM,00:10,TVH (Transvaginal hysterectomy),No,No,9,3,Center,,,,,
2,10:41:36 AM,10:41:48 AM,00:12,TVH (Transvaginal hysterectomy),No,No,9,3,Center,,,,,
18,10:41:48 AM,10:41:51 AM,00:03,TVH (Transvaginal hysterectomy),No,No,9,3,Center,,,,,
2,10:41:51 AM,10:41:59 AM,00:08,TVH (Transvaginal hysterectomy),No,No,9,3,Center,,,,,
18,10:41:59 AM,10:42:07 AM,00:08,TVH (Transvaginal hysterectomy),No,No,9,3,Center,,,,,
2,10:42:07 AM,10:42:18 AM,00:11,TVH (Transvaginal hysterectomy),No,No,9,3,Center,,,,,
18,10:42:18 AM,10:42:36 AM,00:18,TVH (Transvaginal hysterectomy),No,No,9,3,Center,,,,,
22,10:42:36 AM,10:42:41 AM,00:05,TVH (Transvaginal hysterectomy),No,No,9,3,Center,,,,,
6,10:42:41 AM,10:42:42 AM,00:01,TVH (Transvaginal hysterectomy),No,No,9,3,Center,,,,,
22,10:42:42 AM,10:42:59 AM,00:17,TVH (Transvaginal hysterectomy),No,No,9,3,Center,,,,,
30,10:42:59 AM,10:43:00 AM,00:01,TVH (Transvaginal hysterectomy),No,No,9,3,Center,,,,,
26,10:43:00 AM,10:43:09 AM,00:09,TVH (Transvaginal hysterectomy),No,No,9,3,Center,,,,,
18,10:43:09 AM,10:43:09 AM,00:00,TVH (Transvaginal hysterectomy),No,No,9,3,Center,,,,,
2,10:43:09 AM,10:43:29 AM,00:20,TVH (Transvaginal hysterectomy),No,No,9,3,Center,,,,,
6,10:43:29 AM,10:43:39 AM,00:10,TVH (Transvaginal hysterectomy),No,No,9,3,Center,,,,,
22,10:43:39 AM,10:43:40 AM,00:01,TVH (Transvaginal hysterectomy),No,No,9,3,Center,,,,,
18,10:43:40 AM,10:43:42 AM,00:02,TVH (Transvaginal hysterectomy),No,No,9,3,Center,,,,,
2,10:43:42 AM,10:44:24 AM,00:42,TVH (Transvaginal hysterectomy),No,No,9,3,Center,,,,,
1,10:44:24 AM,10:44:36 AM,00:12,TVH (Transvaginal hysterectomy),No,No,9,3,Center,,,,,
2,10:44:36 AM,10:44:50 AM,00:14,TVH (Transvaginal hysterectomy),No,No,9,3,Center,,,,,
18,10:44:50 AM,10:44:52 AM,00:02,TVH (Transvaginal hysterectomy),No,No,9,3,Center,,,,,
22,10:44:52 AM,10:45:00 AM,00:08,TVH (Transvaginal hysterectomy),No,No,9,3,Center,,,,,
18,10:45:00 AM,10:45:04 AM,00:04,TVH (Transvaginal hysterectomy),No,No,9,3,Center,,,,,
26,10:45:04 AM,10:45:20 AM,00:16,TVH (Transvaginal hysterectomy),No,No,9,3,Center,,,,,
18,10:45:20 AM,10:45:21 AM,00:01,TVH (Transvaginal hysterectomy),No,No,9,3,Center,,,,,
2,10:45:21 AM,10:45:21 AM,00:00,TVH (Transvaginal hysterectomy),No,No,9,3,Center,,,,,
6,10:45:21 AM,10:45:23 AM,00:02,TVH (Transvaginal hysterectomy),No,No,9,3,Center,,,,,
22,10:45:23 AM,10:45:37 AM,00:14,TVH (Transvaginal hysterectomy),No,No,9,3,Center,,,,,
6,10:45:37 AM,10:45:40 AM,00:03,TVH (Transvaginal hysterectomy),No,No,9,3,Center,,,,,
2,10:45:40 AM,10:45:48 AM,00:08,TVH (Transvaginal hysterectomy),No,No,9,3,Center,,,,,
18,10:45:48 AM,10:46:37 AM,00:49,TVH (Transvaginal hysterectomy),No,No,9,3,Center,,,,,
22,10:46:37 AM,10:46:53 AM,00:16,TVH (Transvaginal hysterectomy),No,No,9,3,Center,,,,,
30,10:46:53 AM,10:46:58 AM,00:05,TVH (Transvaginal hysterectomy),No,No,9,3,Center,,,,,
22,10:46:58 AM,10:46:58 AM,00:00,TVH (Transvaginal hysterectomy),No,No,9,3,Center,,,,,
18,10:46:58 AM,10:47:21 AM,00:23,TVH (Transvaginal hysterectomy),No,No,9,3,Center,,,,,
2,10:47:21 AM,10:47:32 AM,00:11,TVH (Transvaginal hysterectomy),No,No,9,3,Center,,,,,
18,10:47:32 AM,10:47:43 AM,00:11,TVH (Transvaginal hysterectomy),No,No,9,3,Center,,,,,
26,10:47:43 AM,10:47:51 AM,00:08,TVH (Transvaginal hysterectomy),No,No,9,3,Center,,,,,
18,10:47:51 AM,10:47:51 AM,00:00,TVH (Transvaginal hysterectomy),No,No,9,3,Center,,,,,
2,10:47:51 AM,10:47:59 AM,00:08,TVH (Transvaginal hysterectomy),No,No,9,3,Center,,,,,
18,10:47:59 AM,10:48:00 AM,00:01,TVH (Transvaginal hysterectomy),No,No,9,3,Center,,,,,
22,10:48:00 AM,10:48:16 AM,00:16,TVH (Transvaginal hysterectomy),No,No,9,3,Center,,,,,
30,10:48:16 AM,10:48:18 AM,00:02,TVH (Transvaginal hysterectomy),No,No,9,3,Center,,,,,
14,10:48:18 AM,10:48:27 AM,00:09,TVH (Transvaginal hysterectomy),No,No,9,3,Center,,,,,
30,10:48:27 AM,10:48:27 AM,00:00,TVH (Transvaginal hysterectomy),No,No,9,3,Center,,,,,
22,10:48:27 AM,10:48:29 AM,00:02,TVH (Transvaginal hysterectomy),No,No,9,3,Center,,,,,
30,10:48:29 AM,10:48:30 AM,00:01,TVH (Transvaginal hysterectomy),No,No,9,3,Center,,,,,
26,10:48:30 AM,10:48:37 AM,00:07,TVH (Transvaginal hysterectomy),No,No,9,3,Center,,,,,
18,10:48:37 AM,10:48:38 AM,00:01,TVH (Transvaginal hysterectomy),No,No,9,3,Center,,,,,
2,10:48:38 AM,10:48:42 AM,00:04,TVH (Transvaginal hysterectomy),No,No,9,3,Center,,,,,
18,10:48:42 AM,10:48:45 AM,00:03,TVH (Transvaginal hysterectomy),No,No,9,3,Center,,,,,
2,10:48:45 AM,10:48:47 AM,00:02,TVH (Transvaginal hysterectomy),No,No,9,3,Center,,,,,
6,10:48:47 AM,10:48:58 AM,00:11,TVH (Transvaginal hysterectomy),No,No,9,3,Center,,,,,
2,10:48:58 AM,10:49:02 AM,00:04,TVH (Transvaginal hysterectomy),No,No,9,3,Center,,,,,
18,10:49:02 AM,10:49:19 AM,00:17,TVH (Transvaginal hysterectomy),No,No,9,3,Center,,,,,
22,10:49:19 AM,10:49:56 AM,00:37,TVH (Transvaginal hysterectomy),No,No,9,3,Center,,,,,
18,10:49:56 AM,10:50:04 AM,00:08,TVH (Transvaginal hysterectomy),No,No,9,3,Center,,,,,
22,10:50:04 AM,10:50:19 AM,00:15,TVH (Transvaginal hysterectomy),No,No,9,3,Center,,,,,
18,10:50:19 AM,10:50:23 AM,00:04,TVH (Transvaginal hysterectomy),No,No,9,3,Center,,,,,
2,10:50:23 AM,10:50:32 AM,00:09,TVH (Transvaginal hysterectomy),No,No,9,3,Center,,,,,
6,10:50:32 AM,10:50:33 AM,00:01,TVH (Transvaginal hysterectomy),No,No,9,3,Center,,,,,
22,10:50:33 AM,10:50:33 AM,00:00,TVH (Transvaginal hysterectomy),No,No,9,3,Center,,,,,
18,10:50:33 AM,10:50:34 AM,00:01,TVH (Transvaginal hysterectomy),No,No,9,3,Center,,,,,
2,10:50:34 AM,10:50:41 AM,00:07,TVH (Transvaginal hysterectomy),No,No,9,3,Center,,,,,
18,10:50:41 AM,10:51:25 AM,00:44,TVH (Transvaginal hysterectomy),No,No,9,3,Center,,,,,
2,10:51:25 AM,10:51:59 AM,00:34,TVH (Transvaginal hysterectomy),No,No,9,3,Center,,,,,
18,10:51:59 AM,10:52:03 AM,00:04,TVH (Transvaginal hysterectomy),No,No,9,3,Center,,,,,
26,10:52:03 AM,10:52:07 AM,00:04,TVH (Transvaginal hysterectomy),No,No,9,3,Center,,,,,
10,10:52:07 AM,10:52:09 AM,00:02,TVH (Transvaginal hysterectomy),No,No,9,3,Center,,,,,
2,10:52:09 AM,10:52:13 AM,00:04,TVH (Transvaginal hysterectomy),No,No,9,3,Center,,,,,
10,10:52:13 AM,10:52:31 AM,00:18,TVH (Transvaginal hysterectomy),No,No,9,3,Center,,,,,
2,10:52:31 AM,10:52:38 AM,00:07,TVH (Transvaginal hysterectomy),No,No,9,3,Center,,,,,
1,10:52:38 AM,10:52:38 AM,00:00,TVH (Transvaginal hysterectomy),No,No,9,3,Center,,,,,
