Posture Code,Start ,End,Duration,Task Code,Stool Usage,Sitting,Bed Code,Patient Code,Location
1,3:49:10 PM,3:50:08 PM,00:58,TVH (Transvaginal hysterectomy),No,No,1,1,Center
2,3:50:08 PM,3:50:38 PM,00:30,TVH (Transvaginal hysterectomy),No,No,1,1,Center
1,3:50:38 PM,3:50:38 PM,00:00,TVH (Transvaginal hysterectomy),No,No,1,1,Center
2,3:50:38 PM,3:50:42 PM,00:04,TVH (Transvaginal hysterectomy),No,No,1,1,Center
1,3:50:42 PM,3:50:49 PM,00:07,TVH (Transvaginal hysterectomy),No,No,1,1,Center
2,3:50:49 PM,3:51:36 PM,00:47,TVH (Transvaginal hysterectomy),No,No,1,1,Center
1,3:51:36 PM,3:51:52 PM,00:16,TVH (Transvaginal hysterectomy),No,No,1,1,Center
2,3:51:52 PM,3:52:24 PM,00:32,TVH (Transvaginal hysterectomy),No,No,1,1,Center
6,3:52:24 PM,3:52:29 PM,00:05,TVH (Transvaginal hysterectomy),No,No,1,1,Center
2,3:52:29 PM,3:52:37 PM,00:08,TVH (Transvaginal hysterectomy),No,No,1,1,Center
1,3:52:37 PM,3:52:45 PM,00:08,TVH (Transvaginal hysterectomy),No,No,1,1,Center
2,3:52:45 PM,3:52:55 PM,00:10,TVH (Transvaginal hysterectomy),No,No,1,1,Center
10,3:52:55 PM,3:53:04 PM,00:09,TVH (Transvaginal hysterectomy),No,No,1,1,Center
14,3:53:04 PM,3:53:09 PM,00:05,TVH (Transvaginal hysterectomy),No,No,1,1,Center
30,3:53:09 PM,3:53:14 PM,00:05,TVH (Transvaginal hysterectomy),No,No,1,1,Center
14,3:53:14 PM,3:53:23 PM,00:09,TVH (Transvaginal hysterectomy),No,No,1,1,Center
10,3:53:23 PM,3:53:33 PM,00:10,TVH (Transvaginal hysterectomy),No,No,1,1,Center
2,3:53:33 PM,3:53:38 PM,00:05,TVH (Transvaginal hysterectomy),No,No,1,1,Center
18,3:53:38 PM,3:53:42 PM,00:04,TVH (Transvaginal hysterectomy),No,No,1,1,Center
2,3:53:42 PM,3:54:15 PM,00:33,TVH (Transvaginal hysterectomy),No,No,1,1,Center
10,3:54:15 PM,3:54:16 PM,00:01,TVH (Transvaginal hysterectomy),No,No,1,1,Center
9,3:54:16 PM,3:54:19 PM,00:03,TVH (Transvaginal hysterectomy),No,No,1,1,Center
1,3:54:19 PM,3:55:14 PM,00:55,TVH (Transvaginal hysterectomy),No,No,1,1,Center
17,3:55:14 PM,3:55:20 PM,00:06,TVH (Transvaginal hysterectomy),No,No,1,1,Center
1,3:55:20 PM,3:55:22 PM,00:02,TVH (Transvaginal hysterectomy),No,No,1,1,Center
17,3:55:22 PM,3:55:28 PM,00:06,TVH (Transvaginal hysterectomy),No,No,1,1,Center
18,3:55:28 PM,3:55:37 PM,00:09,TVH (Transvaginal hysterectomy),No,No,1,1,Center
2,3:55:37 PM,3:56:24 PM,00:47,TVH (Transvaginal hysterectomy),No,No,1,1,Center
1,3:56:24 PM,3:56:57 PM,00:33,TVH (Transvaginal hysterectomy),No,No,1,1,Center
2,3:56:57 PM,3:56:58 PM,00:01,TVH (Transvaginal hysterectomy),No,No,1,1,Center
18,3:56:58 PM,3:57:09 PM,00:11,TVH (Transvaginal hysterectomy),No,No,1,1,Center
2,3:57:09 PM,3:57:10 PM,00:01,TVH (Transvaginal hysterectomy),No,No,1,1,Center
1,3:57:10 PM,3:57:23 PM,00:13,TVH (Transvaginal hysterectomy),No,No,1,1,Center
17,3:57:23 PM,3:57:28 PM,00:05,TVH (Transvaginal hysterectomy),No,No,1,1,Center
18,3:57:28 PM,3:57:52 PM,00:24,TVH (Transvaginal hysterectomy),No,No,1,1,Center
2,3:57:52 PM,3:57:53 PM,00:01,TVH (Transvaginal hysterectomy),No,No,1,1,Center
1,3:57:53 PM,3:57:59 PM,00:06,TVH (Transvaginal hysterectomy),No,No,1,1,Center
2,3:57:59 PM,3:58:01 PM,00:02,TVH (Transvaginal hysterectomy),No,No,1,1,Center
18,3:58:01 PM,3:58:14 PM,00:13,TVH (Transvaginal hysterectomy),No,No,1,1,Center
22,3:58:14 PM,3:58:16 PM,00:02,TVH (Transvaginal hysterectomy),No,No,1,1,Center
18,3:58:16 PM,3:58:21 PM,00:05,TVH (Transvaginal hysterectomy),No,No,1,1,Center
2,3:58:21 PM,3:58:22 PM,00:01,TVH (Transvaginal hysterectomy),No,No,1,1,Center
1,3:58:22 PM,3:58:46 PM,00:24,TVH (Transvaginal hysterectomy),No,No,1,1,Center
2,3:58:46 PM,3:59:01 PM,00:15,TVH (Transvaginal hysterectomy),No,No,1,1,Center
1,3:59:01 PM,3:59:09 PM,00:08,TVH (Transvaginal hysterectomy),No,No,1,1,Center
2,3:59:09 PM,3:59:23 PM,00:14,TVH (Transvaginal hysterectomy),No,No,1,1,Center
18,3:59:23 PM,3:59:37 PM,00:14,TVH (Transvaginal hysterectomy),No,No,1,1,Center
2,3:59:37 PM,3:59:43 PM,00:06,TVH (Transvaginal hysterectomy),No,No,1,1,Center
1,3:59:43 PM,3:59:51 PM,00:08,TVH (Transvaginal hysterectomy),No,No,1,1,Center
17,3:59:51 PM,4:00:00 PM,00:09,TVH (Transvaginal hysterectomy),No,No,1,1,Center
1,4:00:00 PM,4:00:15 PM,00:15,TVH (Transvaginal hysterectomy),No,No,1,1,Center
2,4:00:15 PM,4:01:08 PM,00:53,TVH (Transvaginal hysterectomy),No,No,1,1,Center
18,4:01:08 PM,4:01:09 PM,00:01,TVH (Transvaginal hysterectomy),No,No,1,1,Center
2,4:01:09 PM,4:01:26 PM,00:17,TVH (Transvaginal hysterectomy),No,No,1,1,Center
1,4:01:26 PM,4:01:31 PM,00:05,TVH (Transvaginal hysterectomy),No,No,1,1,Center
2,4:01:31 PM,4:01:33 PM,00:02,TVH (Transvaginal hysterectomy),No,No,1,1,Center
18,4:01:33 PM,4:03:08 PM,01:35,TVH (Transvaginal hysterectomy),No,No,1,1,Center
26,4:03:08 PM,4:03:10 PM,00:02,TVH (Transvaginal hysterectomy),No,No,2,1,Center
10,4:03:10 PM,4:03:10 PM,00:00,TVH (Transvaginal hysterectomy),No,No,2,1,Center
2,4:03:10 PM,4:03:19 PM,00:09,TVH (Transvaginal hysterectomy),No,No,2,1,Center
10,4:03:19 PM,4:03:20 PM,00:01,TVH (Transvaginal hysterectomy),No,No,2,1,Center
2,4:03:20 PM,4:03:22 PM,00:02,TVH (Transvaginal hysterectomy),No,No,2,1,Center
18,4:03:22 PM,4:04:01 PM,00:39,TVH (Transvaginal hysterectomy),No,No,2,1,Center
2,4:04:01 PM,4:04:03 PM,00:02,TVH (Transvaginal hysterectomy),No,No,2,1,Center
18,4:04:03 PM,4:04:15 PM,00:12,TVH (Transvaginal hysterectomy),No,No,2,1,Center
2,4:04:15 PM,4:04:36 PM,00:21,TVH (Transvaginal hysterectomy),No,No,2,1,Center
1,4:04:36 PM,4:04:51 PM,00:15,TVH (Transvaginal hysterectomy),No,No,2,1,Center
2,4:04:51 PM,4:04:54 PM,00:03,TVH (Transvaginal hysterectomy),No,No,2,1,Center
1,4:04:54 PM,4:05:24 PM,00:30,TVH (Transvaginal hysterectomy),No,No,2,1,Center
2,4:05:24 PM,4:05:44 PM,00:20,TVH (Transvaginal hysterectomy),No,No,2,1,Center
1,4:05:44 PM,4:05:52 PM,00:08,TVH (Transvaginal hysterectomy),No,No,2,1,Center
2,4:05:52 PM,4:05:53 PM,00:01,TVH (Transvaginal hysterectomy),No,No,2,1,Center
1,4:05:53 PM,4:05:58 PM,00:05,TVH (Transvaginal hysterectomy),No,No,2,1,Center
2,4:05:58 PM,4:06:04 PM,00:06,TVH (Transvaginal hysterectomy),No,No,2,1,Center
1,4:06:04 PM,4:07:01 PM,00:57,TVH (Transvaginal hysterectomy),No,No,2,1,Center
2,4:07:01 PM,4:07:11 PM,00:10,TVH (Transvaginal hysterectomy),No,No,2,1,Center
1,4:07:11 PM,4:08:07 PM,00:56,TVH (Transvaginal hysterectomy),No,No,2,1,Center
2,4:08:07 PM,4:10:01 PM,01:54,TVH (Transvaginal hysterectomy),No,No,2,1,Center
1,4:10:01 PM,4:10:28 PM,00:27,TVH (Transvaginal hysterectomy),No,No,2,1,Center
2,4:10:28 PM,4:10:30 PM,00:02,TVH (Transvaginal hysterectomy),No,No,2,1,Center
18,4:10:30 PM,4:10:52 PM,00:22,TVH (Transvaginal hysterectomy),No,No,2,1,Center
17,4:10:52 PM,4:11:04 PM,00:12,TVH (Transvaginal hysterectomy),No,No,2,1,Center
18,4:11:04 PM,4:11:18 PM,00:14,TVH (Transvaginal hysterectomy),No,No,2,1,Center
2,4:11:18 PM,4:11:21 PM,00:03,TVH (Transvaginal hysterectomy),No,No,2,1,Center
1,4:11:21 PM,4:11:25 PM,00:04,TVH (Transvaginal hysterectomy),No,No,2,1,Center
17,4:11:25 PM,4:11:25 PM,00:00,TVH (Transvaginal hysterectomy),No,No,2,1,Center
18,4:11:25 PM,4:11:32 PM,00:07,TVH (Transvaginal hysterectomy),No,No,2,1,Center
22,4:11:32 PM,4:11:36 PM,00:04,TVH (Transvaginal hysterectomy),No,No,2,1,Center
18,4:11:36 PM,4:11:57 PM,00:21,TVH (Transvaginal hysterectomy),No,No,2,1,Center
2,4:11:57 PM,4:11:57 PM,00:00,TVH (Transvaginal hysterectomy),No,No,2,1,Center
1,4:11:57 PM,4:12:02 PM,00:05,TVH (Transvaginal hysterectomy),No,No,2,1,Center
17,4:12:02 PM,4:12:04 PM,00:02,TVH (Transvaginal hysterectomy),No,No,2,1,Center
18,4:12:04 PM,4:12:24 PM,00:20,TVH (Transvaginal hysterectomy),No,No,2,1,Center
2,4:12:24 PM,4:12:27 PM,00:03,TVH (Transvaginal hysterectomy),No,No,2,1,Center
18,4:12:27 PM,4:12:40 PM,00:13,TVH (Transvaginal hysterectomy),No,No,2,1,Center
22,4:12:40 PM,4:12:40 PM,00:00,TVH (Transvaginal hysterectomy),No,No,2,1,Center
18,4:12:40 PM,4:12:51 PM,00:11,TVH (Transvaginal hysterectomy),No,No,2,1,Center
2,4:12:51 PM,4:12:54 PM,00:03,TVH (Transvaginal hysterectomy),No,No,2,1,Center
1,4:12:54 PM,4:12:59 PM,00:05,TVH (Transvaginal hysterectomy),No,No,2,1,Center
2,4:12:59 PM,4:13:00 PM,00:01,TVH (Transvaginal hysterectomy),No,No,2,1,Center
18,4:13:00 PM,4:13:23 PM,00:23,TVH (Transvaginal hysterectomy),No,No,2,1,Center
2,4:13:23 PM,4:13:49 PM,00:26,TVH (Transvaginal hysterectomy),No,No,2,1,Center
1,4:13:49 PM,4:13:53 PM,00:04,TVH (Transvaginal hysterectomy),No,No,2,1,Center
17,4:13:53 PM,4:14:16 PM,00:23,TVH (Transvaginal hysterectomy),No,No,2,1,Center
1,4:14:16 PM,4:14:28 PM,00:12,TVH (Transvaginal hysterectomy),No,No,2,1,Center
2,4:14:28 PM,4:14:34 PM,00:06,TVH (Transvaginal hysterectomy),No,No,2,1,Center
18,4:14:34 PM,4:14:35 PM,00:01,TVH (Transvaginal hysterectomy),No,No,2,1,Center
2,4:14:35 PM,4:14:36 PM,00:01,TVH (Transvaginal hysterectomy),No,No,2,1,Center
1,4:14:36 PM,4:15:05 PM,00:29,TVH (Transvaginal hysterectomy),No,No,2,1,Center
17,4:15:05 PM,4:15:06 PM,00:01,TVH (Transvaginal hysterectomy),No,No,2,1,Center
1,4:15:06 PM,4:15:13 PM,00:07,TVH (Transvaginal hysterectomy),No,No,2,1,Center
2,4:15:13 PM,4:15:40 PM,00:27,TVH (Transvaginal hysterectomy),No,No,2,1,Center
18,4:15:40 PM,4:16:13 PM,00:33,TVH (Transvaginal hysterectomy),No,No,2,1,Center
2,4:16:13 PM,4:16:19 PM,00:06,TVH (Transvaginal hysterectomy),No,No,2,1,Center
18,4:16:19 PM,4:17:09 PM,00:50,TVH (Transvaginal hysterectomy),No,No,2,1,Center
17,4:17:09 PM,4:17:34 PM,00:25,TVH (Transvaginal hysterectomy),No,No,2,1,Center
1,4:17:34 PM,4:18:00 PM,00:26,TVH (Transvaginal hysterectomy),No,No,2,1,Center
2,4:18:00 PM,4:18:09 PM,00:09,TVH (Transvaginal hysterectomy),No,No,2,1,Center
1,4:18:09 PM,4:18:11 PM,00:02,TVH (Transvaginal hysterectomy),No,No,2,1,Center
2,4:18:11 PM,4:18:11 PM,00:00,TVH (Transvaginal hysterectomy),No,No,2,1,Center
1,4:18:11 PM,4:18:12 PM,00:01,TVH (Transvaginal hysterectomy),No,No,2,1,Center
2,4:18:12 PM,4:18:20 PM,00:08,TVH (Transvaginal hysterectomy),No,No,2,1,Center
1,4:18:20 PM,4:18:26 PM,00:06,TVH (Transvaginal hysterectomy),No,No,2,1,Center
2,4:18:26 PM,4:18:27 PM,00:01,TVH (Transvaginal hysterectomy),No,No,2,1,Center
18,4:18:27 PM,4:18:42 PM,00:15,TVH (Transvaginal hysterectomy),No,No,2,1,Center
17,4:18:42 PM,4:18:51 PM,00:09,TVH (Transvaginal hysterectomy),No,No,2,1,Center
18,4:18:51 PM,4:19:04 PM,00:13,TVH (Transvaginal hysterectomy),No,No,2,1,Center
26,4:19:04 PM,4:19:10 PM,00:06,TVH (Transvaginal hysterectomy),No,No,2,1,Center
18,4:19:10 PM,4:19:15 PM,00:05,TVH (Transvaginal hysterectomy),No,No,2,1,Center
17,4:19:15 PM,4:20:02 PM,00:47,TVH (Transvaginal hysterectomy),No,No,2,1,Center
1,4:20:02 PM,4:20:02 PM,00:00,TVH (Transvaginal hysterectomy),No,No,2,1,Center
2,4:20:02 PM,4:20:11 PM,00:09,TVH (Transvaginal hysterectomy),No,No,2,1,Center
18,4:20:11 PM,4:20:34 PM,00:23,TVH (Transvaginal hysterectomy),No,No,2,1,Center
2,4:20:34 PM,4:20:41 PM,00:07,TVH (Transvaginal hysterectomy),No,No,2,1,Center
18,4:20:41 PM,4:20:51 PM,00:10,TVH (Transvaginal hysterectomy),No,No,2,1,Center
2,4:20:51 PM,4:20:55 PM,00:04,TVH (Transvaginal hysterectomy),No,No,2,1,Center
1,4:20:55 PM,4:21:02 PM,00:07,TVH (Transvaginal hysterectomy),No,No,2,1,Center
17,4:21:02 PM,4:21:07 PM,00:05,TVH (Transvaginal hysterectomy),No,No,2,1,Center
18,4:21:07 PM,4:21:15 PM,00:08,TVH (Transvaginal hysterectomy),No,No,2,1,Center
22,4:21:15 PM,4:21:18 PM,00:03,TVH (Transvaginal hysterectomy),No,No,2,1,Center
18,4:21:18 PM,4:21:24 PM,00:06,TVH (Transvaginal hysterectomy),No,No,2,1,Center
2,4:21:24 PM,4:21:27 PM,00:03,TVH (Transvaginal hysterectomy),No,No,2,1,Center
18,4:21:27 PM,4:21:40 PM,00:13,TVH (Transvaginal hysterectomy),No,No,2,1,Center
22,4:21:40 PM,4:21:44 PM,00:04,TVH (Transvaginal hysterectomy),No,No,2,1,Center
18,4:21:44 PM,4:21:47 PM,00:03,TVH (Transvaginal hysterectomy),No,No,2,1,Center
2,4:21:47 PM,4:21:49 PM,00:02,TVH (Transvaginal hysterectomy),No,No,2,1,Center
1,4:21:49 PM,4:21:51 PM,00:02,TVH (Transvaginal hysterectomy),No,No,2,1,Center
2,4:21:51 PM,4:21:53 PM,00:02,TVH (Transvaginal hysterectomy),No,No,2,1,Center
1,4:21:53 PM,4:21:59 PM,00:06,TVH (Transvaginal hysterectomy),No,No,2,1,Center
17,4:21:59 PM,4:22:11 PM,00:12,TVH (Transvaginal hysterectomy),No,No,2,1,Center
25,4:22:11 PM,4:22:23 PM,00:12,TVH (Transvaginal hysterectomy),No,No,2,1,Center
17,4:22:23 PM,4:22:28 PM,00:05,TVH (Transvaginal hysterectomy),No,No,2,1,Center
1,4:22:28 PM,4:22:33 PM,00:05,TVH (Transvaginal hysterectomy),No,No,2,1,Center
2,4:22:33 PM,4:23:00 PM,00:27,TVH (Transvaginal hysterectomy),No,No,2,1,Center
1,4:23:00 PM,4:23:03 PM,00:03,TVH (Transvaginal hysterectomy),No,No,2,1,Center
17,4:23:03 PM,4:23:06 PM,00:03,TVH (Transvaginal hysterectomy),No,No,2,1,Center
1,4:23:06 PM,4:23:11 PM,00:05,TVH (Transvaginal hysterectomy),No,No,2,1,Center
2,4:23:11 PM,4:23:17 PM,00:06,TVH (Transvaginal hysterectomy),No,No,2,1,Center
18,4:23:17 PM,4:23:19 PM,00:02,TVH (Transvaginal hysterectomy),No,No,2,1,Center
26,4:23:19 PM,4:23:22 PM,00:03,TVH (Transvaginal hysterectomy),No,No,2,1,Center
18,4:23:22 PM,4:23:30 PM,00:08,TVH (Transvaginal hysterectomy),No,No,2,1,Center
2,4:23:30 PM,4:23:51 PM,00:21,TVH (Transvaginal hysterectomy),No,No,2,1,Center
1,4:23:51 PM,4:25:51 PM,02:00,TVH (Transvaginal hysterectomy),No,No,2,1,Center
2,4:25:51 PM,4:26:12 PM,00:21,TVH (Transvaginal hysterectomy),No,No,3,1,Center
18,4:26:12 PM,4:26:19 PM,00:07,TVH (Transvaginal hysterectomy),No,No,3,1,Center
2,4:26:19 PM,4:26:25 PM,00:06,TVH (Transvaginal hysterectomy),No,No,3,1,Center
1,4:26:25 PM,4:26:31 PM,00:06,TVH (Transvaginal hysterectomy),No,No,3,1,Center
2,4:26:31 PM,4:26:37 PM,00:06,TVH (Transvaginal hysterectomy),No,No,3,1,Center
18,4:26:37 PM,4:26:39 PM,00:02,TVH (Transvaginal hysterectomy),No,No,3,1,Center
26,4:26:39 PM,4:26:43 PM,00:04,TVH (Transvaginal hysterectomy),No,No,3,1,Center
25,4:26:43 PM,4:27:02 PM,00:19,TVH (Transvaginal hysterectomy),No,No,3,1,Center
17,4:27:02 PM,4:27:05 PM,00:03,TVH (Transvaginal hysterectomy),No,No,3,1,Center
25,4:27:05 PM,4:27:33 PM,00:28,TVH (Transvaginal hysterectomy),No,No,3,1,Center
9,4:27:33 PM,4:27:34 PM,00:01,TVH (Transvaginal hysterectomy),No,No,3,1,Center
1,4:27:34 PM,4:27:34 PM,00:00,TVH (Transvaginal hysterectomy),No,No,3,1,Center
9,4:27:34 PM,4:27:34 PM,00:00,TVH (Transvaginal hysterectomy),No,No,3,1,Center
1,4:27:34 PM,4:27:45 PM,00:11,TVH (Transvaginal hysterectomy),No,No,3,1,Center
2,4:27:45 PM,4:27:47 PM,00:02,TVH (Transvaginal hysterectomy),No,No,3,1,Center
10,4:27:47 PM,4:27:48 PM,00:01,TVH (Transvaginal hysterectomy),No,No,3,1,Center
26,4:27:48 PM,4:28:23 PM,00:35,TVH (Transvaginal hysterectomy),No,No,3,1,Center
10,4:28:23 PM,4:28:24 PM,00:01,TVH (Transvaginal hysterectomy),No,No,3,1,Center
2,4:28:24 PM,4:28:27 PM,00:03,TVH (Transvaginal hysterectomy),No,No,3,1,Center
1,4:28:27 PM,4:28:29 PM,00:02,TVH (Transvaginal hysterectomy),No,No,3,1,Center
17,4:28:29 PM,4:28:31 PM,00:02,TVH (Transvaginal hysterectomy),No,No,3,1,Center
18,4:28:31 PM,4:28:35 PM,00:04,TVH (Transvaginal hysterectomy),No,No,3,1,Center
26,4:28:35 PM,4:28:41 PM,00:06,TVH (Transvaginal hysterectomy),No,No,3,1,Center
25,4:28:41 PM,4:28:54 PM,00:13,TVH (Transvaginal hysterectomy),No,No,3,1,Center
26,4:28:54 PM,4:28:58 PM,00:04,TVH (Transvaginal hysterectomy),No,No,3,1,Center
25,4:28:58 PM,4:29:00 PM,00:02,TVH (Transvaginal hysterectomy),No,No,3,1,Center
17,4:29:00 PM,4:29:01 PM,00:01,TVH (Transvaginal hysterectomy),No,No,3,1,Center
1,4:29:01 PM,4:29:02 PM,00:01,TVH (Transvaginal hysterectomy),No,No,3,1,Center
17,4:29:02 PM,4:29:05 PM,00:03,TVH (Transvaginal hysterectomy),No,No,3,1,Center
1,4:29:05 PM,4:29:05 PM,00:00,TVH (Transvaginal hysterectomy),No,No,3,1,Center
2,4:29:05 PM,4:29:10 PM,00:05,TVH (Transvaginal hysterectomy),No,No,3,1,Center
10,4:29:10 PM,4:29:12 PM,00:02,TVH (Transvaginal hysterectomy),No,No,3,1,Center
26,4:29:12 PM,4:29:17 PM,00:05,TVH (Transvaginal hysterectomy),No,No,3,1,Center
10,4:29:17 PM,4:29:35 PM,00:18,TVH (Transvaginal hysterectomy),No,No,3,1,Center
9,4:29:35 PM,4:30:34 PM,00:59,TVH (Transvaginal hysterectomy),No,No,3,1,Center
1,4:30:34 PM,4:30:39 PM,00:05,TVH (Transvaginal hysterectomy),No,No,3,1,Center
9,4:30:39 PM,4:30:45 PM,00:06,TVH (Transvaginal hysterectomy),No,No,3,1,Center
25,4:30:45 PM,4:30:46 PM,00:01,TVH (Transvaginal hysterectomy),No,No,3,1,Center
26,4:30:46 PM,4:30:55 PM,00:09,TVH (Transvaginal hysterectomy),No,No,3,1,Center
25,4:30:55 PM,4:31:02 PM,00:07,TVH (Transvaginal hysterectomy),No,No,3,1,Center
9,4:31:02 PM,4:31:10 PM,00:08,TVH (Transvaginal hysterectomy),No,No,3,1,Center
25,4:31:10 PM,4:31:15 PM,00:05,TVH (Transvaginal hysterectomy),No,No,3,1,Center
26,4:31:15 PM,4:31:23 PM,00:08,TVH (Transvaginal hysterectomy),No,No,3,1,Center
18,4:31:23 PM,4:31:23 PM,00:00,TVH (Transvaginal hysterectomy),No,No,3,1,Center
26,4:31:23 PM,4:31:25 PM,00:02,TVH (Transvaginal hysterectomy),No,No,3,1,Center
18,4:31:25 PM,4:31:30 PM,00:05,TVH (Transvaginal hysterectomy),No,No,3,1,Center
2,4:31:30 PM,4:31:33 PM,00:03,TVH (Transvaginal hysterectomy),No,No,3,1,Center
18,4:31:33 PM,4:31:41 PM,00:08,TVH (Transvaginal hysterectomy),No,No,3,1,Center
26,4:31:41 PM,4:31:52 PM,00:11,TVH (Transvaginal hysterectomy),No,No,3,1,Center
18,4:31:52 PM,4:31:52 PM,00:00,TVH (Transvaginal hysterectomy),No,No,3,1,Center
2,4:31:52 PM,4:31:58 PM,00:06,TVH (Transvaginal hysterectomy),No,No,3,1,Center
10,4:31:58 PM,4:32:00 PM,00:02,TVH (Transvaginal hysterectomy),No,No,3,1,Center
26,4:32:00 PM,4:32:14 PM,00:14,TVH (Transvaginal hysterectomy),No,No,3,1,Center
25,4:32:14 PM,4:32:35 PM,00:21,TVH (Transvaginal hysterectomy),No,No,3,1,Center
26,4:32:35 PM,4:32:39 PM,00:04,TVH (Transvaginal hysterectomy),No,No,3,1,Center
10,4:32:39 PM,4:32:40 PM,00:01,TVH (Transvaginal hysterectomy),No,No,3,1,Center
2,4:32:40 PM,4:32:58 PM,00:18,TVH (Transvaginal hysterectomy),No,No,3,1,Center
6,4:32:58 PM,4:33:00 PM,00:02,TVH (Transvaginal hysterectomy),No,No,3,1,Center
2,4:33:00 PM,4:33:03 PM,00:03,TVH (Transvaginal hysterectomy),No,No,3,1,Center
1,4:33:03 PM,4:33:26 PM,00:23,TVH (Transvaginal hysterectomy),No,No,3,1,Center
17,4:33:26 PM,4:33:59 PM,00:33,TVH (Transvaginal hysterectomy),No,No,3,1,Center
18,4:33:59 PM,4:34:12 PM,00:13,TVH (Transvaginal hysterectomy),No,No,3,1,Center
2,4:34:12 PM,4:34:14 PM,00:02,TVH (Transvaginal hysterectomy),No,No,3,1,Center
1,4:34:14 PM,4:34:19 PM,00:05,TVH (Transvaginal hysterectomy),No,No,3,1,Center
17,4:34:19 PM,4:34:21 PM,00:02,TVH (Transvaginal hysterectomy),No,No,3,1,Center
1,4:34:21 PM,4:34:25 PM,00:04,TVH (Transvaginal hysterectomy),No,No,3,1,Center
17,4:34:25 PM,4:34:27 PM,00:02,TVH (Transvaginal hysterectomy),No,No,3,1,Center
18,4:34:27 PM,4:34:33 PM,00:06,TVH (Transvaginal hysterectomy),No,No,3,1,Center
17,4:34:33 PM,4:34:40 PM,00:07,TVH (Transvaginal hysterectomy),No,No,3,1,Center
18,4:34:40 PM,4:35:02 PM,00:22,TVH (Transvaginal hysterectomy),No,No,3,1,Center
22,4:35:02 PM,4:35:05 PM,00:03,TVH (Transvaginal hysterectomy),No,No,3,1,Center
18,4:35:05 PM,4:35:06 PM,00:01,TVH (Transvaginal hysterectomy),No,No,3,1,Center
2,4:35:06 PM,4:35:07 PM,00:01,TVH (Transvaginal hysterectomy),No,No,3,1,Center
1,4:35:07 PM,4:35:26 PM,00:19,TVH (Transvaginal hysterectomy),No,No,3,1,Center
9,4:35:26 PM,4:35:28 PM,00:02,TVH (Transvaginal hysterectomy),No,No,3,1,Center
25,4:35:28 PM,4:35:55 PM,00:27,TVH (Transvaginal hysterectomy),No,No,3,1,Center
26,4:35:55 PM,4:36:00 PM,00:05,TVH (Transvaginal hysterectomy),No,No,3,1,Center
18,4:36:00 PM,4:36:00 PM,00:00,TVH (Transvaginal hysterectomy),No,No,3,1,Center
2,4:36:00 PM,4:36:01 PM,00:01,TVH (Transvaginal hysterectomy),No,No,3,1,Center
1,4:36:01 PM,4:36:19 PM,00:18,TVH (Transvaginal hysterectomy),No,No,3,1,Center
2,4:36:19 PM,4:36:33 PM,00:14,TVH (Transvaginal hysterectomy),No,No,3,1,Center
18,4:36:33 PM,4:37:08 PM,00:35,TVH (Transvaginal hysterectomy),No,No,3,1,Center
2,4:37:08 PM,4:37:19 PM,00:11,TVH (Transvaginal hysterectomy),No,No,3,1,Center
18,4:37:19 PM,4:37:39 PM,00:20,TVH (Transvaginal hysterectomy),No,No,3,1,Center
17,4:37:39 PM,4:37:41 PM,00:02,TVH (Transvaginal hysterectomy),No,No,3,1,Center
1,4:37:41 PM,4:37:43 PM,00:02,TVH (Transvaginal hysterectomy),No,No,3,1,Center
17,4:37:43 PM,4:37:45 PM,00:02,TVH (Transvaginal hysterectomy),No,No,3,1,Center
18,4:37:45 PM,4:37:52 PM,00:07,TVH (Transvaginal hysterectomy),No,No,3,1,Center
17,4:37:52 PM,4:37:53 PM,00:01,TVH (Transvaginal hysterectomy),No,No,3,1,Center
18,4:37:53 PM,4:37:55 PM,00:02,TVH (Transvaginal hysterectomy),No,No,3,1,Center
2,4:37:55 PM,4:38:00 PM,00:05,TVH (Transvaginal hysterectomy),No,No,3,1,Center
18,4:38:00 PM,4:38:01 PM,00:01,TVH (Transvaginal hysterectomy),No,No,3,1,Center
22,4:38:01 PM,4:38:45 PM,00:44,TVH (Transvaginal hysterectomy),No,No,3,1,Center
6,4:38:45 PM,4:38:46 PM,00:01,TVH (Transvaginal hysterectomy),No,No,3,1,Center
2,4:38:46 PM,4:38:53 PM,00:07,TVH (Transvaginal hysterectomy),No,No,3,1,Center
1,4:38:53 PM,4:38:55 PM,00:02,TVH (Transvaginal hysterectomy),No,No,3,1,Center
17,4:38:55 PM,4:39:25 PM,00:30,TVH (Transvaginal hysterectomy),No,No,3,1,Center
18,4:39:25 PM,4:39:38 PM,00:13,TVH (Transvaginal hysterectomy),No,No,3,1,Center
2,4:39:38 PM,4:39:46 PM,00:08,TVH (Transvaginal hysterectomy),No,No,3,1,Center
18,4:39:46 PM,4:39:51 PM,00:05,TVH (Transvaginal hysterectomy),No,No,3,1,Center
2,4:39:51 PM,4:39:52 PM,00:01,TVH (Transvaginal hysterectomy),No,No,3,1,Center
18,4:39:52 PM,4:40:04 PM,00:12,TVH (Transvaginal hysterectomy),No,No,3,1,Center
2,4:40:04 PM,4:40:07 PM,00:03,TVH (Transvaginal hysterectomy),No,No,3,1,Center
1,4:40:07 PM,4:40:22 PM,00:15,TVH (Transvaginal hysterectomy),No,No,3,1,Center
2,4:40:22 PM,4:40:41 PM,00:19,TVH (Transvaginal hysterectomy),No,No,3,1,Center
18,4:40:41 PM,4:40:45 PM,00:04,TVH (Transvaginal hysterectomy),No,No,3,1,Center
2,4:40:45 PM,4:40:47 PM,00:02,TVH (Transvaginal hysterectomy),No,No,3,1,Center
18,4:40:47 PM,4:40:52 PM,00:05,TVH (Transvaginal hysterectomy),No,No,3,1,Center
17,4:40:52 PM,4:40:55 PM,00:03,TVH (Transvaginal hysterectomy),No,No,3,1,Center
1,4:40:55 PM,4:41:00 PM,00:05,TVH (Transvaginal hysterectomy),No,No,3,1,Center
17,4:41:00 PM,4:41:02 PM,00:02,TVH (Transvaginal hysterectomy),No,No,3,1,Center
18,4:41:02 PM,4:41:19 PM,00:17,TVH (Transvaginal hysterectomy),No,No,3,1,Center
2,4:41:19 PM,4:41:21 PM,00:02,TVH (Transvaginal hysterectomy),No,No,3,1,Center
1,4:41:21 PM,4:41:26 PM,00:05,TVH (Transvaginal hysterectomy),No,No,3,1,Center
17,4:41:26 PM,4:41:29 PM,00:03,TVH (Transvaginal hysterectomy),No,No,3,1,Center
18,4:41:29 PM,4:41:52 PM,00:23,TVH (Transvaginal hysterectomy),No,No,3,1,Center
17,4:41:52 PM,4:41:53 PM,00:01,TVH (Transvaginal hysterectomy),No,No,3,1,Center
1,4:41:53 PM,4:42:04 PM,00:11,TVH (Transvaginal hysterectomy),No,No,3,1,Center
17,4:42:04 PM,4:42:37 PM,00:33,TVH (Transvaginal hysterectomy),No,No,3,1,Center
1,4:42:37 PM,4:43:13 PM,00:36,TVH (Transvaginal hysterectomy),No,No,3,1,Center
17,4:43:13 PM,4:43:19 PM,00:06,TVH (Transvaginal hysterectomy),No,No,3,1,Center
18,4:43:19 PM,4:43:25 PM,00:06,TVH (Transvaginal hysterectomy),No,No,3,1,Center
17,4:43:25 PM,4:43:28 PM,00:03,TVH (Transvaginal hysterectomy),No,No,3,1,Center
1,4:43:28 PM,4:43:38 PM,00:10,TVH (Transvaginal hysterectomy),No,No,3,1,Center
17,4:43:38 PM,4:43:39 PM,00:01,TVH (Transvaginal hysterectomy),No,No,3,1,Center
18,4:43:39 PM,4:43:44 PM,00:05,TVH (Transvaginal hysterectomy),No,No,3,1,Center
17,4:43:44 PM,4:43:51 PM,00:07,TVH (Transvaginal hysterectomy),No,No,3,1,Center
1,4:43:51 PM,4:44:09 PM,00:18,TVH (Transvaginal hysterectomy),No,No,3,1,Center
17,4:44:09 PM,4:44:11 PM,00:02,TVH (Transvaginal hysterectomy),No,No,3,1,Center
18,4:44:11 PM,4:44:27 PM,00:16,TVH (Transvaginal hysterectomy),No,No,3,1,Center
26,4:44:27 PM,4:44:30 PM,00:03,TVH (Transvaginal hysterectomy),No,No,3,1,Center
10,4:44:30 PM,4:44:32 PM,00:02,TVH (Transvaginal hysterectomy),No,No,3,1,Center
2,4:44:32 PM,4:44:33 PM,00:01,TVH (Transvaginal hysterectomy),No,No,3,1,Center
1,4:44:33 PM,4:44:35 PM,00:02,TVH (Transvaginal hysterectomy),No,No,3,1,Center
2,4:44:35 PM,4:44:37 PM,00:02,TVH (Transvaginal hysterectomy),No,No,3,1,Center
18,4:44:37 PM,4:44:42 PM,00:05,TVH (Transvaginal hysterectomy),No,No,3,1,Center
26,4:44:42 PM,4:44:54 PM,00:12,TVH (Transvaginal hysterectomy),No,No,3,1,Center
25,4:44:54 PM,4:45:07 PM,00:13,TVH (Transvaginal hysterectomy),No,No,3,1,Center
26,4:45:07 PM,4:45:15 PM,00:08,TVH (Transvaginal hysterectomy),No,No,3,1,Center
25,4:45:15 PM,4:45:18 PM,00:03,TVH (Transvaginal hysterectomy),No,No,3,1,Center
26,4:45:18 PM,4:45:23 PM,00:05,TVH (Transvaginal hysterectomy),No,No,3,1,Center
25,4:45:23 PM,4:45:28 PM,00:05,TVH (Transvaginal hysterectomy),No,No,3,1,Center
26,4:45:28 PM,4:45:30 PM,00:02,TVH (Transvaginal hysterectomy),No,No,3,1,Center
25,4:45:30 PM,4:45:34 PM,00:04,TVH (Transvaginal hysterectomy),No,No,3,1,Center
26,4:45:34 PM,4:45:40 PM,00:06,TVH (Transvaginal hysterectomy),No,No,3,1,Center
25,4:45:40 PM,4:45:40 PM,00:00,TVH (Transvaginal hysterectomy),No,No,3,1,Center
9,4:45:40 PM,4:45:41 PM,00:01,TVH (Transvaginal hysterectomy),No,No,3,1,Center
1,4:45:41 PM,4:45:47 PM,00:06,TVH (Transvaginal hysterectomy),No,No,3,1,Center
2,4:45:47 PM,4:45:59 PM,00:12,TVH (Transvaginal hysterectomy),No,No,3,1,Center
1,4:45:59 PM,4:46:28 PM,00:29,TVH (Transvaginal hysterectomy),No,No,3,1,Center
2,4:46:28 PM,4:46:36 PM,00:08,TVH (Transvaginal hysterectomy),No,No,3,1,Center
18,4:46:36 PM,4:46:37 PM,00:01,TVH (Transvaginal hysterectomy),No,No,3,1,Center
2,4:46:37 PM,4:46:38 PM,00:01,TVH (Transvaginal hysterectomy),No,No,3,1,Center
1,4:46:38 PM,4:47:02 PM,00:24,TVH (Transvaginal hysterectomy),No,No,3,1,Center
17,4:47:02 PM,4:47:16 PM,00:14,TVH (Transvaginal hysterectomy),No,No,3,1,Center
1,4:47:16 PM,4:47:19 PM,00:03,TVH (Transvaginal hysterectomy),No,No,3,1,Center
17,4:47:19 PM,4:47:34 PM,00:15,TVH (Transvaginal hysterectomy),No,No,3,1,Center
1,4:47:34 PM,4:47:39 PM,00:05,TVH (Transvaginal hysterectomy),No,No,3,1,Center
5,4:47:39 PM,4:47:40 PM,00:01,TVH (Transvaginal hysterectomy),No,No,3,1,Center
1,4:47:40 PM,4:48:59 PM,01:19,TVH (Transvaginal hysterectomy),No,No,3,1,Center
2,4:48:59 PM,4:49:05 PM,00:06,TVH (Transvaginal hysterectomy),No,No,3,1,Center
1,4:49:05 PM,4:49:11 PM,00:06,TVH (Transvaginal hysterectomy),No,No,3,1,Center
17,4:49:11 PM,4:49:13 PM,00:02,TVH (Transvaginal hysterectomy),No,No,3,1,Center
18,4:49:13 PM,4:49:27 PM,00:14,TVH (Transvaginal hysterectomy),No,No,3,1,Center
2,4:49:27 PM,4:49:28 PM,00:01,TVH (Transvaginal hysterectomy),No,No,3,1,Center
1,4:49:28 PM,4:49:41 PM,00:13,TVH (Transvaginal hysterectomy),No,No,3,1,Center
2,4:49:41 PM,4:49:43 PM,00:02,TVH (Transvaginal hysterectomy),No,No,3,1,Center
18,4:49:43 PM,4:49:52 PM,00:09,TVH (Transvaginal hysterectomy),No,No,3,1,Center
2,4:49:52 PM,4:49:54 PM,00:02,TVH (Transvaginal hysterectomy),No,No,3,1,Center
18,4:49:54 PM,4:50:17 PM,00:23,TVH (Transvaginal hysterectomy),No,No,3,1,Center
2,4:50:17 PM,4:50:18 PM,00:01,TVH (Transvaginal hysterectomy),No,No,3,1,Center
1,4:50:18 PM,4:50:21 PM,00:03,TVH (Transvaginal hysterectomy),No,No,3,1,Center
5,4:50:21 PM,4:50:23 PM,00:02,TVH (Transvaginal hysterectomy),No,No,3,1,Center
6,4:50:23 PM,4:50:26 PM,00:03,TVH (Transvaginal hysterectomy),No,No,3,1,Center
22,4:50:26 PM,4:50:29 PM,00:03,TVH (Transvaginal hysterectomy),No,No,3,1,Center
18,4:50:29 PM,4:50:33 PM,00:04,TVH (Transvaginal hysterectomy),No,No,3,1,Center
22,4:50:33 PM,4:50:43 PM,00:10,TVH (Transvaginal hysterectomy),No,No,3,1,Center
18,4:50:43 PM,4:50:44 PM,00:01,TVH (Transvaginal hysterectomy),No,No,3,1,Center
17,4:50:44 PM,4:50:45 PM,00:01,TVH (Transvaginal hysterectomy),No,No,3,1,Center
1,4:50:45 PM,4:50:48 PM,00:03,TVH (Transvaginal hysterectomy),No,No,3,1,Center
9,4:50:48 PM,4:50:51 PM,00:03,TVH (Transvaginal hysterectomy),No,No,3,1,Center
25,4:50:51 PM,4:51:23 PM,00:32,TVH (Transvaginal hysterectomy),No,No,3,1,Center
17,4:51:23 PM,4:51:25 PM,00:02,TVH (Transvaginal hysterectomy),No,No,3,1,Center
1,4:51:25 PM,4:51:27 PM,00:02,TVH (Transvaginal hysterectomy),No,No,3,1,Center
2,4:51:27 PM,4:51:35 PM,00:08,TVH (Transvaginal hysterectomy),No,No,3,1,Center
1,4:51:35 PM,4:52:25 PM,00:50,TVH (Transvaginal hysterectomy),No,No,3,1,Center
17,4:52:25 PM,4:52:34 PM,00:09,TVH (Transvaginal hysterectomy),No,No,3,1,Center
1,4:52:34 PM,4:57:16 PM,04:42,TVH (Transvaginal hysterectomy),No,No,3,1,Center
17,4:57:16 PM,4:57:31 PM,00:15,TVH (Transvaginal hysterectomy),No,No,3,1,Center
1,4:57:31 PM,4:59:00 PM,01:29,TVH (Transvaginal hysterectomy),No,No,3,1,Center
2,5:04:25 PM,5:04:27 PM,00:02,BSO (Biateral salpingo-oophrectomy),No,No,4,2,Center
1,5:04:27 PM,5:04:35 PM,00:08,BSO (Biateral salpingo-oophrectomy),No,No,4,2,Center
2,5:04:35 PM,5:04:38 PM,00:03,BSO (Biateral salpingo-oophrectomy),No,No,4,2,Center
18,5:04:38 PM,5:04:41 PM,00:03,BSO (Biateral salpingo-oophrectomy),No,No,4,2,Center
17,5:04:41 PM,5:04:55 PM,00:14,BSO (Biateral salpingo-oophrectomy),No,No,4,2,Center
1,5:04:55 PM,5:05:02 PM,00:07,BSO (Biateral salpingo-oophrectomy),No,No,4,2,Center
17,5:05:02 PM,5:05:14 PM,00:12,BSO (Biateral salpingo-oophrectomy),No,No,4,2,Center
1,5:05:14 PM,5:05:24 PM,00:10,BSO (Biateral salpingo-oophrectomy),No,No,4,2,Center
17,5:05:24 PM,5:05:37 PM,00:13,BSO (Biateral salpingo-oophrectomy),No,No,4,2,Center
1,5:05:37 PM,5:05:39 PM,00:02,BSO (Biateral salpingo-oophrectomy),No,No,4,2,Center
17,5:05:39 PM,5:06:08 PM,00:29,BSO (Biateral salpingo-oophrectomy),No,No,4,2,Center
25,5:06:08 PM,5:06:15 PM,00:07,BSO (Biateral salpingo-oophrectomy),No,No,4,2,Center
26,5:06:15 PM,5:06:20 PM,00:05,BSO (Biateral salpingo-oophrectomy),No,No,4,2,Center
25,5:06:20 PM,5:06:30 PM,00:10,BSO (Biateral salpingo-oophrectomy),No,No,4,2,Center
9,5:06:30 PM,5:06:33 PM,00:03,BSO (Biateral salpingo-oophrectomy),No,No,4,2,Center
1,5:06:33 PM,5:06:42 PM,00:09,BSO (Biateral salpingo-oophrectomy),No,No,4,2,Center
17,5:06:42 PM,5:06:45 PM,00:03,BSO (Biateral salpingo-oophrectomy),No,No,4,2,Center
25,5:06:45 PM,5:07:40 PM,00:55,BSO (Biateral salpingo-oophrectomy),No,No,4,2,Center
9,5:07:40 PM,5:07:41 PM,00:01,BSO (Biateral salpingo-oophrectomy),No,No,4,2,Center
1,5:07:41 PM,5:08:05 PM,00:24,BSO (Biateral salpingo-oophrectomy),No,No,4,2,Center
17,5:08:05 PM,5:08:07 PM,00:02,BSO (Biateral salpingo-oophrectomy),No,No,4,2,Center
1,5:08:07 PM,5:08:11 PM,00:04,BSO (Biateral salpingo-oophrectomy),No,No,4,2,Center
2,5:08:11 PM,5:08:18 PM,00:07,BSO (Biateral salpingo-oophrectomy),No,No,4,2,Center
1,5:08:18 PM,5:08:37 PM,00:19,BSO (Biateral salpingo-oophrectomy),No,No,4,2,Center
17,5:08:37 PM,5:08:46 PM,00:09,BSO (Biateral salpingo-oophrectomy),No,No,4,2,Center
1,5:08:46 PM,5:08:53 PM,00:07,BSO (Biateral salpingo-oophrectomy),No,No,4,2,Center
2,5:08:53 PM,5:09:06 PM,00:13,BSO (Biateral salpingo-oophrectomy),No,No,4,2,Center
1,5:09:06 PM,5:09:16 PM,00:10,BSO (Biateral salpingo-oophrectomy),No,No,4,2,Center
17,5:09:16 PM,5:09:19 PM,00:03,BSO (Biateral salpingo-oophrectomy),No,No,4,2,Center
1,5:09:19 PM,5:09:25 PM,00:06,BSO (Biateral salpingo-oophrectomy),No,No,4,2,Center
17,5:09:25 PM,5:09:26 PM,00:01,BSO (Biateral salpingo-oophrectomy),No,No,4,2,Center
1,5:09:26 PM,5:09:28 PM,00:02,BSO (Biateral salpingo-oophrectomy),No,No,4,2,Center
2,5:09:28 PM,5:09:44 PM,00:16,BSO (Biateral salpingo-oophrectomy),No,No,4,2,Center
1,5:09:44 PM,5:09:47 PM,00:03,BSO (Biateral salpingo-oophrectomy),No,No,4,2,Center
17,5:09:47 PM,5:09:49 PM,00:02,BSO (Biateral salpingo-oophrectomy),No,No,4,2,Center
1,5:09:49 PM,5:09:51 PM,00:02,BSO (Biateral salpingo-oophrectomy),No,No,4,2,Center
2,5:09:51 PM,5:09:52 PM,00:01,BSO (Biateral salpingo-oophrectomy),No,No,4,2,Center
6,5:09:52 PM,5:09:54 PM,00:02,BSO (Biateral salpingo-oophrectomy),No,No,4,2,Center
2,5:09:54 PM,5:09:56 PM,00:02,BSO (Biateral salpingo-oophrectomy),No,No,4,2,Center
6,5:09:56 PM,5:10:02 PM,00:06,BSO (Biateral salpingo-oophrectomy),No,No,4,2,Center
2,5:10:02 PM,5:10:06 PM,00:04,BSO (Biateral salpingo-oophrectomy),No,No,4,2,Center
18,5:10:06 PM,5:10:22 PM,00:16,BSO (Biateral salpingo-oophrectomy),No,No,4,2,Center
2,5:10:22 PM,5:10:38 PM,00:16,BSO (Biateral salpingo-oophrectomy),No,No,4,2,Center
6,5:10:38 PM,5:10:47 PM,00:09,BSO (Biateral salpingo-oophrectomy),No,No,4,2,Center
2,5:10:47 PM,5:10:49 PM,00:02,BSO (Biateral salpingo-oophrectomy),No,No,4,2,Center
6,5:10:49 PM,5:10:53 PM,00:04,BSO (Biateral salpingo-oophrectomy),No,No,4,2,Center
2,5:10:53 PM,5:10:56 PM,00:03,BSO (Biateral salpingo-oophrectomy),No,No,4,2,Center
1,5:10:56 PM,5:11:24 PM,00:28,BSO (Biateral salpingo-oophrectomy),No,No,4,2,Center
2,5:11:24 PM,5:11:29 PM,00:05,BSO (Biateral salpingo-oophrectomy),No,No,4,2,Center
18,5:11:29 PM,5:13:12 PM,01:43,BSO (Biateral salpingo-oophrectomy),No,No,4,2,Center
2,5:13:12 PM,5:13:12 PM,00:00,BSO (Biateral salpingo-oophrectomy),No,No,4,2,Center
1,5:13:12 PM,5:27:32 PM,14:20,BSO (Biateral salpingo-oophrectomy),No,No,4,2,Center
2,5:28:24 PM,5:28:35 PM,00:11,TVH (Transvaginal hysterectomy),No,No,5,3,Center
1,5:28:35 PM,5:28:45 PM,00:10,TVH (Transvaginal hysterectomy),No,No,5,3,Center
2,5:28:45 PM,5:28:47 PM,00:02,TVH (Transvaginal hysterectomy),No,No,5,3,Center
1,5:28:47 PM,5:30:06 PM,01:19,TVH (Transvaginal hysterectomy),No,No,5,3,Center
17,5:30:06 PM,5:30:22 PM,00:16,TVH (Transvaginal hysterectomy),No,No,5,3,Center
1,5:30:22 PM,5:30:36 PM,00:14,TVH (Transvaginal hysterectomy),No,No,5,3,Center
2,5:30:36 PM,5:30:49 PM,00:13,TVH (Transvaginal hysterectomy),No,No,5,3,Center
1,5:30:49 PM,5:31:06 PM,00:17,TVH (Transvaginal hysterectomy),No,No,5,3,Center
2,5:31:06 PM,5:31:09 PM,00:03,TVH (Transvaginal hysterectomy),No,No,5,3,Center
18,5:31:09 PM,5:31:22 PM,00:13,TVH (Transvaginal hysterectomy),No,No,5,3,Center
2,5:31:22 PM,5:31:26 PM,00:04,TVH (Transvaginal hysterectomy),No,No,5,3,Center
6,5:31:26 PM,5:31:38 PM,00:12,TVH (Transvaginal hysterectomy),No,No,5,3,Center
2,5:31:38 PM,5:31:39 PM,00:01,TVH (Transvaginal hysterectomy),No,No,5,3,Center
18,5:31:39 PM,5:31:49 PM,00:10,TVH (Transvaginal hysterectomy),No,No,5,3,Center
2,5:31:49 PM,5:32:19 PM,00:30,TVH (Transvaginal hysterectomy),No,No,5,3,Center
1,5:32:19 PM,5:32:25 PM,00:06,TVH (Transvaginal hysterectomy),No,No,5,3,Center
3,5:32:25 PM,5:32:26 PM,00:01,TVH (Transvaginal hysterectomy),No,No,5,3,Center
1,5:32:26 PM,5:32:28 PM,00:02,TVH (Transvaginal hysterectomy),No,No,5,3,Center
2,5:32:28 PM,5:32:31 PM,00:03,TVH (Transvaginal hysterectomy),No,No,5,3,Center
18,5:32:31 PM,5:32:45 PM,00:14,TVH (Transvaginal hysterectomy),No,No,5,3,Center
2,5:32:45 PM,5:32:46 PM,00:01,TVH (Transvaginal hysterectomy),No,No,5,3,Center
1,5:32:46 PM,5:32:48 PM,00:02,TVH (Transvaginal hysterectomy),No,No,5,3,Center
2,5:32:48 PM,5:33:13 PM,00:25,TVH (Transvaginal hysterectomy),No,No,5,3,Center
18,5:33:13 PM,5:33:17 PM,00:04,TVH (Transvaginal hysterectomy),No,No,5,3,Center
17,5:33:17 PM,5:33:24 PM,00:07,TVH (Transvaginal hysterectomy),No,No,5,3,Center
18,5:33:24 PM,5:33:40 PM,00:16,TVH (Transvaginal hysterectomy),No,No,5,3,Center
17,5:33:40 PM,5:33:42 PM,00:02,TVH (Transvaginal hysterectomy),No,No,5,3,Center
1,5:33:42 PM,5:34:51 PM,01:09,TVH (Transvaginal hysterectomy),No,No,5,3,Center
2,5:34:51 PM,5:34:53 PM,00:02,TVH (Transvaginal hysterectomy),No,No,5,3,Center
18,5:34:53 PM,5:35:14 PM,00:21,TVH (Transvaginal hysterectomy),No,No,5,3,Center
2,5:35:14 PM,5:35:19 PM,00:05,TVH (Transvaginal hysterectomy),No,No,5,3,Center
1,5:35:19 PM,5:35:24 PM,00:05,TVH (Transvaginal hysterectomy),No,No,5,3,Center
2,5:35:24 PM,5:35:45 PM,00:21,TVH (Transvaginal hysterectomy),No,No,5,3,Center
1,5:35:45 PM,5:35:47 PM,00:02,TVH (Transvaginal hysterectomy),No,No,5,3,Center
2,5:35:47 PM,5:35:59 PM,00:12,TVH (Transvaginal hysterectomy),No,No,5,3,Center
18,5:35:59 PM,5:36:00 PM,00:01,TVH (Transvaginal hysterectomy),No,No,5,3,Center
17,5:36:00 PM,5:36:01 PM,00:01,TVH (Transvaginal hysterectomy),No,No,5,3,Center
1,5:36:01 PM,5:36:18 PM,00:17,TVH (Transvaginal hysterectomy),No,No,5,3,Center
2,5:36:18 PM,5:36:32 PM,00:14,TVH (Transvaginal hysterectomy),No,No,5,3,Center
1,5:36:32 PM,5:37:27 PM,00:55,TVH (Transvaginal hysterectomy),No,No,5,3,Center
17,5:37:27 PM,5:37:29 PM,00:02,TVH (Transvaginal hysterectomy),No,No,5,3,Center
1,5:37:29 PM,5:38:47 PM,01:18,TVH (Transvaginal hysterectomy),No,No,5,3,Center
2,5:38:47 PM,5:38:50 PM,00:03,TVH (Transvaginal hysterectomy),No,No,5,3,Center
18,5:38:50 PM,5:39:08 PM,00:18,TVH (Transvaginal hysterectomy),No,No,5,3,Center
17,5:39:08 PM,5:39:12 PM,00:04,TVH (Transvaginal hysterectomy),No,No,5,3,Center
1,5:39:12 PM,5:39:26 PM,00:14,TVH (Transvaginal hysterectomy),No,No,5,3,Center
17,5:39:26 PM,5:39:27 PM,00:01,TVH (Transvaginal hysterectomy),No,No,5,3,Center
18,5:39:27 PM,5:39:33 PM,00:06,TVH (Transvaginal hysterectomy),No,No,5,3,Center
2,5:39:33 PM,5:39:35 PM,00:02,TVH (Transvaginal hysterectomy),No,No,5,3,Center
1,5:39:35 PM,5:39:36 PM,00:01,TVH (Transvaginal hysterectomy),No,No,5,3,Center
2,5:39:36 PM,5:39:44 PM,00:08,TVH (Transvaginal hysterectomy),No,No,5,3,Center
1,5:39:44 PM,5:39:50 PM,00:06,TVH (Transvaginal hysterectomy),No,No,5,3,Center
2,5:39:50 PM,5:39:51 PM,00:01,TVH (Transvaginal hysterectomy),No,No,5,3,Center
18,5:39:51 PM,5:39:56 PM,00:05,TVH (Transvaginal hysterectomy),No,No,5,3,Center
17,5:39:56 PM,5:40:02 PM,00:06,TVH (Transvaginal hysterectomy),No,No,5,3,Center
18,5:40:02 PM,5:40:06 PM,00:04,TVH (Transvaginal hysterectomy),No,No,5,3,Center
2,5:40:06 PM,5:40:15 PM,00:09,TVH (Transvaginal hysterectomy),No,No,5,3,Center
18,5:40:15 PM,5:40:20 PM,00:05,TVH (Transvaginal hysterectomy),No,No,5,3,Center
17,5:40:20 PM,5:40:21 PM,00:01,TVH (Transvaginal hysterectomy),No,No,5,3,Center
1,5:40:21 PM,5:40:58 PM,00:37,TVH (Transvaginal hysterectomy),No,No,5,3,Center
17,5:40:58 PM,5:41:07 PM,00:09,TVH (Transvaginal hysterectomy),No,No,5,3,Center
1,5:41:07 PM,5:41:16 PM,00:09,TVH (Transvaginal hysterectomy),No,No,5,3,Center
17,5:41:16 PM,5:41:25 PM,00:09,TVH (Transvaginal hysterectomy),No,No,5,3,Center
1,5:41:25 PM,5:41:31 PM,00:06,TVH (Transvaginal hysterectomy),No,No,5,3,Center
17,5:41:31 PM,5:41:46 PM,00:15,TVH (Transvaginal hysterectomy),No,No,5,3,Center
1,5:41:46 PM,5:41:53 PM,00:07,TVH (Transvaginal hysterectomy),No,No,5,3,Center
17,5:41:53 PM,5:42:01 PM,00:08,TVH (Transvaginal hysterectomy),No,No,5,3,Center
1,5:42:01 PM,5:42:30 PM,00:29,TVH (Transvaginal hysterectomy),No,No,5,3,Center
17,5:42:30 PM,5:42:58 PM,00:28,TVH (Transvaginal hysterectomy),No,No,5,3,Center
1,5:42:58 PM,5:43:05 PM,00:07,TVH (Transvaginal hysterectomy),No,No,5,3,Center
2,5:43:05 PM,5:43:08 PM,00:03,TVH (Transvaginal hysterectomy),No,No,5,3,Center
18,5:43:08 PM,5:43:11 PM,00:03,TVH (Transvaginal hysterectomy),No,No,5,3,Center
17,5:43:11 PM,5:43:17 PM,00:06,TVH (Transvaginal hysterectomy),No,No,5,3,Center
18,5:43:17 PM,5:43:26 PM,00:09,TVH (Transvaginal hysterectomy),No,No,5,3,Center
2,5:43:26 PM,5:43:27 PM,00:01,TVH (Transvaginal hysterectomy),No,No,5,3,Center
1,5:43:27 PM,5:44:04 PM,00:37,TVH (Transvaginal hysterectomy),No,No,5,3,Center
17,5:44:04 PM,5:44:21 PM,00:17,TVH (Transvaginal hysterectomy),No,No,5,3,Center
1,5:44:21 PM,5:44:23 PM,00:02,TVH (Transvaginal hysterectomy),No,No,5,3,Center
2,5:44:23 PM,5:44:30 PM,00:07,TVH (Transvaginal hysterectomy),No,No,5,3,Center
18,5:44:30 PM,5:44:40 PM,00:10,TVH (Transvaginal hysterectomy),No,No,5,3,Center
2,5:44:40 PM,5:44:41 PM,00:01,TVH (Transvaginal hysterectomy),No,No,5,3,Center
1,5:44:41 PM,5:44:52 PM,00:11,TVH (Transvaginal hysterectomy),No,No,5,3,Center
17,5:44:52 PM,5:45:03 PM,00:11,TVH (Transvaginal hysterectomy),No,No,5,3,Center
1,5:45:03 PM,5:45:12 PM,00:09,TVH (Transvaginal hysterectomy),No,No,5,3,Center
17,5:45:12 PM,5:45:13 PM,00:01,TVH (Transvaginal hysterectomy),No,No,5,3,Center
18,5:45:13 PM,5:45:18 PM,00:05,TVH (Transvaginal hysterectomy),No,No,5,3,Center
17,5:45:18 PM,5:45:23 PM,00:05,TVH (Transvaginal hysterectomy),No,No,5,3,Center
18,5:45:23 PM,5:45:34 PM,00:11,TVH (Transvaginal hysterectomy),No,No,5,3,Center
17,5:45:34 PM,5:45:35 PM,00:01,TVH (Transvaginal hysterectomy),No,No,5,3,Center
1,5:45:35 PM,5:45:37 PM,00:02,TVH (Transvaginal hysterectomy),No,No,5,3,Center
2,5:45:37 PM,5:45:53 PM,00:16,TVH (Transvaginal hysterectomy),No,No,5,3,Center
10,5:45:53 PM,5:45:54 PM,00:01,TVH (Transvaginal hysterectomy),No,No,5,3,Center
2,5:45:54 PM,5:46:00 PM,00:06,TVH (Transvaginal hysterectomy),No,No,5,3,Center
18,5:46:00 PM,5:46:28 PM,00:28,TVH (Transvaginal hysterectomy),No,No,5,3,Center
2,5:46:28 PM,5:46:29 PM,00:01,TVH (Transvaginal hysterectomy),No,No,5,3,Center
1,5:46:29 PM,5:46:41 PM,00:12,TVH (Transvaginal hysterectomy),No,No,5,3,Center
9,5:46:41 PM,5:46:42 PM,00:01,TVH (Transvaginal hysterectomy),No,No,5,3,Center
1,5:46:42 PM,5:46:55 PM,00:13,TVH (Transvaginal hysterectomy),No,No,5,3,Center
2,5:46:55 PM,5:46:58 PM,00:03,TVH (Transvaginal hysterectomy),No,No,5,3,Center
1,5:46:58 PM,5:46:58 PM,00:00,TVH (Transvaginal hysterectomy),No,No,5,3,Center
17,5:46:58 PM,5:47:00 PM,00:02,TVH (Transvaginal hysterectomy),No,No,5,3,Center
18,5:47:00 PM,5:47:08 PM,00:08,TVH (Transvaginal hysterectomy),No,No,5,3,Center
2,5:47:08 PM,5:47:10 PM,00:02,TVH (Transvaginal hysterectomy),No,No,5,3,Center
1,5:47:10 PM,5:47:17 PM,00:07,TVH (Transvaginal hysterectomy),No,No,5,3,Center
17,5:47:17 PM,5:47:29 PM,00:12,TVH (Transvaginal hysterectomy),No,No,5,3,Center
1,5:47:29 PM,5:47:41 PM,00:12,TVH (Transvaginal hysterectomy),No,No,5,3,Center
2,5:47:41 PM,5:47:42 PM,00:01,TVH (Transvaginal hysterectomy),No,No,5,3,Center
18,5:47:42 PM,5:47:46 PM,00:04,TVH (Transvaginal hysterectomy),No,No,5,3,Center
17,5:47:46 PM,5:47:51 PM,00:05,TVH (Transvaginal hysterectomy),No,No,5,3,Center
1,5:47:51 PM,5:47:52 PM,00:01,TVH (Transvaginal hysterectomy),No,No,5,3,Center
17,5:47:52 PM,5:47:55 PM,00:03,TVH (Transvaginal hysterectomy),No,No,5,3,Center
1,5:47:55 PM,5:48:18 PM,00:23,TVH (Transvaginal hysterectomy),No,No,5,3,Center
17,5:48:18 PM,5:48:29 PM,00:11,TVH (Transvaginal hysterectomy),No,No,5,3,Center
18,5:48:29 PM,5:48:33 PM,00:04,TVH (Transvaginal hysterectomy),No,No,5,3,Center
17,5:48:33 PM,5:48:33 PM,00:00,TVH (Transvaginal hysterectomy),No,No,5,3,Center
1,5:48:33 PM,5:49:04 PM,00:31,TVH (Transvaginal hysterectomy),No,No,5,3,Center
2,5:50:31 PM,5:50:37 PM,00:06,REMOVAL OF LESION VIN,No,No,6,4,Center
18,5:50:37 PM,5:50:47 PM,00:10,REMOVAL OF LESION VIN,No,No,6,4,Center
17,5:50:47 PM,5:50:48 PM,00:01,REMOVAL OF LESION VIN,No,No,6,4,Center
1,5:50:48 PM,5:51:16 PM,00:28,REMOVAL OF LESION VIN,No,No,6,4,Center
2,5:51:16 PM,5:51:19 PM,00:03,REMOVAL OF LESION VIN,No,No,6,4,Center
18,5:51:19 PM,5:51:21 PM,00:02,REMOVAL OF LESION VIN,No,No,6,4,Center
2,5:51:21 PM,5:51:26 PM,00:05,REMOVAL OF LESION VIN,No,No,6,4,Center
18,5:51:26 PM,5:51:34 PM,00:08,REMOVAL OF LESION VIN,No,No,6,4,Center
2,5:51:34 PM,5:51:42 PM,00:08,REMOVAL OF LESION VIN,No,No,6,4,Center
18,5:51:42 PM,5:51:51 PM,00:09,REMOVAL OF LESION VIN,No,No,6,4,Center
2,5:51:51 PM,5:51:52 PM,00:01,REMOVAL OF LESION VIN,No,No,6,4,Center
6,5:51:52 PM,5:51:54 PM,00:02,REMOVAL OF LESION VIN,No,No,6,4,Center
2,5:51:54 PM,5:51:54 PM,00:00,REMOVAL OF LESION VIN,No,No,6,4,Center
18,5:51:54 PM,5:51:55 PM,00:01,REMOVAL OF LESION VIN,No,No,6,4,Center
22,5:51:55 PM,5:52:06 PM,00:11,REMOVAL OF LESION VIN,No,No,6,4,Center
6,5:52:06 PM,5:52:07 PM,00:01,REMOVAL OF LESION VIN,No,No,6,4,Center
2,5:52:07 PM,5:52:09 PM,00:02,REMOVAL OF LESION VIN,No,No,6,4,Center
18,5:52:09 PM,5:52:12 PM,00:03,REMOVAL OF LESION VIN,No,No,6,4,Center
2,5:52:12 PM,5:52:13 PM,00:01,REMOVAL OF LESION VIN,No,No,6,4,Center
10,5:52:13 PM,5:52:15 PM,00:02,REMOVAL OF LESION VIN,No,No,6,4,Center
2,5:52:15 PM,5:52:18 PM,00:03,REMOVAL OF LESION VIN,No,No,6,4,Center
18,5:52:18 PM,5:52:20 PM,00:02,REMOVAL OF LESION VIN,No,No,6,4,Center
2,5:52:20 PM,5:52:22 PM,00:02,REMOVAL OF LESION VIN,No,No,6,4,Center
10,5:52:22 PM,5:52:23 PM,00:01,REMOVAL OF LESION VIN,No,No,6,4,Center
9,5:52:23 PM,5:52:23 PM,00:00,REMOVAL OF LESION VIN,No,No,6,4,Center
1,5:52:23 PM,5:52:30 PM,00:07,REMOVAL OF LESION VIN,No,No,6,4,Center
2,5:52:30 PM,5:52:47 PM,00:17,REMOVAL OF LESION VIN,No,No,6,4,Center
1,5:52:47 PM,5:52:50 PM,00:03,REMOVAL OF LESION VIN,No,No,6,4,Center
2,5:52:50 PM,5:52:56 PM,00:06,REMOVAL OF LESION VIN,No,No,6,4,Center
1,5:52:56 PM,5:53:43 PM,00:47,REMOVAL OF LESION VIN,No,No,6,4,Center
2,5:53:43 PM,5:53:49 PM,00:06,REMOVAL OF LESION VIN,No,No,6,4,Center
1,5:53:49 PM,5:54:24 PM,00:35,REMOVAL OF LESION VIN,No,No,6,4,Center
2,5:54:24 PM,5:54:30 PM,00:06,REMOVAL OF LESION VIN,No,No,6,4,Center
1,5:54:30 PM,5:56:19 PM,01:49,REMOVAL OF LESION VIN,No,No,6,4,Center
2,5:56:19 PM,5:56:25 PM,00:06,REMOVAL OF LESION VIN,No,No,6,4,Center
1,5:56:25 PM,5:59:28 PM,03:03,REMOVAL OF LESION VIN,No,No,6,4,Center
