Posture Code,Start ,End,Duration,Task Code,Stool Usage,Sitting,Bed Code,Patient Code,Location
1,8:21:43 AM,8:23:33 AM,01:50,TVH (Transvaginal hysterectomy),No,No,1,1,Left
9,8:23:33 AM,8:23:33 AM,00:00,TVH (Transvaginal hysterectomy),No,No,1,1,Left
1,8:23:33 AM,8:23:58 AM,00:25,TVH (Transvaginal hysterectomy),No,No,1,1,Left
3,8:23:58 AM,8:24:11 AM,00:13,TVH (Transvaginal hysterectomy),No,No,1,1,Left
1,8:24:11 AM,8:24:14 AM,00:03,TVH (Transvaginal hysterectomy),No,No,1,1,Left
3,8:24:14 AM,8:24:30 AM,00:16,TVH (Transvaginal hysterectomy),No,No,1,1,Left
1,8:24:30 AM,8:24:39 AM,00:09,TVH (Transvaginal hysterectomy),No,No,1,1,Left
17,8:24:39 AM,8:24:46 AM,00:07,TVH (Transvaginal hysterectomy),No,No,1,1,Left
18,8:24:46 AM,8:24:50 AM,00:04,TVH (Transvaginal hysterectomy),No,No,1,1,Left
17,8:24:50 AM,8:25:01 AM,00:11,TVH (Transvaginal hysterectomy),No,No,1,1,Left
1,8:25:01 AM,8:26:54 AM,01:53,TVH (Transvaginal hysterectomy),No,No,1,1,Left
2,8:26:54 AM,8:26:56 AM,00:02,TVH (Transvaginal hysterectomy),No,No,1,1,Left
1,8:26:56 AM,8:30:38 AM,03:42,TVH (Transvaginal hysterectomy),No,No,1,1,Left
3,8:30:38 AM,8:30:40 AM,00:02,TVH (Transvaginal hysterectomy),No,No,1,1,Left
1,8:30:40 AM,8:30:42 AM,00:02,TVH (Transvaginal hysterectomy),No,No,1,1,Left
3,8:30:42 AM,8:30:45 AM,00:03,TVH (Transvaginal hysterectomy),No,No,1,1,Left
1,8:30:45 AM,8:34:20 AM,03:35,TVH (Transvaginal hysterectomy),No,No,1,1,Left
3,8:34:20 AM,8:35:22 AM,01:02,TVH (Transvaginal hysterectomy),No,No,1,1,Left
1,8:35:22 AM,8:35:31 AM,00:09,TVH (Transvaginal hysterectomy),No,No,1,1,Left
17,8:35:31 AM,8:36:00 AM,00:29,TVH (Transvaginal hysterectomy),No,No,1,1,Left
1,8:36:00 AM,8:36:04 AM,00:04,TVH (Transvaginal hysterectomy),No,No,1,1,Left
17,8:36:04 AM,8:37:52 AM,01:48,TVH (Transvaginal hysterectomy),No,No,1,1,Left
18,8:37:52 AM,8:37:54 AM,00:02,TVH (Transvaginal hysterectomy),No,No,1,1,Left
17,8:37:54 AM,8:38:27 AM,00:33,TVH (Transvaginal hysterectomy),No,No,1,1,Left
1,8:38:27 AM,8:38:29 AM,00:02,TVH (Transvaginal hysterectomy),No,No,1,1,Left
17,8:38:29 AM,8:38:29 AM,00:00,TVH (Transvaginal hysterectomy),No,No,1,1,Left
18,8:38:29 AM,8:38:32 AM,00:03,TVH (Transvaginal hysterectomy),No,No,1,1,Left
20,8:38:32 AM,8:38:43 AM,00:11,TVH (Transvaginal hysterectomy),No,No,1,1,Left
18,8:38:43 AM,8:38:43 AM,00:00,TVH (Transvaginal hysterectomy),No,No,1,1,Left
20,8:38:43 AM,8:38:44 AM,00:01,TVH (Transvaginal hysterectomy),No,No,1,1,Left
4,8:38:44 AM,8:38:53 AM,00:09,TVH (Transvaginal hysterectomy),No,No,1,1,Left
20,8:38:53 AM,8:39:59 AM,01:06,TVH (Transvaginal hysterectomy),No,No,1,1,Left
18,8:39:59 AM,8:41:02 AM,01:03,TVH (Transvaginal hysterectomy),No,No,1,1,Left
20,8:41:02 AM,8:41:04 AM,00:02,TVH (Transvaginal hysterectomy),No,No,1,1,Left
18,8:41:04 AM,8:41:20 AM,00:16,TVH (Transvaginal hysterectomy),No,No,1,1,Left
2,8:41:20 AM,8:41:21 AM,00:01,TVH (Transvaginal hysterectomy),No,No,1,1,Left
1,8:41:21 AM,8:41:22 AM,00:01,TVH (Transvaginal hysterectomy),No,No,1,1,Left
17,8:41:22 AM,8:42:01 AM,00:39,TVH (Transvaginal hysterectomy),No,No,1,1,Left
19,8:42:01 AM,8:42:03 AM,00:02,TVH (Transvaginal hysterectomy),No,No,1,1,Left
20,8:42:03 AM,8:42:15 AM,00:12,TVH (Transvaginal hysterectomy),No,No,1,1,Left
18,8:42:15 AM,8:42:18 AM,00:03,TVH (Transvaginal hysterectomy),No,No,1,1,Left
17,8:42:18 AM,8:43:23 AM,01:05,TVH (Transvaginal hysterectomy),No,No,1,1,Left
1,8:43:23 AM,8:43:30 AM,00:07,TVH (Transvaginal hysterectomy),No,No,1,1,Left
5,8:43:30 AM,8:43:47 AM,00:17,TVH (Transvaginal hysterectomy),No,No,1,1,Left
1,8:43:47 AM,8:44:36 AM,00:49,TVH (Transvaginal hysterectomy),No,No,1,1,Left
3,8:46:27 AM,8:46:27 AM,00:00,USLS (Uterosacral ligament suspension),No,No,2,2,Left
7,8:46:27 AM,8:46:44 AM,00:17,USLS (Uterosacral ligament suspension),No,No,2,2,Left
5,8:46:44 AM,8:46:45 AM,00:01,USLS (Uterosacral ligament suspension),No,No,2,2,Left
1,8:46:45 AM,8:46:51 AM,00:06,USLS (Uterosacral ligament suspension),No,No,2,2,Left
5,8:46:51 AM,8:46:51 AM,00:00,USLS (Uterosacral ligament suspension),No,No,2,2,Left
7,8:46:51 AM,8:46:58 AM,00:07,USLS (Uterosacral ligament suspension),No,No,2,2,Left
5,8:46:58 AM,8:46:58 AM,00:00,USLS (Uterosacral ligament suspension),No,No,2,2,Left
1,8:46:58 AM,8:47:04 AM,00:06,USLS (Uterosacral ligament suspension),No,No,2,2,Left
3,8:47:04 AM,8:47:09 AM,00:05,USLS (Uterosacral ligament suspension),No,No,2,2,Left
19,8:47:09 AM,8:47:36 AM,00:27,USLS (Uterosacral ligament suspension),No,No,2,2,Left
17,8:47:36 AM,8:47:58 AM,00:22,USLS (Uterosacral ligament suspension),No,No,2,2,Left
19,8:47:58 AM,8:48:02 AM,00:04,USLS (Uterosacral ligament suspension),No,No,2,2,Left
17,8:48:02 AM,8:48:24 AM,00:22,USLS (Uterosacral ligament suspension),No,No,2,2,Left
19,8:48:24 AM,8:48:55 AM,00:31,USLS (Uterosacral ligament suspension),No,No,2,2,Left
17,8:48:55 AM,8:51:03 AM,02:08,USLS (Uterosacral ligament suspension),No,No,2,2,Left
1,8:51:03 AM,8:51:10 AM,00:07,USLS (Uterosacral ligament suspension),No,No,3,2,Left
17,8:56:23 AM,8:56:29 AM,00:06,USLS (Uterosacral ligament suspension),No,No,4,3,Left
19,8:56:29 AM,8:56:35 AM,00:06,USLS (Uterosacral ligament suspension),No,No,4,3,Left
17,8:56:35 AM,8:56:35 AM,00:00,USLS (Uterosacral ligament suspension),No,No,4,3,Left
21,8:56:35 AM,8:56:40 AM,00:05,USLS (Uterosacral ligament suspension),No,No,4,3,Left
22,8:56:40 AM,8:56:40 AM,00:00,USLS (Uterosacral ligament suspension),No,No,4,3,Left
21,8:56:40 AM,8:56:41 AM,00:01,USLS (Uterosacral ligament suspension),No,No,4,3,Left
22,8:56:41 AM,8:57:07 AM,00:26,USLS (Uterosacral ligament suspension),No,No,4,3,Left
24,8:57:07 AM,8:57:13 AM,00:06,USLS (Uterosacral ligament suspension),No,No,4,3,Left
22,8:57:13 AM,8:57:14 AM,00:01,USLS (Uterosacral ligament suspension),No,No,4,3,Left
18,8:57:14 AM,8:58:23 AM,01:09,USLS (Uterosacral ligament suspension),No,No,4,3,Left
20,8:58:23 AM,9:00:36 AM,02:13,USLS (Uterosacral ligament suspension),No,No,4,3,Left
4,9:00:36 AM,9:00:39 AM,00:03,USLS (Uterosacral ligament suspension),No,No,4,3,Left
2,9:00:39 AM,9:00:40 AM,00:01,USLS (Uterosacral ligament suspension),No,No,4,3,Left
1,9:00:40 AM,9:02:12 AM,01:32,USLS (Uterosacral ligament suspension),No,No,4,3,Left
17,9:02:12 AM,9:03:01 AM,00:49,USLS (Uterosacral ligament suspension),No,No,4,3,Left
19,9:03:01 AM,9:04:03 AM,01:02,USLS (Uterosacral ligament suspension),No,No,4,3,Left
3,9:04:03 AM,9:04:04 AM,00:01,USLS (Uterosacral ligament suspension),No,No,4,3,Left
1,9:04:04 AM,9:05:40 AM,01:36,USLS (Uterosacral ligament suspension),No,No,4,3,Left
5,9:05:40 AM,9:05:43 AM,00:03,USLS (Uterosacral ligament suspension),No,No,4,3,Left
1,9:05:43 AM,9:05:43 AM,00:00,USLS (Uterosacral ligament suspension),No,No,4,3,Left
3,9:05:43 AM,9:05:47 AM,00:04,USLS (Uterosacral ligament suspension),No,No,4,3,Left
19,9:05:47 AM,9:05:54 AM,00:07,USLS (Uterosacral ligament suspension),No,No,4,3,Left
20,9:05:54 AM,9:08:01 AM,02:07,USLS (Uterosacral ligament suspension),No,No,4,3,Left
18,9:08:01 AM,9:08:05 AM,00:04,USLS (Uterosacral ligament suspension),No,No,4,3,Left
2,9:08:05 AM,9:08:08 AM,00:03,USLS (Uterosacral ligament suspension),No,No,4,3,Left
1,9:08:08 AM,9:08:18 AM,00:10,USLS (Uterosacral ligament suspension),No,No,4,3,Left
3,9:08:18 AM,9:08:48 AM,00:30,USLS (Uterosacral ligament suspension),No,No,4,3,Left
1,9:08:48 AM,9:09:38 AM,00:50,USLS (Uterosacral ligament suspension),No,No,4,3,Left
17,9:09:38 AM,9:10:20 AM,00:42,USLS (Uterosacral ligament suspension),No,No,4,3,Left
25,9:10:20 AM,9:10:21 AM,00:01,USLS (Uterosacral ligament suspension),No,No,4,3,Left
17,9:10:21 AM,9:10:24 AM,00:03,USLS (Uterosacral ligament suspension),No,No,4,3,Left
19,9:10:24 AM,9:10:27 AM,00:03,USLS (Uterosacral ligament suspension),No,No,4,3,Left
20,9:10:27 AM,9:10:33 AM,00:06,USLS (Uterosacral ligament suspension),No,No,4,3,Left
18,9:10:33 AM,9:10:33 AM,00:00,USLS (Uterosacral ligament suspension),No,No,4,3,Left
2,9:10:33 AM,9:10:34 AM,00:01,USLS (Uterosacral ligament suspension),No,No,4,3,Left
1,9:10:34 AM,9:11:57 AM,01:23,USLS (Uterosacral ligament suspension),No,No,4,3,Left
2,9:15:19 AM,9:16:20 AM,01:01,Cysto (Cystoscopy),No,No,6,4,Left
1,9:16:20 AM,9:24:22 AM,08:02,Cysto (Cystoscopy),No,No,6,4,Left
3,9:26:57 AM,9:27:05 AM,00:08,USLS (Uterosacral ligament suspension),No,No,7,5,Left
19,9:27:05 AM,9:27:20 AM,00:15,USLS (Uterosacral ligament suspension),No,No,7,5,Left
17,9:27:20 AM,9:28:42 AM,01:22,USLS (Uterosacral ligament suspension),No,No,7,5,Left
18,9:28:42 AM,9:28:59 AM,00:17,USLS (Uterosacral ligament suspension),No,No,7,5,Left
17,9:28:59 AM,9:29:33 AM,00:34,USLS (Uterosacral ligament suspension),No,No,7,5,Left
18,9:29:33 AM,9:29:35 AM,00:02,USLS (Uterosacral ligament suspension),No,No,7,5,Left
17,9:29:35 AM,9:35:01 AM,05:26,USLS (Uterosacral ligament suspension),No,No,7,5,Left
1,9:35:01 AM,9:37:07 AM,02:06,USLS (Uterosacral ligament suspension),No,No,7,5,Left
3,9:37:07 AM,9:37:15 AM,00:08,USLS (Uterosacral ligament suspension),No,No,7,5,Left
1,9:37:15 AM,9:39:16 AM,02:01,USLS (Uterosacral ligament suspension),No,No,7,5,Left
3,9:39:16 AM,9:39:20 AM,00:04,USLS (Uterosacral ligament suspension),No,No,7,5,Left
1,9:39:20 AM,9:40:03 AM,00:43,USLS (Uterosacral ligament suspension),No,No,7,5,Left
17,10:05:46 AM,10:08:31 AM,02:45,AR (Anterior repair),No,No,12,8,Left
18,10:08:31 AM,10:08:50 AM,00:19,AR (Anterior repair),No,No,12,8,Left
17,10:08:50 AM,10:09:41 AM,00:51,AR (Anterior repair),No,No,12,8,Left
18,10:09:41 AM,10:10:37 AM,00:56,AR (Anterior repair),No,No,12,8,Left
17,10:10:37 AM,10:10:43 AM,00:06,AR (Anterior repair),No,No,12,8,Left
1,10:10:43 AM,10:11:00 AM,00:17,AR (Anterior repair),No,No,12,8,Left
2,10:18:03 AM,10:18:32 AM,00:29,USLS (Uterosacral ligament suspension),No,No,16,10,Left
1,10:18:32 AM,10:18:33 AM,00:01,USLS (Uterosacral ligament suspension),No,No,16,10,Left
17,10:18:33 AM,10:18:34 AM,00:01,USLS (Uterosacral ligament suspension),No,No,16,10,Left
18,10:18:34 AM,10:19:25 AM,00:51,USLS (Uterosacral ligament suspension),No,No,16,10,Left
17,10:19:25 AM,10:19:43 AM,00:18,USLS (Uterosacral ligament suspension),No,No,16,10,Left
19,10:19:43 AM,10:20:18 AM,00:35,USLS (Uterosacral ligament suspension),No,No,16,10,Left
17,10:20:18 AM,10:27:21 AM,07:03,USLS (Uterosacral ligament suspension),No,No,16,10,Left
19,10:27:21 AM,10:27:24 AM,00:03,USLS (Uterosacral ligament suspension),No,No,16,10,Left
17,10:27:24 AM,10:29:14 AM,01:50,USLS (Uterosacral ligament suspension),No,No,16,10,Left
1,10:29:14 AM,10:31:15 AM,02:01,USLS (Uterosacral ligament suspension),No,No,16,10,Left
17,10:31:15 AM,10:32:08 AM,00:53,USLS (Uterosacral ligament suspension),No,No,16,10,Left
1,10:32:08 AM,10:32:11 AM,00:03,USLS (Uterosacral ligament suspension),No,No,16,10,Left
17,10:32:11 AM,10:32:12 AM,00:01,USLS (Uterosacral ligament suspension),No,No,16,10,Left
1,10:32:12 AM,10:44:17 AM,12:05,USLS (Uterosacral ligament suspension),No,No,16,10,Left
3,10:46:30 AM,10:46:52 AM,00:22,Cysto (Cystoscopy),No,No,19,11,Left
1,10:46:52 AM,10:46:52 AM,00:00,Cysto (Cystoscopy),No,No,19,11,Left
5,11:22:55 AM,11:28:28 AM,05:33,PR (Posterior repair),No,No,24,15,Left
1,11:28:28 AM,11:35:19 AM,06:51,PR (Posterior repair),No,No,24,15,Left
3,11:35:19 AM,11:35:21 AM,00:02,PR (Posterior repair),No,No,24,15,Left
1,11:35:21 AM,11:38:11 AM,02:50,PR (Posterior repair),No,No,24,15,Left
