Posture Code,Start ,End,Duration,Task Code,Stool Usage,Sitting,Bed Code,Patient Code,Location,Bed Head Height,Bed Tilt Angle,Knee Angle,Hip Angle
1,8:07:00 AM,8:07:43 AM,00:43,TVH (Transvaginal hysterectomy),No,No,1,1,Right,35,4,90,90
2,8:07:43 AM,8:07:51 AM,00:08,TVH (Transvaginal hysterectomy),No,No,1,1,Right,35,4,90,90
1,8:07:51 AM,8:07:53 AM,00:02,TVH (Transvaginal hysterectomy),No,No,1,1,Right,35,4,90,90
2,8:07:53 AM,8:07:59 AM,00:06,TVH (Transvaginal hysterectomy),No,No,1,1,Right,35,4,90,90
6,8:07:59 AM,8:08:05 AM,00:06,TVH (Transvaginal hysterectomy),No,No,1,1,Right,35,4,90,90
5,8:08:05 AM,8:08:32 AM,00:27,TVH (Transvaginal hysterectomy),No,No,1,1,Right,35,4,90,90
6,8:08:32 AM,8:11:50 AM,03:18,TVH (Transvaginal hysterectomy),No,No,1,1,Right,35,4,90,90
2,8:11:50 AM,8:12:19 AM,00:29,TVH (Transvaginal hysterectomy),No,No,1,1,Right,35,4,90,90
6,8:12:19 AM,8:12:30 AM,00:11,TVH (Transvaginal hysterectomy),No,No,1,1,Right,35,4,90,90
2,8:12:30 AM,8:14:25 AM,01:55,TVH (Transvaginal hysterectomy),No,No,1,1,Right,35,4,90,90
6,8:14:25 AM,8:20:37 AM,06:12,TVH (Transvaginal hysterectomy),No,No,1,1,Right,35,4,90,90
14,8:20:37 AM,8:20:49 AM,00:12,TVH (Transvaginal hysterectomy),No,No,1,1,Right,35,4,90,90
6,8:20:49 AM,8:23:35 AM,02:46,TVH (Transvaginal hysterectomy),No,No,1,1,Right,35,4,90,90
5,8:23:35 AM,8:23:39 AM,00:04,TVH (Transvaginal hysterectomy),No,No,1,1,Right,35,4,90,90
6,8:23:39 AM,8:23:40 AM,00:01,TVH (Transvaginal hysterectomy),No,No,1,1,Right,35,4,90,90
14,8:23:40 AM,8:23:42 AM,00:02,TVH (Transvaginal hysterectomy),No,No,1,1,Right,35,4,90,90
30,8:23:42 AM,8:23:42 AM,00:00,TVH (Transvaginal hysterectomy),No,No,1,1,Right,35,4,90,90
14,8:23:42 AM,8:23:43 AM,00:01,TVH (Transvaginal hysterectomy),No,No,1,1,Right,35,4,90,90
6,8:23:43 AM,8:24:06 AM,00:23,TVH (Transvaginal hysterectomy),No,No,1,1,Right,35,4,90,90
2,8:24:06 AM,8:25:14 AM,01:08,TVH (Transvaginal hysterectomy),No,No,1,1,Right,35,4,90,90
1,8:25:14 AM,8:25:16 AM,00:02,TVH (Transvaginal hysterectomy),No,No,1,1,Right,35,4,90,90
2,8:25:16 AM,8:25:37 AM,00:21,TVH (Transvaginal hysterectomy),No,No,1,1,Right,35,4,90,90
6,8:25:37 AM,8:26:26 AM,00:49,TVH (Transvaginal hysterectomy),No,No,1,1,Right,35,4,90,90
2,8:26:26 AM,8:26:29 AM,00:03,TVH (Transvaginal hysterectomy),No,No,1,1,Right,35,4,90,90
6,8:26:29 AM,8:26:33 AM,00:04,TVH (Transvaginal hysterectomy),No,No,1,1,Right,35,4,90,90
14,8:26:33 AM,8:26:37 AM,00:04,TVH (Transvaginal hysterectomy),No,No,1,1,Right,35,4,90,90
6,8:26:37 AM,8:26:47 AM,00:10,TVH (Transvaginal hysterectomy),No,No,1,1,Right,35,4,90,90
2,8:26:47 AM,8:26:48 AM,00:01,TVH (Transvaginal hysterectomy),No,No,1,1,Right,35,4,90,90
4,8:26:48 AM,8:26:57 AM,00:09,TVH (Transvaginal hysterectomy),No,No,1,1,Right,35,4,90,90
8,8:26:57 AM,8:27:14 AM,00:17,TVH (Transvaginal hysterectomy),No,No,1,1,Right,35,4,90,90
6,8:27:14 AM,8:27:35 AM,00:21,TVH (Transvaginal hysterectomy),No,No,1,1,Right,35,4,90,90
2,8:27:35 AM,8:27:40 AM,00:05,TVH (Transvaginal hysterectomy),No,No,1,1,Right,35,4,90,90
6,8:27:40 AM,8:28:15 AM,00:35,TVH (Transvaginal hysterectomy),No,No,1,1,Right,35,4,90,90
2,8:28:15 AM,8:28:24 AM,00:09,TVH (Transvaginal hysterectomy),No,No,1,1,Right,35,4,90,90
6,8:28:24 AM,8:28:57 AM,00:33,TVH (Transvaginal hysterectomy),No,No,1,1,Right,35,4,90,90
5,8:28:57 AM,8:28:58 AM,00:01,TVH (Transvaginal hysterectomy),No,No,1,1,Right,35,4,90,90
6,8:28:58 AM,8:29:03 AM,00:05,TVH (Transvaginal hysterectomy),No,No,1,1,Right,35,4,90,90
22,8:29:03 AM,8:29:04 AM,00:01,TVH (Transvaginal hysterectomy),No,No,1,1,Right,35,4,90,90
6,8:29:04 AM,8:30:28 AM,01:24,TVH (Transvaginal hysterectomy),No,No,1,1,Right,35,4,90,90
8,8:30:28 AM,8:30:31 AM,00:03,TVH (Transvaginal hysterectomy),No,No,1,1,Right,35,4,90,90
6,8:30:31 AM,8:31:35 AM,01:04,TVH (Transvaginal hysterectomy),No,No,1,1,Right,35,4,90,90
2,8:31:35 AM,8:31:59 AM,00:24,TVH (Transvaginal hysterectomy),No,No,1,1,Right,35,4,90,90
6,8:31:59 AM,8:32:20 AM,00:21,TVH (Transvaginal hysterectomy),No,No,1,1,Right,35,4,90,90
2,8:32:20 AM,8:33:34 AM,01:14,TVH (Transvaginal hysterectomy),No,No,1,1,Right,35,4,90,90
6,8:33:34 AM,8:34:55 AM,01:21,TVH (Transvaginal hysterectomy),No,No,1,1,Right,35,4,90,90
2,8:34:55 AM,8:35:02 AM,00:07,TVH (Transvaginal hysterectomy),No,No,1,1,Right,35,4,90,90
6,8:35:02 AM,8:35:05 AM,00:03,TVH (Transvaginal hysterectomy),No,No,1,1,Right,35,4,90,90
2,8:35:05 AM,8:35:41 AM,00:36,TVH (Transvaginal hysterectomy),No,No,1,1,Right,35,4,90,90
1,8:35:41 AM,8:35:49 AM,00:08,TVH (Transvaginal hysterectomy),No,No,1,1,Right,35,4,90,90
2,8:35:49 AM,8:35:59 AM,00:10,TVH (Transvaginal hysterectomy),No,No,1,1,Right,35,4,90,90
1,8:35:59 AM,8:36:12 AM,00:13,TVH (Transvaginal hysterectomy),No,No,1,1,Right,35,4,90,90
2,8:36:12 AM,8:36:58 AM,00:46,TVH (Transvaginal hysterectomy),No,No,1,1,Right,35,4,90,90
6,8:36:58 AM,8:37:04 AM,00:06,TVH (Transvaginal hysterectomy),No,No,1,1,Right,35,4,90,90
2,8:37:04 AM,8:37:08 AM,00:04,TVH (Transvaginal hysterectomy),No,No,1,1,Right,35,4,90,90
1,8:37:08 AM,8:37:10 AM,00:02,TVH (Transvaginal hysterectomy),No,No,1,1,Right,35,4,90,90
2,8:37:10 AM,8:37:16 AM,00:06,TVH (Transvaginal hysterectomy),No,No,1,1,Right,35,4,90,90
6,8:37:16 AM,8:39:06 AM,01:50,TVH (Transvaginal hysterectomy),No,No,1,1,Right,35,4,90,90
2,8:39:06 AM,8:39:12 AM,00:06,TVH (Transvaginal hysterectomy),No,No,1,1,Right,35,4,90,90
6,8:39:12 AM,8:39:26 AM,00:14,TVH (Transvaginal hysterectomy),No,No,1,1,Right,35,4,90,90
2,8:39:26 AM,8:40:19 AM,00:53,TVH (Transvaginal hysterectomy),No,No,1,1,Right,35,4,90,90
6,8:40:19 AM,8:40:27 AM,00:08,TVH (Transvaginal hysterectomy),No,No,1,1,Right,35,4,90,90
2,8:40:27 AM,8:40:34 AM,00:07,TVH (Transvaginal hysterectomy),No,No,1,1,Right,35,4,90,90
1,8:40:34 AM,8:40:57 AM,00:23,TVH (Transvaginal hysterectomy),No,No,1,1,Right,35,4,90,90
2,8:40:57 AM,8:41:02 AM,00:05,TVH (Transvaginal hysterectomy),No,No,1,1,Right,35,4,90,90
6,8:41:02 AM,8:41:15 AM,00:13,TVH (Transvaginal hysterectomy),No,No,1,1,Right,35,4,90,90
2,8:41:15 AM,8:42:00 AM,00:45,TVH (Transvaginal hysterectomy),No,No,1,1,Right,35,4,90,90
6,8:42:00 AM,8:42:13 AM,00:13,TVH (Transvaginal hysterectomy),No,No,1,1,Right,35,4,90,90
2,8:42:13 AM,8:42:21 AM,00:08,TVH (Transvaginal hysterectomy),No,No,1,1,Right,35,4,90,90
1,8:42:21 AM,8:42:24 AM,00:03,TVH (Transvaginal hysterectomy),No,No,1,1,Right,35,4,90,90
2,8:42:24 AM,8:42:54 AM,00:30,TVH (Transvaginal hysterectomy),No,No,1,1,Right,35,4,90,90
1,8:42:54 AM,8:43:15 AM,00:21,TVH (Transvaginal hysterectomy),No,No,1,1,Right,35,4,90,90
5,8:43:15 AM,8:43:22 AM,00:07,TVH (Transvaginal hysterectomy),No,No,1,1,Right,35,4,90,90
6,8:43:22 AM,8:43:34 AM,00:12,TVH (Transvaginal hysterectomy),No,No,1,1,Right,35,4,90,90
2,8:43:34 AM,8:43:44 AM,00:10,TVH (Transvaginal hysterectomy),No,No,1,1,Right,35,4,90,90
6,8:43:44 AM,8:44:06 AM,00:22,TVH (Transvaginal hysterectomy),No,No,1,1,Right,35,4,90,90
2,8:44:06 AM,8:44:37 AM,00:31,TVH (Transvaginal hysterectomy),No,No,1,1,Right,35,4,90,90
6,8:44:37 AM,8:44:48 AM,00:11,TVH (Transvaginal hysterectomy),No,No,1,1,Right,35,4,90,90
2,8:44:48 AM,8:44:55 AM,00:07,TVH (Transvaginal hysterectomy),No,No,1,1,Right,35,4,90,90
6,8:44:55 AM,8:44:58 AM,00:03,TVH (Transvaginal hysterectomy),No,No,1,1,Right,35,4,90,90
2,8:44:58 AM,8:45:13 AM,00:15,TVH (Transvaginal hysterectomy),No,No,1,1,Right,35,4,90,90
6,8:45:13 AM,8:45:50 AM,00:37,TVH (Transvaginal hysterectomy),No,No,1,1,Right,35,4,90,90
2,8:45:50 AM,8:46:56 AM,01:06,TVH (Transvaginal hysterectomy),No,No,1,1,Right,35,4,90,90
6,8:46:56 AM,8:47:00 AM,00:04,TVH (Transvaginal hysterectomy),No,No,1,1,Right,35,4,90,90
2,8:47:00 AM,8:47:03 AM,00:03,TVH (Transvaginal hysterectomy),No,No,1,1,Right,35,4,90,90
6,8:47:03 AM,8:47:10 AM,00:07,TVH (Transvaginal hysterectomy),No,No,1,1,Right,35,4,90,90
2,8:47:10 AM,8:47:23 AM,00:13,TVH (Transvaginal hysterectomy),No,No,1,1,Right,35,4,90,90
1,8:47:23 AM,8:47:27 AM,00:04,TVH (Transvaginal hysterectomy),No,No,1,1,Right,35,4,90,90
5,8:47:27 AM,8:47:34 AM,00:07,TVH (Transvaginal hysterectomy),No,No,1,1,Right,35,4,90,90
6,8:47:34 AM,8:47:42 AM,00:08,TVH (Transvaginal hysterectomy),No,No,1,1,Right,35,4,90,90
2,8:47:42 AM,8:48:06 AM,00:24,TVH (Transvaginal hysterectomy),No,No,1,1,Right,35,4,90,90
10,8:48:06 AM,8:48:12 AM,00:06,TVH (Transvaginal hysterectomy),No,No,1,1,Right,35,4,90,90
2,8:48:12 AM,8:48:16 AM,00:04,TVH (Transvaginal hysterectomy),No,No,1,1,Right,35,4,90,90
6,8:48:16 AM,8:48:21 AM,00:05,TVH (Transvaginal hysterectomy),No,No,1,1,Right,35,4,90,90
14,8:48:21 AM,8:48:42 AM,00:21,TVH (Transvaginal hysterectomy),No,No,1,1,Right,35,4,90,90
10,8:48:42 AM,8:49:10 AM,00:28,TVH (Transvaginal hysterectomy),No,No,1,1,Right,35,4,90,90
9,8:49:10 AM,8:49:20 AM,00:10,TVH (Transvaginal hysterectomy),No,No,1,1,Right,35,4,90,90
1,8:49:20 AM,8:49:29 AM,00:09,TVH (Transvaginal hysterectomy),No,No,1,1,Right,35,4,90,90
5,8:49:29 AM,8:49:33 AM,00:04,TVH (Transvaginal hysterectomy),No,No,1,1,Right,35,4,90,90
6,8:49:33 AM,8:49:59 AM,00:26,TVH (Transvaginal hysterectomy),No,No,1,1,Right,35,4,90,90
14,8:49:59 AM,8:50:13 AM,00:14,TVH (Transvaginal hysterectomy),No,No,1,1,Right,35,4,90,90
10,8:50:13 AM,8:50:42 AM,00:29,TVH (Transvaginal hysterectomy),No,No,1,1,Right,35,4,90,90
14,8:50:42 AM,8:53:31 AM,02:49,TVH (Transvaginal hysterectomy),No,No,1,1,Right,35,4,90,90
6,8:53:31 AM,8:56:30 AM,02:59,TVH (Transvaginal hysterectomy),No,No,1,1,Right,35,4,90,90
14,8:56:30 AM,8:57:21 AM,00:51,TVH (Transvaginal hysterectomy),No,No,1,1,Right,35,4,90,90
13,8:57:21 AM,8:57:32 AM,00:11,TVH (Transvaginal hysterectomy),No,No,1,1,Right,35,4,90,90
14,8:57:32 AM,8:59:00 AM,01:28,TVH (Transvaginal hysterectomy),No,No,1,1,Right,35,4,90,90
10,8:59:00 AM,8:59:15 AM,00:15,TVH (Transvaginal hysterectomy),No,No,1,1,Right,35,4,90,90
9,8:59:15 AM,8:59:24 AM,00:09,TVH (Transvaginal hysterectomy),No,No,1,1,Right,35,4,90,90
13,8:59:24 AM,8:59:32 AM,00:08,TVH (Transvaginal hysterectomy),No,No,1,1,Right,35,4,90,90
14,8:59:32 AM,9:00:35 AM,01:03,TVH (Transvaginal hysterectomy),No,No,1,1,Right,35,4,90,90
10,9:00:35 AM,9:00:37 AM,00:02,TVH (Transvaginal hysterectomy),No,No,1,1,Right,35,4,90,90
9,9:00:37 AM,9:00:43 AM,00:06,TVH (Transvaginal hysterectomy),No,No,1,1,Right,35,4,90,90
1,9:00:43 AM,9:01:02 AM,00:19,TVH (Transvaginal hysterectomy),No,No,1,1,Right,35,4,90,90
2,9:01:02 AM,9:01:06 AM,00:04,TVH (Transvaginal hysterectomy),No,No,1,1,Right,35,4,90,90
6,9:01:06 AM,9:01:59 AM,00:53,TVH (Transvaginal hysterectomy),No,No,1,1,Right,35,4,90,90
14,9:01:59 AM,9:02:09 AM,00:10,TVH (Transvaginal hysterectomy),No,No,1,1,Right,35,4,90,90
6,9:02:09 AM,9:03:10 AM,01:01,TVH (Transvaginal hysterectomy),No,No,1,1,Right,35,4,90,90
14,9:03:10 AM,9:03:39 AM,00:29,Unilateral salpingectomy,No,No,2,2,Right,35,4,90,90
6,9:03:39 AM,9:04:08 AM,00:29,Unilateral salpingectomy,No,No,2,2,Right,35,4,90,90
8,9:04:08 AM,9:04:12 AM,00:04,Unilateral salpingectomy,No,No,2,2,Right,35,4,90,90
6,9:04:12 AM,9:04:14 AM,00:02,Unilateral salpingectomy,No,No,2,2,Right,35,4,90,90
5,9:04:14 AM,9:04:30 AM,00:16,Unilateral salpingectomy,No,No,2,2,Right,35,4,90,90
6,9:04:30 AM,9:05:08 AM,00:38,Unilateral salpingectomy,No,No,2,2,Right,35,4,90,90
8,9:05:08 AM,9:05:12 AM,00:04,Unilateral salpingectomy,No,No,2,2,Right,35,4,90,90
6,9:05:12 AM,9:05:28 AM,00:16,Unilateral salpingectomy,No,No,2,2,Right,35,4,90,90
5,9:05:28 AM,9:07:30 AM,02:02,Unilateral salpingectomy,No,No,2,2,Right,35,4,90,90
6,9:07:30 AM,9:07:55 AM,00:25,unilateral salpingo-oopherectomy,No,No,3,3,Right,35,4,90,90
14,9:07:55 AM,9:08:45 AM,00:50,unilateral salpingo-oopherectomy,No,No,3,3,Right,35,4,90,90
6,9:08:45 AM,9:09:11 AM,00:26,unilateral salpingo-oopherectomy,No,No,3,3,Right,35,4,90,90
2,9:09:11 AM,9:09:45 AM,00:34,unilateral salpingo-oopherectomy,No,No,3,3,Right,35,4,90,90
6,9:09:45 AM,9:10:33 AM,00:48,unilateral salpingo-oopherectomy,No,No,3,3,Right,35,4,90,90
2,9:10:33 AM,9:10:53 AM,00:20,unilateral salpingo-oopherectomy,No,No,3,3,Right,35,4,90,90
6,9:10:53 AM,9:11:30 AM,00:37,unilateral salpingo-oopherectomy,No,No,3,3,Right,35,4,90,90
2,9:11:30 AM,9:12:10 AM,00:40,unilateral salpingo-oopherectomy,No,No,3,3,Right,35,4,90,90
6,9:12:10 AM,9:13:17 AM,01:07,unilateral salpingo-oopherectomy,No,No,3,3,Right,35,4,90,90
14,9:13:17 AM,9:13:33 AM,00:16,unilateral salpingo-oopherectomy,No,No,3,3,Right,35,4,90,90
10,9:13:33 AM,9:13:36 AM,00:03,unilateral salpingo-oopherectomy,No,No,3,3,Right,35,4,90,90
14,9:13:36 AM,9:14:57 AM,01:21,unilateral salpingo-oopherectomy,No,No,3,3,Right,35,4,90,90
10,9:14:57 AM,9:15:00 AM,00:03,unilateral salpingo-oopherectomy,No,No,3,3,Right,35,4,90,90
2,9:15:00 AM,9:15:43 AM,00:43,unilateral salpingo-oopherectomy,No,No,3,3,Right,35,4,90,90
6,9:15:43 AM,9:15:45 AM,00:02,unilateral salpingo-oopherectomy,No,No,3,3,Right,35,4,90,90
2,9:15:45 AM,9:16:14 AM,00:29,unilateral salpingo-oopherectomy,No,No,3,3,Right,35,4,90,90
6,9:16:14 AM,9:16:16 AM,00:02,unilateral salpingo-oopherectomy,No,No,3,3,Right,35,4,90,90
8,9:16:16 AM,9:16:21 AM,00:05,unilateral salpingo-oopherectomy,No,No,3,3,Right,35,4,90,90
16,9:16:21 AM,9:16:54 AM,00:33,unilateral salpingo-oopherectomy,No,No,3,3,Right,35,4,90,90
14,9:16:54 AM,9:16:58 AM,00:04,unilateral salpingo-oopherectomy,No,No,3,3,Right,35,4,90,90
16,9:16:58 AM,9:17:01 AM,00:03,unilateral salpingo-oopherectomy,No,No,3,3,Right,35,4,90,90
14,9:17:01 AM,9:17:04 AM,00:03,unilateral salpingo-oopherectomy,No,No,3,3,Right,35,4,90,90
16,9:17:04 AM,9:17:12 AM,00:08,unilateral salpingo-oopherectomy,No,No,3,3,Right,35,4,90,90
14,9:17:12 AM,9:17:15 AM,00:03,unilateral salpingo-oopherectomy,No,No,3,3,Right,35,4,90,90
10,9:17:15 AM,9:17:23 AM,00:08,unilateral salpingo-oopherectomy,No,No,3,3,Right,35,4,90,90
12,9:17:23 AM,9:17:55 AM,00:32,unilateral salpingo-oopherectomy,No,No,3,3,Right,35,4,90,90
10,9:17:55 AM,9:17:56 AM,00:01,unilateral salpingo-oopherectomy,No,No,3,3,Right,35,4,90,90
9,9:17:56 AM,9:17:57 AM,00:01,unilateral salpingo-oopherectomy,No,No,3,3,Right,35,4,90,90
1,9:17:57 AM,9:20:47 AM,02:50,unilateral salpingo-oopherectomy,No,No,3,3,Right,35,4,90,90
2,9:26:52 AM,9:27:04 AM,00:12,USLS (Uterosacral ligament suspension),No,No,4,5,Right,35,4,90,90
18,9:27:04 AM,9:29:55 AM,02:51,USLS (Uterosacral ligament suspension),No,No,4,5,Right,35,4,90,90
17,9:29:55 AM,9:30:10 AM,00:15,USLS (Uterosacral ligament suspension),No,No,4,5,Right,35,4,90,90
18,9:30:10 AM,9:30:32 AM,00:22,USLS (Uterosacral ligament suspension),No,No,4,5,Right,35,4,90,90
17,9:30:32 AM,9:31:00 AM,00:28,USLS (Uterosacral ligament suspension),No,No,4,5,Right,35,4,90,90
19,9:31:00 AM,9:31:00 AM,00:00,USLS (Uterosacral ligament suspension),No,No,4,5,Right,35,4,90,90
17,9:31:00 AM,9:31:30 AM,00:30,USLS (Uterosacral ligament suspension),No,No,4,5,Right,35,4,90,90
18,9:31:30 AM,9:31:34 AM,00:04,USLS (Uterosacral ligament suspension),No,No,4,5,Right,35,4,90,90
22,9:31:34 AM,9:31:40 AM,00:06,USLS (Uterosacral ligament suspension),No,No,4,5,Right,35,4,90,90
18,9:31:40 AM,9:32:22 AM,00:42,USLS (Uterosacral ligament suspension),No,No,4,5,Right,35,4,90,90
22,9:32:22 AM,9:32:42 AM,00:20,USLS (Uterosacral ligament suspension),No,No,4,5,Right,35,4,90,90
18,9:32:42 AM,9:32:58 AM,00:16,USLS (Uterosacral ligament suspension),No,No,4,5,Right,35,4,90,90
17,9:32:58 AM,9:33:00 AM,00:02,USLS (Uterosacral ligament suspension),No,No,4,5,Right,35,4,90,90
18,9:33:00 AM,9:33:06 AM,00:06,USLS (Uterosacral ligament suspension),No,No,4,5,Right,35,4,90,90
20,9:33:06 AM,9:33:08 AM,00:02,USLS (Uterosacral ligament suspension),No,No,4,5,Right,35,4,90,90
18,9:33:08 AM,9:33:24 AM,00:16,USLS (Uterosacral ligament suspension),No,No,4,5,Right,35,4,90,90
26,9:33:24 AM,9:33:25 AM,00:01,USLS (Uterosacral ligament suspension),No,No,4,5,Right,35,4,90,90
18,9:33:25 AM,9:33:35 AM,00:10,USLS (Uterosacral ligament suspension),No,No,4,5,Right,35,4,90,90
22,9:33:35 AM,9:34:58 AM,01:23,USLS (Uterosacral ligament suspension),No,No,4,5,Right,35,4,90,90
21,9:34:58 AM,9:35:01 AM,00:03,USLS (Uterosacral ligament suspension),No,No,4,5,Right,35,4,90,90
23,9:35:01 AM,9:35:05 AM,00:04,USLS (Uterosacral ligament suspension),No,No,4,5,Right,35,4,90,90
21,9:35:05 AM,9:35:09 AM,00:04,USLS (Uterosacral ligament suspension),No,No,4,5,Right,35,4,90,90
22,9:35:09 AM,9:35:13 AM,00:04,USLS (Uterosacral ligament suspension),No,No,4,5,Right,35,4,90,90
21,9:35:13 AM,9:35:38 AM,00:25,USLS (Uterosacral ligament suspension),No,No,4,5,Right,35,4,90,90
23,9:35:38 AM,9:35:40 AM,00:02,USLS (Uterosacral ligament suspension),No,No,4,5,Right,35,4,90,90
21,9:35:40 AM,9:36:08 AM,00:28,USLS (Uterosacral ligament suspension),No,No,4,5,Right,35,4,90,90
22,9:36:08 AM,9:36:57 AM,00:49,USLS (Uterosacral ligament suspension),No,No,4,5,Right,35,4,90,90
24,9:36:57 AM,9:37:00 AM,00:03,USLS (Uterosacral ligament suspension),No,No,4,5,Right,35,4,90,90
22,9:37:00 AM,9:37:04 AM,00:04,USLS (Uterosacral ligament suspension),No,No,4,5,Right,35,4,90,90
21,9:37:04 AM,9:38:11 AM,01:07,USLS (Uterosacral ligament suspension),No,No,4,5,Right,35,4,90,90
17,9:38:11 AM,9:38:43 AM,00:32,USLS (Uterosacral ligament suspension),No,No,4,5,Right,35,4,90,90
21,9:38:43 AM,9:40:03 AM,01:20,USLS (Uterosacral ligament suspension),No,No,4,5,Right,35,4,90,90
17,9:40:03 AM,9:40:05 AM,00:02,USLS (Uterosacral ligament suspension),No,No,4,5,Right,35,4,90,90
18,9:40:05 AM,9:40:06 AM,00:01,USLS (Uterosacral ligament suspension),No,No,4,5,Right,35,4,90,90
17,9:40:06 AM,9:40:59 AM,00:53,USLS (Uterosacral ligament suspension),No,No,4,5,Right,35,4,90,90
18,9:40:59 AM,9:41:03 AM,00:04,USLS (Uterosacral ligament suspension),No,No,4,5,Right,35,4,90,90
22,9:41:03 AM,9:41:42 AM,00:39,USLS (Uterosacral ligament suspension),No,No,4,5,Right,35,4,90,90
21,9:41:42 AM,9:41:48 AM,00:06,USLS (Uterosacral ligament suspension),No,No,4,5,Right,35,4,90,90
17,9:41:48 AM,9:41:49 AM,00:01,USLS (Uterosacral ligament suspension),No,No,4,5,Right,35,4,90,90
19,9:41:49 AM,9:41:58 AM,00:09,USLS (Uterosacral ligament suspension),No,No,4,5,Right,35,4,90,90
17,9:41:58 AM,9:42:04 AM,00:06,USLS (Uterosacral ligament suspension),No,No,4,5,Right,35,4,90,90
21,9:42:04 AM,9:43:21 AM,01:17,USLS (Uterosacral ligament suspension),No,No,4,5,Right,35,4,90,90
17,9:43:21 AM,9:43:26 AM,00:05,USLS (Uterosacral ligament suspension),No,No,4,5,Right,35,4,90,90
21,9:43:26 AM,9:43:30 AM,00:04,USLS (Uterosacral ligament suspension),No,No,4,5,Right,35,4,90,90
29,9:43:30 AM,9:43:31 AM,00:01,USLS (Uterosacral ligament suspension),No,No,4,5,Right,35,4,90,90
13,9:43:31 AM,9:43:35 AM,00:04,USLS (Uterosacral ligament suspension),No,No,4,5,Right,35,4,90,90
29,9:43:35 AM,9:43:53 AM,00:18,USLS (Uterosacral ligament suspension),No,No,4,5,Right,35,4,90,90
13,9:43:53 AM,9:44:01 AM,00:08,USLS (Uterosacral ligament suspension),No,No,4,5,Right,35,4,90,90
14,9:44:01 AM,9:44:05 AM,00:04,USLS (Uterosacral ligament suspension),No,No,4,5,Right,35,4,90,90
13,9:44:05 AM,9:44:42 AM,00:37,USLS (Uterosacral ligament suspension),No,No,4,5,Right,35,4,90,90
9,9:44:42 AM,9:44:50 AM,00:08,USLS (Uterosacral ligament suspension),No,No,4,5,Right,35,4,90,90
13,9:44:50 AM,9:44:56 AM,00:06,USLS (Uterosacral ligament suspension),No,No,4,5,Right,35,4,90,90
9,9:44:56 AM,9:45:02 AM,00:06,USLS (Uterosacral ligament suspension),No,No,4,5,Right,35,4,90,90
13,9:45:02 AM,9:45:09 AM,00:07,USLS (Uterosacral ligament suspension),No,No,4,5,Right,35,4,90,90
9,9:45:09 AM,9:45:13 AM,00:04,USLS (Uterosacral ligament suspension),No,No,4,5,Right,35,4,90,90
13,9:45:13 AM,9:46:01 AM,00:48,USLS (Uterosacral ligament suspension),No,No,4,5,Right,35,4,90,90
9,9:46:01 AM,9:46:06 AM,00:05,USLS (Uterosacral ligament suspension),No,No,4,5,Right,35,4,90,90
10,9:46:06 AM,9:46:08 AM,00:02,USLS (Uterosacral ligament suspension),No,No,4,5,Right,35,4,90,90
9,9:46:08 AM,9:46:24 AM,00:16,USLS (Uterosacral ligament suspension),No,No,4,5,Right,35,4,90,90
10,9:46:24 AM,9:48:07 AM,01:43,USLS (Uterosacral ligament suspension),No,No,4,5,Right,35,4,90,90
14,9:48:07 AM,9:48:19 AM,00:12,USLS (Uterosacral ligament suspension),No,No,4,5,Right,35,4,90,90
10,9:48:19 AM,9:48:37 AM,00:18,USLS (Uterosacral ligament suspension),No,No,4,5,Right,35,4,90,90
12,9:48:37 AM,9:48:38 AM,00:01,USLS (Uterosacral ligament suspension),No,No,4,5,Right,35,4,90,90
10,9:48:38 AM,9:48:40 AM,00:02,USLS (Uterosacral ligament suspension),No,No,4,5,Right,35,4,90,90
14,9:48:40 AM,9:49:20 AM,00:40,USLS (Uterosacral ligament suspension),No,No,4,5,Right,35,4,90,90
10,9:49:20 AM,9:49:28 AM,00:08,USLS (Uterosacral ligament suspension),No,No,4,5,Right,35,4,90,90
9,9:49:28 AM,9:49:34 AM,00:06,USLS (Uterosacral ligament suspension),No,No,4,5,Right,35,4,90,90
10,9:49:34 AM,9:50:26 AM,00:52,USLS (Uterosacral ligament suspension),No,No,4,5,Right,35,4,90,90
9,9:50:26 AM,9:50:32 AM,00:06,USLS (Uterosacral ligament suspension),No,No,5,5,Right,34.5,4,90,90
13,9:50:32 AM,9:50:38 AM,00:06,USLS (Uterosacral ligament suspension),No,No,5,5,Right,34.5,4,90,90
14,9:50:38 AM,9:50:40 AM,00:02,USLS (Uterosacral ligament suspension),No,No,5,5,Right,34.5,4,90,90
13,9:50:40 AM,9:51:01 AM,00:21,USLS (Uterosacral ligament suspension),No,No,5,5,Right,34.5,4,90,90
14,9:51:01 AM,9:51:03 AM,00:02,USLS (Uterosacral ligament suspension),No,No,5,5,Right,34.5,4,90,90
13,9:51:03 AM,9:51:07 AM,00:04,USLS (Uterosacral ligament suspension),No,No,5,5,Right,34.5,4,90,90
9,9:51:07 AM,9:51:24 AM,00:17,USLS (Uterosacral ligament suspension),No,No,5,5,Right,34.5,4,90,90
10,9:51:24 AM,9:51:26 AM,00:02,USLS (Uterosacral ligament suspension),No,No,5,5,Right,34.5,4,90,90
9,9:51:26 AM,9:51:43 AM,00:17,USLS (Uterosacral ligament suspension),No,No,5,5,Right,34.5,4,90,90
13,9:51:43 AM,9:52:06 AM,00:23,USLS (Uterosacral ligament suspension),No,No,5,5,Right,34.5,4,90,90
9,9:52:06 AM,9:53:30 AM,01:24,USLS (Uterosacral ligament suspension),No,No,5,5,Right,34.5,4,90,90
10,9:53:30 AM,9:53:32 AM,00:02,USLS (Uterosacral ligament suspension),No,No,5,5,Right,34.5,4,90,90
9,9:53:32 AM,9:53:35 AM,00:03,USLS (Uterosacral ligament suspension),No,No,5,5,Right,34.5,4,90,90
11,9:53:35 AM,9:53:36 AM,00:01,USLS (Uterosacral ligament suspension),No,No,5,5,Right,34.5,4,90,90
9,9:53:36 AM,9:54:06 AM,00:30,USLS (Uterosacral ligament suspension),No,No,5,5,Right,34.5,4,90,90
13,9:54:06 AM,9:54:20 AM,00:14,USLS (Uterosacral ligament suspension),No,No,5,5,Right,34.5,4,90,90
9,9:54:20 AM,9:54:23 AM,00:03,USLS (Uterosacral ligament suspension),No,No,5,5,Right,34.5,4,90,90
13,9:54:23 AM,9:55:07 AM,00:44,USLS (Uterosacral ligament suspension),No,No,5,5,Right,34.5,4,90,90
9,9:55:07 AM,9:55:21 AM,00:14,USLS (Uterosacral ligament suspension),No,No,5,5,Right,34.5,4,90,90
13,9:55:21 AM,9:55:35 AM,00:14,USLS (Uterosacral ligament suspension),No,No,5,5,Right,34.5,4,90,90
14,9:55:35 AM,9:55:43 AM,00:08,USLS (Uterosacral ligament suspension),No,No,5,5,Right,34.5,4,90,90
13,9:55:43 AM,9:55:49 AM,00:06,USLS (Uterosacral ligament suspension),No,No,5,5,Right,34.5,4,90,90
9,9:55:49 AM,9:56:27 AM,00:38,USLS (Uterosacral ligament suspension),No,No,5,5,Right,34.5,4,90,90
13,9:56:27 AM,9:56:32 AM,00:05,USLS (Uterosacral ligament suspension),No,No,5,5,Right,34.5,4,90,90
9,9:56:32 AM,9:58:04 AM,01:32,USLS (Uterosacral ligament suspension),No,No,5,5,Right,34.5,4,90,90
13,9:58:04 AM,9:58:32 AM,00:28,USLS (Uterosacral ligament suspension),No,No,5,5,Right,34.5,4,90,90
9,9:58:32 AM,10:00:45 AM,02:13,USLS (Uterosacral ligament suspension),No,No,5,5,Right,34.5,4,90,90
13,10:00:45 AM,10:00:49 AM,00:04,USLS (Uterosacral ligament suspension),No,No,5,5,Right,34.5,4,90,90
9,10:00:49 AM,10:01:44 AM,00:55,USLS (Uterosacral ligament suspension),No,No,5,5,Right,34.5,4,90,90
10,10:01:44 AM,10:01:47 AM,00:03,USLS (Uterosacral ligament suspension),No,No,5,5,Right,34.5,4,90,90
9,10:01:47 AM,10:04:06 AM,02:19,USLS (Uterosacral ligament suspension),No,No,5,5,Right,34.5,4,90,90
10,10:04:06 AM,10:04:07 AM,00:01,USLS (Uterosacral ligament suspension),No,No,5,5,Right,34.5,4,90,90
9,10:04:07 AM,10:04:16 AM,00:09,USLS (Uterosacral ligament suspension),No,No,5,5,Right,34.5,4,90,90
1,10:04:16 AM,10:04:16 AM,00:00,USLS (Uterosacral ligament suspension),No,No,5,5,Right,34.5,4,90,90
9,10:04:16 AM,10:04:21 AM,00:05,USLS (Uterosacral ligament suspension),No,No,5,5,Right,34.5,4,90,90
13,10:04:21 AM,10:04:23 AM,00:02,USLS (Uterosacral ligament suspension),No,No,5,5,Right,34.5,4,90,90
14,10:04:23 AM,10:04:28 AM,00:05,USLS (Uterosacral ligament suspension),No,No,5,5,Right,34.5,4,90,90
13,10:04:28 AM,10:04:33 AM,00:05,USLS (Uterosacral ligament suspension),No,No,5,5,Right,34.5,4,90,90
9,10:04:33 AM,10:04:39 AM,00:06,USLS (Uterosacral ligament suspension),No,No,5,5,Right,34.5,4,90,90
10,10:04:39 AM,10:04:41 AM,00:02,USLS (Uterosacral ligament suspension),No,No,5,5,Right,34.5,4,90,90
14,10:04:41 AM,10:04:44 AM,00:03,USLS (Uterosacral ligament suspension),No,No,5,5,Right,34.5,4,90,90
10,10:04:44 AM,10:04:44 AM,00:00,USLS (Uterosacral ligament suspension),No,No,5,5,Right,34.5,4,90,90
9,10:04:44 AM,10:05:31 AM,00:47,USLS (Uterosacral ligament suspension),No,No,5,5,Right,34.5,4,90,90
10,10:05:31 AM,10:05:32 AM,00:01,USLS (Uterosacral ligament suspension),No,No,5,5,Right,34.5,4,90,90
9,10:05:32 AM,10:05:38 AM,00:06,USLS (Uterosacral ligament suspension),No,No,5,5,Right,34.5,4,90,90
10,10:05:38 AM,10:05:40 AM,00:02,USLS (Uterosacral ligament suspension),No,No,5,5,Right,34.5,4,90,90
9,10:05:40 AM,10:05:44 AM,00:04,USLS (Uterosacral ligament suspension),No,No,5,5,Right,34.5,4,90,90
10,10:05:44 AM,10:05:59 AM,00:15,USLS (Uterosacral ligament suspension),No,No,5,5,Right,34.5,4,90,90
9,10:05:59 AM,10:06:21 AM,00:22,USLS (Uterosacral ligament suspension),No,No,5,5,Right,34.5,4,90,90
13,10:06:21 AM,10:06:29 AM,00:08,USLS (Uterosacral ligament suspension),No,No,5,5,Right,34.5,4,90,90
9,10:06:29 AM,10:06:43 AM,00:14,USLS (Uterosacral ligament suspension),No,No,5,5,Right,34.5,4,90,90
13,10:06:43 AM,10:07:25 AM,00:42,USLS (Uterosacral ligament suspension),No,No,5,5,Right,34.5,4,90,90
9,10:07:25 AM,10:08:10 AM,00:45,USLS (Uterosacral ligament suspension),No,No,5,5,Right,34.5,4,90,90
13,10:08:10 AM,10:08:31 AM,00:21,USLS (Uterosacral ligament suspension),No,No,5,5,Right,34.5,4,90,90
9,10:08:31 AM,10:08:40 AM,00:09,USLS (Uterosacral ligament suspension),No,No,5,5,Right,34.5,4,90,90
1,10:08:40 AM,10:08:52 AM,00:12,USLS (Uterosacral ligament suspension),No,No,5,5,Right,34.5,4,90,90
5,10:08:52 AM,10:08:54 AM,00:02,USLS (Uterosacral ligament suspension),No,No,5,5,Right,34.5,4,90,90
6,10:08:54 AM,10:08:56 AM,00:02,USLS (Uterosacral ligament suspension),No,No,5,5,Right,34.5,4,90,90
5,10:08:56 AM,10:08:59 AM,00:03,USLS (Uterosacral ligament suspension),No,No,5,5,Right,34.5,4,90,90
1,10:08:59 AM,10:09:01 AM,00:02,USLS (Uterosacral ligament suspension),No,No,5,5,Right,34.5,4,90,90
2,10:09:01 AM,10:09:12 AM,00:11,USLS (Uterosacral ligament suspension),No,No,5,5,Right,34.5,4,90,90
10,10:09:12 AM,10:09:28 AM,00:16,USLS (Uterosacral ligament suspension),No,No,5,5,Right,34.5,4,90,90
9,10:09:28 AM,10:09:59 AM,00:31,USLS (Uterosacral ligament suspension),No,No,5,5,Right,34.5,4,90,90
13,10:09:59 AM,10:10:01 AM,00:02,USLS (Uterosacral ligament suspension),No,No,5,5,Right,34.5,4,90,90
9,10:10:01 AM,10:10:32 AM,00:31,USLS (Uterosacral ligament suspension),No,No,5,5,Right,34.5,4,90,90
1,10:10:32 AM,10:11:15 AM,00:43,USLS (Uterosacral ligament suspension),No,No,5,5,Right,34.5,4,90,90
5,10:11:15 AM,10:11:23 AM,00:08,USLS (Uterosacral ligament suspension),No,No,5,5,Right,34.5,4,90,90
13,10:11:23 AM,10:11:40 AM,00:17,USLS (Uterosacral ligament suspension),No,No,5,5,Right,34.5,4,90,90
9,10:11:40 AM,10:11:49 AM,00:09,USLS (Uterosacral ligament suspension),No,No,5,5,Right,34.5,4,90,90
1,10:11:49 AM,10:12:43 AM,00:54,USLS (Uterosacral ligament suspension),No,No,5,5,Right,34.5,4,90,90
2,10:12:43 AM,10:12:52 AM,00:09,USLS (Uterosacral ligament suspension),No,No,5,5,Right,34.5,4,90,90
1,10:12:52 AM,10:13:35 AM,00:43,USLS (Uterosacral ligament suspension),No,No,5,5,Right,34.5,4,90,90
2,10:13:35 AM,10:13:48 AM,00:13,USLS (Uterosacral ligament suspension),No,No,5,5,Right,34.5,4,90,90
1,10:13:48 AM,10:14:07 AM,00:19,USLS (Uterosacral ligament suspension),No,No,5,5,Right,34.5,4,90,90
2,10:14:07 AM,10:15:28 AM,01:21,USLS (Uterosacral ligament suspension),No,No,5,5,Left,34.5,4,90,90
1,10:15:28 AM,10:16:25 AM,00:57,Cysto (Cystoscopy),No,No,6,6,Left,34.5,4,90,90
9,10:16:25 AM,10:16:26 AM,00:01,Cysto (Cystoscopy),No,No,6,6,Left,34.5,4,90,90
1,10:16:26 AM,10:28:55 AM,12:29,Cysto (Cystoscopy),No,No,6,6,Left,34.5,4,90,90
17,10:28:55 AM,10:29:55 AM,01:00,AR (Anterior repair),No,No,7,9,Left,34.5,4,55,70
21,10:29:55 AM,10:30:00 AM,00:05,AR (Anterior repair),No,No,7,9,Left,34.5,4,55,70
17,10:30:00 AM,10:30:08 AM,00:08,AR (Anterior repair),No,No,2,9,Left,35,4,55,70
21,10:30:08 AM,10:30:33 AM,00:25,AR (Anterior repair),No,No,8,9,Left,39.5,4,55,70
17,10:30:33 AM,10:31:24 AM,00:51,AR (Anterior repair),No,No,8,9,Left,39.5,4,55,70
21,10:31:24 AM,10:31:52 AM,00:28,AR (Anterior repair),No,No,8,9,Left,39.5,4,55,70
17,10:31:52 AM,10:31:54 AM,00:02,AR (Anterior repair),No,No,8,9,Left,39.5,4,55,70
1,10:31:54 AM,10:42:18 AM,10:24,AR (Anterior repair),No,No,8,9,Left,39.5,4,55,70
17,10:42:18 AM,10:42:55 AM,00:37,USLS (Uterosacral ligament suspension),No,No,11,13,Left,39.5,4,60,80
21,10:42:55 AM,10:43:44 AM,00:49,USLS (Uterosacral ligament suspension),No,No,11,13,Left,39.5,4,60,80
17,10:43:44 AM,10:44:44 AM,01:00,USLS (Uterosacral ligament suspension),No,No,11,13,Left,39.5,4,60,80
1,10:44:44 AM,10:45:27 AM,00:43,Cysto (Cystoscopy),No,No,12,14,Left,39.5,4,60,80
5,10:45:27 AM,10:45:38 AM,00:11,AR (Anterior repair),No,No,13,15,Left,39.5,4,135,125
21,10:45:38 AM,10:46:07 AM,00:29,AR (Anterior repair),No,No,13,15,Left,39.5,4,135,125
17,10:46:07 AM,10:46:14 AM,00:07,AR (Anterior repair),No,No,13,16,Left,39.5,4,65,80
1,10:46:14 AM,10:46:51 AM,00:37,AR (Anterior repair),No,No,13,16,Left,39.5,4,65,80
2,10:46:51 AM,10:47:01 AM,00:10,AR (Anterior repair),No,No,13,16,Left,39.5,4,65,80
1,10:47:01 AM,10:47:03 AM,00:02,AR (Anterior repair),No,No,13,17,Left,39.5,4,55,95
2,10:47:03 AM,10:47:08 AM,00:05,AR (Anterior repair),No,No,13,17,Left,39.5,4,55,95
1,10:47:08 AM,10:47:21 AM,00:13,AR (Anterior repair),No,No,13,17,Left,39.5,4,55,95
17,10:47:21 AM,10:47:24 AM,00:03,AR (Anterior repair),No,No,13,17,Left,39.5,4,55,95
1,10:47:24 AM,10:47:40 AM,00:16,AR (Anterior repair),No,No,13,17,Left,39.5,4,55,95
2,10:47:40 AM,10:48:06 AM,00:26,AR (Anterior repair),No,No,13,17,Left,39.5,4,55,95
6,10:48:06 AM,10:48:08 AM,00:02,AR (Anterior repair),No,No,13,17,Left,39.5,4,55,95
2,10:48:08 AM,10:48:20 AM,00:12,AR (Anterior repair),No,No,13,17,Left,39.5,4,55,95
6,10:48:20 AM,10:48:27 AM,00:07,AR (Anterior repair),No,No,13,17,Left,39.5,4,55,95
22,10:48:27 AM,10:48:32 AM,00:05,AR (Anterior repair),No,No,13,17,Left,39.5,4,55,95
21,10:48:32 AM,10:48:45 AM,00:13,AR (Anterior repair),No,No,13,17,Left,39.5,4,55,95
5,10:48:45 AM,10:49:32 AM,00:47,AR (Anterior repair),No,No,13,17,Left,39.5,4,55,95
6,10:49:32 AM,10:50:06 AM,00:34,AR (Anterior repair),No,No,14,17,Left,37.5,4,55,95
2,10:50:06 AM,10:50:08 AM,00:02,AR (Anterior repair),No,No,14,17,Left,37.5,4,55,95
6,10:50:08 AM,10:50:10 AM,00:02,AR (Anterior repair),No,No,14,17,Left,37.5,4,55,95
5,10:50:10 AM,10:50:16 AM,00:06,AR (Anterior repair),No,No,14,17,Left,37.5,4,55,95
6,10:50:16 AM,10:50:19 AM,00:03,AR (Anterior repair),No,No,14,17,Left,37.5,4,55,95
2,10:50:19 AM,10:51:08 AM,00:49,AR (Anterior repair),No,No,14,17,Left,37.5,4,55,95
6,10:51:08 AM,10:52:30 AM,01:22,AR (Anterior repair),No,No,14,17,Left,37.5,4,55,95
8,10:52:30 AM,10:52:44 AM,00:14,AR (Anterior repair),No,No,14,17,Left,37.5,4,55,95
6,10:52:44 AM,10:54:36 AM,01:52,AR (Anterior repair),No,No,14,17,Left,37.5,4,55,95
22,10:54:36 AM,10:56:15 AM,01:39,AR (Anterior repair),No,No,14,17,Left,37.5,4,55,95
6,10:56:15 AM,10:56:18 AM,00:03,AR (Anterior repair),No,No,14,17,Left,37.5,4,55,95
22,10:56:18 AM,10:57:37 AM,01:19,AR (Anterior repair),No,No,14,17,Left,37.5,4,55,95
6,10:57:37 AM,10:57:57 AM,00:20,AR (Anterior repair),No,No,14,17,Left,37.5,4,55,95
22,10:57:57 AM,10:57:58 AM,00:01,AR (Anterior repair),No,No,14,17,Left,37.5,4,55,95
6,10:57:58 AM,10:58:26 AM,00:28,AR (Anterior repair),No,No,14,17,Left,37.5,4,55,95
22,10:58:26 AM,10:59:19 AM,00:53,AR (Anterior repair),No,No,14,17,Left,37.5,4,55,95
6,10:59:19 AM,10:59:21 AM,00:02,AR (Anterior repair),No,No,14,17,Left,37.5,4,55,95
22,10:59:21 AM,10:59:50 AM,00:29,AR (Anterior repair),No,No,14,17,Left,37.5,4,55,95
6,10:59:50 AM,11:00:03 AM,00:13,AR (Anterior repair),No,No,14,17,Left,37.5,4,55,95
22,11:00:03 AM,11:00:06 AM,00:03,AR (Anterior repair),No,No,14,17,Left,37.5,4,55,95
6,11:00:06 AM,11:00:31 AM,00:25,AR (Anterior repair),No,No,14,17,Left,37.5,4,55,95
22,11:00:31 AM,11:00:34 AM,00:03,AR (Anterior repair),No,No,14,17,Left,37.5,4,55,95
6,11:00:34 AM,11:00:36 AM,00:02,AR (Anterior repair),No,No,14,17,Left,37.5,4,55,95
22,11:00:36 AM,11:00:40 AM,00:04,AR (Anterior repair),No,No,14,17,Left,37.5,4,55,95
6,11:00:40 AM,11:00:57 AM,00:17,AR (Anterior repair),No,No,14,17,Left,37.5,4,55,95
2,11:00:57 AM,11:01:01 AM,00:04,AR (Anterior repair),No,No,14,17,Left,37.5,4,55,95
6,11:01:01 AM,11:01:22 AM,00:21,AR (Anterior repair),No,No,14,17,Left,37.5,4,55,95
22,11:01:22 AM,11:01:56 AM,00:34,AR (Anterior repair),No,No,14,17,Left,37.5,4,55,95
6,11:01:56 AM,11:01:58 AM,00:02,AR (Anterior repair),No,No,14,17,Left,37.5,4,55,95
8,11:01:58 AM,11:01:59 AM,00:01,AR (Anterior repair),No,No,14,17,Left,37.5,4,55,95
6,11:01:59 AM,11:01:59 AM,00:00,AR (Anterior repair),No,No,14,17,Left,37.5,4,55,95
2,11:01:59 AM,11:02:00 AM,00:01,AR (Anterior repair),No,No,14,17,Left,37.5,4,55,95
1,11:02:00 AM,11:02:03 AM,00:03,AR (Anterior repair),No,No,14,17,Left,37.5,4,55,95
2,11:02:03 AM,11:02:21 AM,00:18,AR (Anterior repair),No,No,14,17,Left,37.5,4,55,95
1,11:02:21 AM,11:03:02 AM,00:41,AR (Anterior repair),No,No,14,17,Left,37.5,4,55,95
17,11:03:02 AM,11:03:02 AM,00:00,USLS (Uterosacral ligament suspension),No,No,15,18,Left,37.5,4,55,95
18,11:03:02 AM,11:03:10 AM,00:08,USLS (Uterosacral ligament suspension),No,No,15,18,Left,37.5,4,55,95
2,11:03:10 AM,11:03:52 AM,00:42,USLS (Uterosacral ligament suspension),No,No,15,18,Left,37.5,4,55,95
4,11:03:52 AM,11:03:55 AM,00:03,USLS (Uterosacral ligament suspension),No,No,15,18,Left,37.5,4,55,95
2,11:03:55 AM,11:03:57 AM,00:02,USLS (Uterosacral ligament suspension),No,No,15,18,Left,37.5,4,55,95
4,11:03:57 AM,11:04:26 AM,00:29,USLS (Uterosacral ligament suspension),No,No,15,18,Left,37.5,4,55,95
2,11:04:26 AM,11:05:28 AM,01:02,USLS (Uterosacral ligament suspension),No,No,15,18,Left,37.5,4,55,95
4,11:05:28 AM,11:05:51 AM,00:23,USLS (Uterosacral ligament suspension),No,No,15,18,Left,37.5,4,55,95
2,11:05:51 AM,11:08:29 AM,02:38,USLS (Uterosacral ligament suspension),No,No,15,18,Left,37.5,4,55,95
4,11:08:29 AM,11:08:32 AM,00:03,USLS (Uterosacral ligament suspension),No,No,15,18,Left,37.5,4,55,95
2,11:08:32 AM,11:11:30 AM,02:58,USLS (Uterosacral ligament suspension),No,No,15,18,Left,37.5,4,55,95
4,11:11:30 AM,11:11:35 AM,00:05,USLS (Uterosacral ligament suspension),No,No,15,18,Left,37.5,4,55,95
8,11:11:35 AM,11:11:36 AM,00:01,USLS (Uterosacral ligament suspension),No,No,15,18,Left,37.5,4,55,95
4,11:11:36 AM,11:11:41 AM,00:05,USLS (Uterosacral ligament suspension),No,No,15,18,Left,37.5,4,55,95
2,11:11:41 AM,11:13:16 AM,01:35,USLS (Uterosacral ligament suspension),No,No,15,18,Left,37.5,4,55,95
1,11:13:16 AM,11:13:55 AM,00:39,USLS (Uterosacral ligament suspension),No,No,15,18,Left,37.5,4,55,95
2,11:13:55 AM,11:13:59 AM,00:04,USLS (Uterosacral ligament suspension),No,No,15,18,Left,37.5,4,55,95
4,11:13:59 AM,11:14:00 AM,00:01,USLS (Uterosacral ligament suspension),No,No,15,18,Left,37.5,4,55,95
2,11:14:00 AM,11:14:47 AM,00:47,USLS (Uterosacral ligament suspension),No,No,15,18,Left,37.5,4,55,95
1,11:14:47 AM,11:14:53 AM,00:06,USLS (Uterosacral ligament suspension),No,No,15,18,Left,37.5,4,55,95
2,11:14:53 AM,11:14:54 AM,00:01,USLS (Uterosacral ligament suspension),No,No,15,18,Left,37.5,4,55,95
1,11:14:54 AM,11:14:55 AM,00:01,USLS (Uterosacral ligament suspension),No,No,15,18,Left,37.5,4,55,95
2,11:14:55 AM,11:15:17 AM,00:22,USLS (Uterosacral ligament suspension),No,No,15,18,Left,37.5,4,55,95
4,11:15:17 AM,11:15:19 AM,00:02,USLS (Uterosacral ligament suspension),No,No,15,18,Left,37.5,4,55,95
2,11:15:19 AM,11:16:15 AM,00:56,USLS (Uterosacral ligament suspension),No,No,15,18,Left,37.5,4,55,95
1,11:16:15 AM,11:16:17 AM,00:02,USLS (Uterosacral ligament suspension),No,No,15,18,Left,37.5,4,55,95
2,11:16:17 AM,11:17:01 AM,00:44,USLS (Uterosacral ligament suspension),No,No,15,18,Left,37.5,4,55,95
18,11:17:01 AM,11:17:05 AM,00:04,USLS (Uterosacral ligament suspension),No,No,15,18,Left,37.5,4,55,95
2,11:17:05 AM,11:17:48 AM,00:43,USLS (Uterosacral ligament suspension),No,No,15,18,Left,37.5,4,55,95
18,11:17:48 AM,11:17:59 AM,00:11,USLS (Uterosacral ligament suspension),No,No,15,18,Left,37.5,4,55,95
20,11:17:59 AM,11:18:01 AM,00:02,USLS (Uterosacral ligament suspension),No,No,15,18,Left,37.5,4,55,95
18,11:18:01 AM,11:18:18 AM,00:17,USLS (Uterosacral ligament suspension),No,No,15,18,Left,37.5,4,55,95
20,11:18:18 AM,11:18:28 AM,00:10,USLS (Uterosacral ligament suspension),No,No,15,18,Left,37.5,4,55,95
18,11:18:28 AM,11:18:34 AM,00:06,USLS (Uterosacral ligament suspension),No,No,15,18,Left,37.5,4,55,95
20,11:18:34 AM,11:19:11 AM,00:37,USLS (Uterosacral ligament suspension),No,No,15,18,Left,37.5,4,55,95
18,11:19:11 AM,11:20:28 AM,01:17,USLS (Uterosacral ligament suspension),No,No,15,18,Left,37.5,4,55,95
20,11:20:28 AM,11:20:31 AM,00:03,USLS (Uterosacral ligament suspension),No,No,15,18,Left,37.5,4,55,95
4,11:20:31 AM,11:21:08 AM,00:37,USLS (Uterosacral ligament suspension),No,No,15,18,Left,37.5,4,55,95
2,11:21:08 AM,11:21:24 AM,00:16,USLS (Uterosacral ligament suspension),No,No,15,18,Left,37.5,4,55,95
4,11:21:24 AM,11:21:46 AM,00:22,USLS (Uterosacral ligament suspension),No,No,15,18,Left,37.5,4,55,95
20,11:21:46 AM,11:22:24 AM,00:38,USLS (Uterosacral ligament suspension),No,No,15,18,Left,37.5,4,55,95
18,11:22:24 AM,11:22:42 AM,00:18,USLS (Uterosacral ligament suspension),No,No,15,18,Left,37.5,4,55,95
20,11:22:42 AM,11:22:45 AM,00:03,USLS (Uterosacral ligament suspension),No,No,15,18,Left,37.5,4,55,95
18,11:22:45 AM,11:23:35 AM,00:50,USLS (Uterosacral ligament suspension),No,No,15,18,Left,37.5,4,55,95
20,11:23:35 AM,11:23:54 AM,00:19,USLS (Uterosacral ligament suspension),No,No,15,18,Left,37.5,4,55,95
18,11:23:54 AM,11:24:35 AM,00:41,USLS (Uterosacral ligament suspension),No,No,15,18,Left,37.5,4,55,95
2,11:24:35 AM,11:25:17 AM,00:42,USLS (Uterosacral ligament suspension),No,No,15,18,Left,37.5,4,55,95
4,11:25:17 AM,11:25:19 AM,00:02,USLS (Uterosacral ligament suspension),No,No,15,18,Left,37.5,4,55,95
2,11:25:19 AM,11:25:47 AM,00:28,USLS (Uterosacral ligament suspension),No,No,15,18,Left,37.5,4,55,95
10,11:25:47 AM,11:26:15 AM,00:28,USLS (Uterosacral ligament suspension),No,No,15,18,Left,37.5,4,55,95
2,11:26:15 AM,11:26:21 AM,00:06,USLS (Uterosacral ligament suspension),No,No,15,18,Left,37.5,4,55,95
10,11:26:21 AM,11:28:31 AM,02:10,USLS (Uterosacral ligament suspension),No,No,15,18,Left,37.5,4,55,95
9,11:28:31 AM,11:28:38 AM,00:07,USLS (Uterosacral ligament suspension),No,No,15,18,Left,37.5,4,55,95
10,11:28:38 AM,11:28:48 AM,00:10,USLS (Uterosacral ligament suspension),No,No,15,18,Left,37.5,4,55,95
9,11:28:48 AM,11:28:51 AM,00:03,USLS (Uterosacral ligament suspension),No,No,15,18,Left,37.5,4,55,95
10,11:28:51 AM,11:29:16 AM,00:25,USLS (Uterosacral ligament suspension),No,No,15,18,Left,37.5,4,55,95
12,11:29:16 AM,11:29:17 AM,00:01,USLS (Uterosacral ligament suspension),No,No,15,18,Left,37.5,4,55,95
10,11:29:17 AM,11:31:50 AM,02:33,USLS (Uterosacral ligament suspension),No,No,15,18,Left,37.5,4,55,95
2,11:31:50 AM,11:32:14 AM,00:24,USLS (Uterosacral ligament suspension),No,No,15,18,Left,37.5,4,55,95
18,11:32:14 AM,11:32:16 AM,00:02,USLS (Uterosacral ligament suspension),No,No,15,18,Left,37.5,4,55,95
2,11:32:16 AM,11:32:17 AM,00:01,USLS (Uterosacral ligament suspension),No,No,15,18,Left,37.5,4,55,95
10,11:32:17 AM,11:32:28 AM,00:11,USLS (Uterosacral ligament suspension),No,No,15,18,Left,37.5,4,55,95
12,11:32:28 AM,11:32:30 AM,00:02,USLS (Uterosacral ligament suspension),No,No,15,18,Left,37.5,4,55,95
10,11:32:30 AM,11:32:55 AM,00:25,USLS (Uterosacral ligament suspension),No,No,15,18,Left,37.5,4,55,95
2,11:32:55 AM,11:33:19 AM,00:24,USLS (Uterosacral ligament suspension),No,No,15,18,Left,37.5,4,55,95
1,11:33:19 AM,11:33:21 AM,00:02,USLS (Uterosacral ligament suspension),No,No,15,18,Left,37.5,4,55,95
2,11:33:21 AM,11:33:25 AM,00:04,USLS (Uterosacral ligament suspension),No,No,15,18,Left,37.5,4,55,95
10,11:33:25 AM,11:33:35 AM,00:10,USLS (Uterosacral ligament suspension),No,No,15,18,Left,37.5,4,55,95
12,11:33:35 AM,11:34:03 AM,00:28,USLS (Uterosacral ligament suspension),No,No,15,18,Left,37.5,4,55,95
4,11:34:03 AM,11:34:17 AM,00:14,USLS (Uterosacral ligament suspension),No,No,15,18,Left,37.5,4,55,95
2,11:34:17 AM,11:34:19 AM,00:02,USLS (Uterosacral ligament suspension),No,No,15,18,Left,37.5,4,55,95
4,11:34:19 AM,11:34:29 AM,00:10,USLS (Uterosacral ligament suspension),No,No,15,18,Left,37.5,4,55,95
2,11:34:29 AM,11:34:30 AM,00:01,USLS (Uterosacral ligament suspension),No,No,15,18,Left,37.5,4,55,95
10,11:34:30 AM,11:34:32 AM,00:02,USLS (Uterosacral ligament suspension),No,No,15,18,Left,37.5,4,55,95
2,11:34:32 AM,11:34:39 AM,00:07,USLS (Uterosacral ligament suspension),No,No,15,18,Left,37.5,4,55,95
10,11:34:39 AM,11:34:45 AM,00:06,USLS (Uterosacral ligament suspension),No,No,15,18,Left,37.5,4,55,95
9,11:34:45 AM,11:34:50 AM,00:05,USLS (Uterosacral ligament suspension),No,No,15,18,Left,37.5,4,55,95
25,11:34:50 AM,11:34:52 AM,00:02,USLS (Uterosacral ligament suspension),No,No,15,18,Left,37.5,4,55,95
9,11:34:52 AM,11:34:55 AM,00:03,USLS (Uterosacral ligament suspension),No,No,15,18,Left,37.5,4,55,95
10,11:34:55 AM,11:35:23 AM,00:28,USLS (Uterosacral ligament suspension),No,No,15,18,Left,37.5,4,55,95
12,11:35:23 AM,11:35:35 AM,00:12,USLS (Uterosacral ligament suspension),No,No,15,18,Left,37.5,4,55,95
10,11:35:35 AM,11:35:49 AM,00:14,USLS (Uterosacral ligament suspension),No,No,15,18,Left,37.5,4,55,95
12,11:35:49 AM,11:35:54 AM,00:05,USLS (Uterosacral ligament suspension),No,No,15,18,Left,37.5,4,55,95
10,11:35:54 AM,11:36:00 AM,00:06,USLS (Uterosacral ligament suspension),No,No,15,18,Left,37.5,4,55,95
14,11:36:00 AM,11:36:03 AM,00:03,USLS (Uterosacral ligament suspension),No,No,15,18,Left,37.5,4,55,95
16,11:36:03 AM,11:36:04 AM,00:01,USLS (Uterosacral ligament suspension),No,No,15,18,Left,37.5,4,55,95
12,11:36:04 AM,11:36:10 AM,00:06,USLS (Uterosacral ligament suspension),No,No,15,18,Left,37.5,4,55,95
10,11:36:10 AM,11:36:12 AM,00:02,USLS (Uterosacral ligament suspension),No,No,15,18,Left,37.5,4,55,95
9,11:36:12 AM,11:36:17 AM,00:05,USLS (Uterosacral ligament suspension),No,No,15,18,Left,37.5,4,55,95
1,11:36:17 AM,11:36:30 AM,00:13,USLS (Uterosacral ligament suspension),No,No,15,18,Left,37.5,4,55,95
2,11:36:30 AM,11:36:35 AM,00:05,USLS (Uterosacral ligament suspension),No,No,15,18,Left,37.5,4,55,95
10,11:36:35 AM,11:36:40 AM,00:05,USLS (Uterosacral ligament suspension),No,No,15,18,Left,37.5,4,55,95
9,11:36:40 AM,11:37:01 AM,00:21,USLS (Uterosacral ligament suspension),No,No,15,18,Left,37.5,4,55,95
11,11:37:01 AM,11:37:05 AM,00:04,USLS (Uterosacral ligament suspension),No,No,15,18,Left,37.5,4,55,95
9,11:37:05 AM,11:37:43 AM,00:38,USLS (Uterosacral ligament suspension),No,No,15,18,Left,37.5,4,55,95
10,11:37:43 AM,11:37:44 AM,00:01,USLS (Uterosacral ligament suspension),No,No,15,18,Left,37.5,4,55,95
12,11:37:44 AM,11:37:49 AM,00:05,USLS (Uterosacral ligament suspension),No,No,15,18,Left,37.5,4,55,95
10,11:37:49 AM,11:37:51 AM,00:02,USLS (Uterosacral ligament suspension),No,No,15,18,Left,37.5,4,55,95
12,11:37:51 AM,11:37:56 AM,00:05,USLS (Uterosacral ligament suspension),No,No,15,18,Left,37.5,4,55,95
11,11:37:56 AM,11:38:25 AM,00:29,USLS (Uterosacral ligament suspension),No,No,15,18,Left,37.5,4,55,95
9,11:38:25 AM,11:38:28 AM,00:03,USLS (Uterosacral ligament suspension),No,No,15,18,Left,37.5,4,55,95
10,11:38:28 AM,11:38:31 AM,00:03,USLS (Uterosacral ligament suspension),No,No,15,18,Left,37.5,4,55,95
9,11:38:31 AM,11:38:35 AM,00:04,USLS (Uterosacral ligament suspension),No,No,15,18,Left,37.5,4,55,95
1,11:38:35 AM,11:38:40 AM,00:05,USLS (Uterosacral ligament suspension),No,No,15,18,Left,37.5,4,55,95
9,11:38:40 AM,11:38:41 AM,00:01,USLS (Uterosacral ligament suspension),No,No,15,18,Left,37.5,4,55,95
10,11:38:41 AM,11:38:48 AM,00:07,USLS (Uterosacral ligament suspension),No,No,15,18,Left,37.5,4,55,95
12,11:38:48 AM,11:38:53 AM,00:05,USLS (Uterosacral ligament suspension),No,No,15,18,Left,37.5,4,55,95
10,11:38:53 AM,11:38:57 AM,00:04,USLS (Uterosacral ligament suspension),No,No,15,18,Left,37.5,4,55,95
9,11:38:57 AM,11:38:59 AM,00:02,USLS (Uterosacral ligament suspension),No,No,15,18,Left,37.5,4,55,95
25,11:38:59 AM,11:39:07 AM,00:08,USLS (Uterosacral ligament suspension),No,No,15,18,Left,37.5,4,55,95
9,11:39:07 AM,11:39:16 AM,00:09,USLS (Uterosacral ligament suspension),No,No,15,18,Left,37.5,4,55,95
11,11:39:16 AM,11:39:34 AM,00:18,USLS (Uterosacral ligament suspension),No,No,15,18,Left,37.5,4,55,95
9,11:39:34 AM,11:39:46 AM,00:12,USLS (Uterosacral ligament suspension),No,No,15,18,Left,37.5,4,55,95
1,11:39:46 AM,11:39:52 AM,00:06,USLS (Uterosacral ligament suspension),No,No,15,18,Left,37.5,4,55,95
2,11:39:52 AM,11:41:00 AM,01:08,USLS (Uterosacral ligament suspension),No,No,15,18,Left,37.5,4,55,95
10,11:41:00 AM,11:41:02 AM,00:02,USLS (Uterosacral ligament suspension),No,No,15,18,Left,37.5,4,55,95
12,11:41:02 AM,11:41:08 AM,00:06,USLS (Uterosacral ligament suspension),No,No,15,18,Left,37.5,4,55,95
10,11:41:08 AM,11:41:22 AM,00:14,USLS (Uterosacral ligament suspension),No,No,15,18,Left,37.5,4,55,95
9,11:41:22 AM,11:41:35 AM,00:13,USLS (Uterosacral ligament suspension),No,No,15,18,Left,37.5,4,55,95
1,11:41:35 AM,11:41:46 AM,00:11,USLS (Uterosacral ligament suspension),No,No,15,18,Left,37.5,4,55,95
2,11:41:46 AM,11:42:03 AM,00:17,USLS (Uterosacral ligament suspension),No,No,15,18,Left,37.5,4,55,95
1,11:42:03 AM,11:42:18 AM,00:15,USLS (Uterosacral ligament suspension),No,No,15,18,Left,37.5,4,55,95
9,11:42:18 AM,11:42:37 AM,00:19,USLS (Uterosacral ligament suspension),No,No,15,18,Left,37.5,4,55,95
10,11:42:37 AM,11:42:47 AM,00:10,USLS (Uterosacral ligament suspension),No,No,15,18,Left,37.5,4,55,95
2,11:42:47 AM,11:42:52 AM,00:05,USLS (Uterosacral ligament suspension),No,No,15,18,Left,37.5,4,55,95
1,11:42:52 AM,11:42:59 AM,00:07,USLS (Uterosacral ligament suspension),No,No,15,18,Left,37.5,4,55,95
2,11:42:59 AM,11:43:09 AM,00:10,USLS (Uterosacral ligament suspension),No,No,15,18,Left,37.5,4,55,95
1,11:43:09 AM,11:43:16 AM,00:07,USLS (Uterosacral ligament suspension),No,No,15,18,Left,37.5,4,55,95
2,11:43:16 AM,11:43:41 AM,00:25,USLS (Uterosacral ligament suspension),No,No,15,18,Left,37.5,4,55,95
1,11:43:41 AM,11:43:52 AM,00:11,USLS (Uterosacral ligament suspension),No,No,15,18,Left,37.5,4,55,95
2,11:43:52 AM,11:43:59 AM,00:07,USLS (Uterosacral ligament suspension),No,No,15,18,Left,37.5,4,55,95
1,11:43:59 AM,11:44:03 AM,00:04,USLS (Uterosacral ligament suspension),No,No,15,18,Left,37.5,4,55,95
2,11:44:03 AM,11:44:13 AM,00:10,USLS (Uterosacral ligament suspension),No,No,15,18,Left,37.5,4,55,95
10,11:44:13 AM,11:44:13 AM,00:00,USLS (Uterosacral ligament suspension),No,No,15,18,Left,37.5,4,55,95
2,11:44:13 AM,11:44:17 AM,00:04,USLS (Uterosacral ligament suspension),No,No,15,18,Left,37.5,4,55,95
10,11:44:17 AM,11:44:26 AM,00:09,USLS (Uterosacral ligament suspension),No,No,15,18,Left,37.5,4,55,95
2,11:44:26 AM,11:45:41 AM,01:15,USLS (Uterosacral ligament suspension),No,No,15,18,Left,37.5,4,55,95
4,11:45:41 AM,11:45:42 AM,00:01,USLS (Uterosacral ligament suspension),No,No,15,18,Left,37.5,4,55,95
2,11:45:42 AM,11:45:50 AM,00:08,USLS (Uterosacral ligament suspension),No,No,15,18,Left,37.5,4,55,95
1,11:45:50 AM,11:45:53 AM,00:03,USLS (Uterosacral ligament suspension),No,No,15,18,Left,37.5,4,55,95
3,11:45:53 AM,11:45:56 AM,00:03,USLS (Uterosacral ligament suspension),No,No,15,18,Left,37.5,4,55,95
1,11:45:56 AM,11:46:00 AM,00:04,USLS (Uterosacral ligament suspension),No,No,15,18,Left,37.5,4,55,95
2,11:46:00 AM,11:46:11 AM,00:11,USLS (Uterosacral ligament suspension),No,No,15,18,Left,37.5,4,55,95
4,11:46:11 AM,11:46:26 AM,00:15,USLS (Uterosacral ligament suspension),No,No,15,18,Left,37.5,4,55,95
2,11:46:26 AM,11:46:58 AM,00:32,USLS (Uterosacral ligament suspension),No,No,15,18,Left,37.5,4,55,95
6,11:46:58 AM,11:47:02 AM,00:04,USLS (Uterosacral ligament suspension),No,No,15,18,Left,37.5,4,55,95
2,11:47:02 AM,11:48:43 AM,01:41,USLS (Uterosacral ligament suspension),No,No,15,18,Left,37.5,4,55,95
1,11:48:43 AM,11:49:46 AM,01:03,Cysto (Cystoscopy),No,No,16,19,Left,37.5,4,55,95
2,11:49:46 AM,11:49:47 AM,00:01,Cysto (Cystoscopy),No,No,16,19,Left,37.5,4,55,95
1,11:49:47 AM,12:02:32 PM,12:45,Cysto (Cystoscopy),No,No,16,19,Left,37.5,4,55,95
2,12:02:32 PM,12:04:00 PM,01:28,USLS (Uterosacral ligament suspension),No,No,17,20,Left,37.5,4,55,95
18,12:04:00 PM,12:04:05 PM,00:05,USLS (Uterosacral ligament suspension),No,No,17,20,Left,37.5,4,55,95
2,12:04:05 PM,12:04:28 PM,00:23,USLS (Uterosacral ligament suspension),No,No,17,20,Left,37.5,4,55,95
1,12:04:28 PM,12:06:49 PM,02:21,Cysto (Cystoscopy),No,No,18,21,Left,37.5,4,55,95
2,12:06:49 PM,12:06:52 PM,00:03,Cysto (Cystoscopy),No,No,18,21,Left,37.5,4,55,95
1,12:06:52 PM,12:07:26 PM,00:34,Cysto (Cystoscopy),No,No,18,21,Left,37.5,4,55,95
2,12:07:26 PM,12:07:38 PM,00:12,Cysto (Cystoscopy),No,No,18,21,Left,37.5,4,55,95
1,12:07:38 PM,12:08:54 PM,01:16,Cysto (Cystoscopy),No,No,18,21,Left,37.5,4,55,95
17,12:08:54 PM,12:09:27 PM,00:33,USLS (Uterosacral ligament suspension),No,No,19,22,Left,37.5,4,55,95
1,12:09:27 PM,12:10:24 PM,00:57,USLS (Uterosacral ligament suspension),No,No,19,22,Left,37.5,4,55,95
2,12:10:24 PM,12:10:28 PM,00:04,Cysto (Cystoscopy),No,No,20,23,Left,37.5,4,55,95
1,12:10:28 PM,12:11:45 PM,01:17,Cysto (Cystoscopy),No,No,20,23,Left,37.5,4,55,95
2,12:11:45 PM,12:12:50 PM,01:05,USLS (Uterosacral ligament suspension),No,No,21,24,Left,37.5,4,55,95
1,12:12:50 PM,12:21:16 PM,08:26,USLS (Uterosacral ligament suspension),No,No,21,24,Left,37.5,4,55,95
2,12:21:16 PM,12:21:33 PM,00:17,USLS (Uterosacral ligament suspension),No,No,23,26,Left,37.5,4,55,95
18,12:21:33 PM,12:21:53 PM,00:20,USLS (Uterosacral ligament suspension),No,No,23,26,Left,37.5,4,55,95
20,12:21:53 PM,12:21:55 PM,00:02,USLS (Uterosacral ligament suspension),No,No,23,26,Left,37.5,4,55,95
18,12:21:55 PM,12:22:10 PM,00:15,USLS (Uterosacral ligament suspension),No,No,23,26,Left,37.5,4,55,95
2,12:22:10 PM,12:22:12 PM,00:02,USLS (Uterosacral ligament suspension),No,No,23,26,Left,37.5,4,55,95
1,12:22:12 PM,12:22:33 PM,00:21,USLS (Uterosacral ligament suspension),No,No,23,26,Left,37.5,4,55,95
2,12:22:33 PM,12:22:57 PM,00:24,USLS (Uterosacral ligament suspension),No,No,23,26,Left,37.5,4,55,95
18,12:22:57 PM,12:23:00 PM,00:03,USLS (Uterosacral ligament suspension),No,No,23,26,Left,37.5,4,55,95
20,12:23:00 PM,12:23:09 PM,00:09,USLS (Uterosacral ligament suspension),No,No,23,26,Left,37.5,4,55,95
18,12:23:09 PM,12:23:10 PM,00:01,USLS (Uterosacral ligament suspension),No,No,23,26,Left,37.5,4,55,95
2,12:23:10 PM,12:23:14 PM,00:04,USLS (Uterosacral ligament suspension),No,No,23,26,Left,37.5,4,55,95
1,12:23:14 PM,12:23:17 PM,00:03,USLS (Uterosacral ligament suspension),No,No,23,26,Left,37.5,4,55,95
2,12:23:17 PM,12:23:22 PM,00:05,USLS (Uterosacral ligament suspension),No,No,23,26,Left,37.5,4,55,95
1,12:23:22 PM,12:23:27 PM,00:05,USLS (Uterosacral ligament suspension),No,No,23,26,Left,37.5,4,55,95
2,12:23:27 PM,12:24:41 PM,01:14,USLS (Uterosacral ligament suspension),No,No,23,26,Left,37.5,4,55,95
1,12:24:41 PM,12:25:43 PM,01:02,Sling (Midurethral synthetic sling),No,No,24,27,Left,37.5,4,55,95
2,12:25:43 PM,12:25:45 PM,00:02,Sling (Midurethral synthetic sling),No,No,24,27,Left,37.5,4,55,95
1,12:25:45 PM,12:25:49 PM,00:04,Sling (Midurethral synthetic sling),No,No,24,27,Left,37.5,4,55,95
2,12:25:49 PM,12:25:56 PM,00:07,Sling (Midurethral synthetic sling),No,No,24,27,Left,37.5,4,55,95
1,12:25:56 PM,12:26:02 PM,00:06,Sling (Midurethral synthetic sling),No,No,24,27,Left,37.5,4,55,95
2,12:26:02 PM,12:26:03 PM,00:01,Sling (Midurethral synthetic sling),No,No,24,27,Left,37.5,4,55,95
1,12:26:03 PM,12:27:26 PM,01:23,Sling (Midurethral synthetic sling),No,No,24,27,Left,37.5,4,55,95
2,12:27:26 PM,12:27:29 PM,00:03,Sling (Midurethral synthetic sling),No,No,24,27,Left,37.5,4,55,95
1,12:27:29 PM,12:27:31 PM,00:02,Sling (Midurethral synthetic sling),No,No,24,27,Left,37.5,4,55,95
2,12:27:31 PM,12:27:43 PM,00:12,Sling (Midurethral synthetic sling),No,No,24,27,Left,37.5,4,55,95
1,12:27:43 PM,12:27:59 PM,00:16,Sling (Midurethral synthetic sling),No,No,24,27,Left,37.5,4,55,95
9,12:27:59 PM,12:28:00 PM,00:01,Sling (Midurethral synthetic sling),No,No,24,27,Left,37.5,4,55,95
25,12:28:00 PM,12:28:01 PM,00:01,Sling (Midurethral synthetic sling),No,No,24,27,Left,37.5,4,55,95
17,12:28:01 PM,12:28:03 PM,00:02,Sling (Midurethral synthetic sling),No,No,24,27,Left,37.5,4,55,95
1,12:28:03 PM,12:28:05 PM,00:02,Sling (Midurethral synthetic sling),No,No,24,27,Left,37.5,4,55,95
2,12:28:05 PM,12:28:21 PM,00:16,Sling (Midurethral synthetic sling),No,No,24,27,Left,37.5,4,55,95
18,12:28:21 PM,12:32:20 PM,03:59,Sling (Midurethral synthetic sling),No,No,24,27,Left,37.5,4,55,95
2,12:32:20 PM,12:33:14 PM,00:54,Sling (Midurethral synthetic sling),No,No,24,28,Left,37.5,4,55,85
4,12:33:14 PM,12:34:00 PM,00:46,Sling (Midurethral synthetic sling),No,No,24,28,Left,37.5,4,55,85
2,12:34:00 PM,12:35:39 PM,01:39,Sling (Midurethral synthetic sling),No,No,24,28,Left,37.5,4,55,85
4,12:35:39 PM,12:35:44 PM,00:05,Sling (Midurethral synthetic sling),No,No,24,28,Left,37.5,4,55,85
2,12:35:44 PM,12:36:33 PM,00:49,Sling (Midurethral synthetic sling),No,No,24,28,Left,37.5,4,55,85
6,12:36:33 PM,12:36:34 PM,00:01,Sling (Midurethral synthetic sling),No,No,24,28,Left,37.5,4,55,85
2,12:36:34 PM,12:37:27 PM,00:53,Sling (Midurethral synthetic sling),No,No,24,28,Left,37.5,4,55,85
1,12:37:27 PM,12:37:33 PM,00:06,Sling (Midurethral synthetic sling),No,No,24,28,Left,37.5,4,55,85
2,12:37:33 PM,12:39:08 PM,01:35,Sling (Midurethral synthetic sling),No,No,24,28,Left,37.5,4,55,85
1,12:39:08 PM,12:39:40 PM,00:32,Sling (Midurethral synthetic sling),No,No,24,28,Left,37.5,4,55,85
2,12:39:40 PM,12:39:42 PM,00:02,Cysto (Cystoscopy),No,No,25,29,Left,37.5,4,55,85
1,12:39:42 PM,12:41:11 PM,01:29,Cysto (Cystoscopy),No,No,25,29,Left,37.5,4,55,85
2,12:41:11 PM,12:42:40 PM,01:29,Sling (Midurethral synthetic sling),No,No,26,30,Left,37.5,4,55,85
6,12:42:40 PM,12:42:41 PM,00:01,Sling (Midurethral synthetic sling),No,No,26,30,Left,37.5,4,55,85
8,12:42:41 PM,12:42:47 PM,00:06,Sling (Midurethral synthetic sling),No,No,26,30,Left,37.5,4,55,85
16,12:42:47 PM,12:42:55 PM,00:08,Sling (Midurethral synthetic sling),No,No,26,30,Left,37.5,4,55,85
12,12:42:55 PM,12:42:56 PM,00:01,Sling (Midurethral synthetic sling),No,No,26,30,Left,37.5,4,55,85
10,12:42:56 PM,12:42:57 PM,00:01,Sling (Midurethral synthetic sling),No,No,26,30,Left,37.5,4,55,85
2,12:42:57 PM,12:42:58 PM,00:01,Sling (Midurethral synthetic sling),No,No,26,30,Left,37.5,4,55,85
18,12:42:58 PM,12:43:07 PM,00:09,Sling (Midurethral synthetic sling),No,No,26,30,Left,37.5,4,55,85
20,12:43:07 PM,12:43:11 PM,00:04,Sling (Midurethral synthetic sling),No,No,26,30,Left,37.5,4,55,85
4,12:43:11 PM,12:43:39 PM,00:28,Sling (Midurethral synthetic sling),No,No,26,30,Left,37.5,4,55,85
2,12:43:39 PM,12:43:57 PM,00:18,Sling (Midurethral synthetic sling),No,No,26,30,Left,37.5,4,55,85
1,12:43:57 PM,12:44:02 PM,00:05,Sling (Midurethral synthetic sling),No,No,26,30,Left,37.5,4,55,85
17,12:44:02 PM,12:44:06 PM,00:04,Sling (Midurethral synthetic sling),No,No,26,30,Left,37.5,4,55,85
1,12:44:06 PM,12:44:10 PM,00:04,Sling (Midurethral synthetic sling),No,No,26,30,Left,37.5,4,55,85
2,12:44:10 PM,12:44:44 PM,00:34,Sling (Midurethral synthetic sling),No,No,26,30,Left,37.5,4,55,85
18,12:44:44 PM,12:44:46 PM,00:02,Sling (Midurethral synthetic sling),No,No,26,30,Left,37.5,4,55,85
20,12:44:46 PM,12:44:58 PM,00:12,Sling (Midurethral synthetic sling),No,No,26,30,Left,37.5,4,55,85
24,12:44:58 PM,12:45:01 PM,00:03,Sling (Midurethral synthetic sling),No,No,26,30,Left,37.5,4,55,85
20,12:45:01 PM,12:45:20 PM,00:19,Sling (Midurethral synthetic sling),No,No,26,30,Left,37.5,4,55,85
4,12:45:20 PM,12:45:38 PM,00:18,Sling (Midurethral synthetic sling),No,No,26,30,Left,37.5,4,55,85
2,12:45:38 PM,12:45:52 PM,00:14,Sling (Midurethral synthetic sling),No,No,26,30,Left,37.5,4,55,85
4,12:45:52 PM,12:46:11 PM,00:19,Sling (Midurethral synthetic sling),No,No,26,30,Left,37.5,4,55,85
2,12:46:11 PM,12:46:21 PM,00:10,Sling (Midurethral synthetic sling),No,No,26,30,Left,37.5,4,55,85
1,12:46:21 PM,12:46:22 PM,00:01,Sling (Midurethral synthetic sling),No,No,26,30,Left,37.5,4,55,85
2,12:46:22 PM,12:46:38 PM,00:16,Sling (Midurethral synthetic sling),No,No,26,30,Left,37.5,4,55,85
4,12:46:38 PM,12:46:56 PM,00:18,Sling (Midurethral synthetic sling),No,No,26,30,Left,37.5,4,55,85
2,12:46:56 PM,12:46:58 PM,00:02,Sling (Midurethral synthetic sling),No,No,26,30,Left,37.5,4,55,85
1,12:46:58 PM,12:49:00 PM,02:02,Sling (Midurethral synthetic sling),No,No,26,30,Left,37.5,4,55,85
2,12:49:00 PM,12:49:02 PM,00:02,Cysto (Cystoscopy),No,No,27,31,Left,37.5,4,55,85
1,12:49:02 PM,12:52:02 PM,03:00,Cysto (Cystoscopy),No,No,27,31,Left,37.5,4,55,85
2,12:52:02 PM,12:52:22 PM,00:20,Cysto (Cystoscopy),No,No,27,31,Left,37.5,4,55,85
1,12:52:22 PM,12:55:21 PM,02:59,Cysto (Cystoscopy),No,No,27,31,Left,37.5,4,55,85
2,12:55:21 PM,12:55:27 PM,00:06,Cysto (Cystoscopy),No,No,27,31,Left,37.5,4,55,85
1,12:55:27 PM,1:00:05 PM,04:38,Cysto (Cystoscopy),No,No,27,31,Left,37.5,4,55,85
