Posture Code,Start ,End,Duration,Task Code,Stool Usage,Sitting,Bed Code,Patient Code,Location
1,8:29:52 AM,8:45:06 AM,15:14,Laparoscopic procedure,No,No,1,1,Left
2,8:50:01 AM,8:50:02 AM,00:01,TVH (Transvaginal hysterectomy),No,No,3,2,Left
1,8:50:02 AM,8:50:58 AM,00:56,TVH (Transvaginal hysterectomy),No,No,3,2,Left
17,8:50:58 AM,8:51:03 AM,00:05,TVH (Transvaginal hysterectomy),No,No,3,2,Left
1,8:51:03 AM,8:51:06 AM,00:03,TVH (Transvaginal hysterectomy),No,No,3,2,Left
17,8:51:06 AM,8:51:25 AM,00:19,TVH (Transvaginal hysterectomy),No,No,3,2,Left
1,8:51:25 AM,8:53:26 AM,02:01,TVH (Transvaginal hysterectomy),No,No,3,2,Left
3,8:53:26 AM,8:53:32 AM,00:06,TVH (Transvaginal hysterectomy),No,No,3,2,Left
1,8:53:32 AM,8:53:33 AM,00:01,TVH (Transvaginal hysterectomy),No,No,3,2,Left
5,8:53:33 AM,8:55:10 AM,01:37,TVH (Transvaginal hysterectomy),No,No,3,2,Left
1,8:55:10 AM,8:55:13 AM,00:03,TVH (Transvaginal hysterectomy),No,No,3,2,Left
5,8:55:13 AM,8:55:20 AM,00:07,TVH (Transvaginal hysterectomy),No,No,3,2,Left
6,8:55:20 AM,8:57:06 AM,01:46,TVH (Transvaginal hysterectomy),No,No,3,2,Left
5,8:57:06 AM,8:57:06 AM,00:00,TVH (Transvaginal hysterectomy),No,No,3,2,Left
1,8:57:06 AM,8:58:16 AM,01:10,TVH (Transvaginal hysterectomy),No,No,3,2,Left
17,8:58:16 AM,8:58:18 AM,00:02,TVH (Transvaginal hysterectomy),No,No,4,2,Left
1,8:58:18 AM,8:58:20 AM,00:02,TVH (Transvaginal hysterectomy),No,No,4,2,Left
17,8:58:20 AM,8:58:22 AM,00:02,TVH (Transvaginal hysterectomy),No,No,4,2,Left
1,8:58:22 AM,9:00:00 AM,01:38,TVH (Transvaginal hysterectomy),No,No,4,2,Left
2,9:00:00 AM,9:00:05 AM,00:05,TVH (Transvaginal hysterectomy),No,No,4,2,Left
6,9:00:05 AM,9:00:14 AM,00:09,TVH (Transvaginal hysterectomy),No,No,4,2,Left
2,9:00:14 AM,9:00:18 AM,00:04,TVH (Transvaginal hysterectomy),No,No,4,2,Left
1,9:00:18 AM,9:00:58 AM,00:40,TVH (Transvaginal hysterectomy),No,No,4,2,Left
2,9:00:58 AM,9:01:00 AM,00:02,TVH (Transvaginal hysterectomy),No,No,4,2,Left
6,9:01:00 AM,9:01:02 AM,00:02,TVH (Transvaginal hysterectomy),No,No,4,2,Left
2,9:01:02 AM,9:01:02 AM,00:00,TVH (Transvaginal hysterectomy),No,No,4,2,Left
1,9:01:02 AM,9:02:22 AM,01:20,TVH (Transvaginal hysterectomy),No,No,4,2,Left
2,9:02:22 AM,9:02:32 AM,00:10,TVH (Transvaginal hysterectomy),No,No,4,2,Left
1,9:02:32 AM,9:02:39 AM,00:07,TVH (Transvaginal hysterectomy),No,No,4,2,Left
2,9:02:39 AM,9:02:45 AM,00:06,TVH (Transvaginal hysterectomy),No,No,4,2,Left
1,9:02:45 AM,9:02:55 AM,00:10,TVH (Transvaginal hysterectomy),No,No,4,2,Left
2,9:02:55 AM,9:03:07 AM,00:12,TVH (Transvaginal hysterectomy),No,No,4,2,Left
18,9:03:07 AM,9:03:13 AM,00:06,TVH (Transvaginal hysterectomy),No,No,4,2,Left
2,9:03:13 AM,9:03:15 AM,00:02,TVH (Transvaginal hysterectomy),No,No,4,2,Left
1,9:03:15 AM,9:04:50 AM,01:35,TVH (Transvaginal hysterectomy),No,No,4,2,Left
17,9:04:50 AM,9:05:22 AM,00:32,TVH (Transvaginal hysterectomy),No,No,4,2,Left
1,9:05:22 AM,9:06:02 AM,00:40,TVH (Transvaginal hysterectomy),No,No,4,2,Left
2,9:06:02 AM,9:06:03 AM,00:01,TVH (Transvaginal hysterectomy),No,No,4,2,Left
1,9:06:03 AM,9:06:16 AM,00:13,TVH (Transvaginal hysterectomy),No,No,4,2,Left
17,9:06:16 AM,9:06:17 AM,00:01,TVH (Transvaginal hysterectomy),No,No,4,2,Left
1,9:06:17 AM,9:06:31 AM,00:14,TVH (Transvaginal hysterectomy),No,No,4,2,Left
2,9:06:31 AM,9:06:32 AM,00:01,TVH (Transvaginal hysterectomy),No,No,4,2,Left
1,9:06:32 AM,9:06:51 AM,00:19,TVH (Transvaginal hysterectomy),No,No,4,2,Left
2,9:06:51 AM,9:06:53 AM,00:02,TVH (Transvaginal hysterectomy),No,No,4,2,Left
1,9:06:53 AM,9:07:37 AM,00:44,TVH (Transvaginal hysterectomy),No,No,4,2,Left
2,9:07:37 AM,9:07:44 AM,00:07,TVH (Transvaginal hysterectomy),No,No,4,2,Left
18,9:07:44 AM,9:07:52 AM,00:08,TVH (Transvaginal hysterectomy),No,No,4,2,Left
17,9:07:52 AM,9:07:54 AM,00:02,TVH (Transvaginal hysterectomy),No,No,4,2,Left
18,9:07:54 AM,9:07:57 AM,00:03,TVH (Transvaginal hysterectomy),No,No,4,2,Left
17,9:07:57 AM,9:08:12 AM,00:15,TVH (Transvaginal hysterectomy),No,No,4,2,Left
18,9:08:12 AM,9:08:28 AM,00:16,TVH (Transvaginal hysterectomy),No,No,4,2,Left
17,9:08:28 AM,9:08:37 AM,00:09,TVH (Transvaginal hysterectomy),No,No,4,2,Left
18,9:08:37 AM,9:08:40 AM,00:03,TVH (Transvaginal hysterectomy),No,No,4,2,Left
17,9:08:40 AM,9:08:50 AM,00:10,TVH (Transvaginal hysterectomy),No,No,4,2,Left
1,9:08:50 AM,9:08:53 AM,00:03,TVH (Transvaginal hysterectomy),No,No,4,2,Left
2,9:08:53 AM,9:08:55 AM,00:02,TVH (Transvaginal hysterectomy),No,No,4,2,Left
1,9:08:55 AM,9:09:10 AM,00:15,TVH (Transvaginal hysterectomy),No,No,4,2,Left
2,9:09:10 AM,9:09:14 AM,00:04,TVH (Transvaginal hysterectomy),No,No,4,2,Left
10,9:09:14 AM,9:09:16 AM,00:02,TVH (Transvaginal hysterectomy),No,No,4,2,Left
2,9:09:16 AM,9:09:17 AM,00:01,TVH (Transvaginal hysterectomy),No,No,4,2,Left
1,9:09:17 AM,9:09:28 AM,00:11,TVH (Transvaginal hysterectomy),No,No,4,2,Left
2,9:09:28 AM,9:09:30 AM,00:02,TVH (Transvaginal hysterectomy),No,No,4,2,Left
1,9:09:30 AM,9:10:03 AM,00:33,TVH (Transvaginal hysterectomy),No,No,4,2,Left
2,9:10:03 AM,9:10:18 AM,00:15,TVH (Transvaginal hysterectomy),No,No,4,2,Left
1,9:10:18 AM,9:10:34 AM,00:16,TVH (Transvaginal hysterectomy),No,No,4,2,Left
2,9:10:34 AM,9:10:40 AM,00:06,TVH (Transvaginal hysterectomy),No,No,4,2,Left
1,9:10:40 AM,9:10:50 AM,00:10,TVH (Transvaginal hysterectomy),No,No,4,2,Left
2,9:10:50 AM,9:11:10 AM,00:20,TVH (Transvaginal hysterectomy),No,No,4,2,Left
1,9:11:10 AM,9:11:43 AM,00:33,TVH (Transvaginal hysterectomy),No,No,4,2,Left
2,9:11:43 AM,9:11:44 AM,00:01,TVH (Transvaginal hysterectomy),No,No,4,2,Left
1,9:11:44 AM,9:12:26 AM,00:42,TVH (Transvaginal hysterectomy),No,No,4,2,Left
2,9:12:26 AM,9:12:37 AM,00:11,TVH (Transvaginal hysterectomy),No,No,4,2,Left
1,9:12:37 AM,9:13:02 AM,00:25,TVH (Transvaginal hysterectomy),No,No,4,2,Left
17,9:13:02 AM,9:13:04 AM,00:02,TVH (Transvaginal hysterectomy),No,No,4,2,Left
1,9:13:04 AM,9:13:09 AM,00:05,TVH (Transvaginal hysterectomy),No,No,4,2,Left
2,9:13:09 AM,9:13:10 AM,00:01,TVH (Transvaginal hysterectomy),No,No,4,2,Left
1,9:13:10 AM,9:13:47 AM,00:37,TVH (Transvaginal hysterectomy),No,No,4,2,Left
17,9:13:47 AM,9:13:49 AM,00:02,TVH (Transvaginal hysterectomy),No,No,4,2,Left
1,9:13:49 AM,9:14:03 AM,00:14,TVH (Transvaginal hysterectomy),No,No,4,2,Left
2,9:14:03 AM,9:14:07 AM,00:04,TVH (Transvaginal hysterectomy),No,No,4,2,Left
18,9:14:07 AM,9:14:10 AM,00:03,TVH (Transvaginal hysterectomy),No,No,4,2,Left
2,9:14:10 AM,9:14:35 AM,00:25,TVH (Transvaginal hysterectomy),No,No,4,2,Left
1,9:14:35 AM,9:15:10 AM,00:35,TVH (Transvaginal hysterectomy),No,No,4,2,Left
2,9:15:10 AM,9:15:13 AM,00:03,TVH (Transvaginal hysterectomy),No,No,5,2,Left
1,9:15:13 AM,9:16:33 AM,01:20,TVH (Transvaginal hysterectomy),No,No,5,2,Left
2,9:16:33 AM,9:16:35 AM,00:02,TVH (Transvaginal hysterectomy),No,No,5,2,Left
1,9:16:35 AM,9:16:41 AM,00:06,TVH (Transvaginal hysterectomy),No,No,5,2,Left
2,9:16:41 AM,9:16:42 AM,00:01,TVH (Transvaginal hysterectomy),No,No,5,2,Left
1,9:16:42 AM,9:16:50 AM,00:08,TVH (Transvaginal hysterectomy),No,No,5,2,Left
2,9:16:50 AM,9:16:51 AM,00:01,TVH (Transvaginal hysterectomy),No,No,5,2,Left
1,9:16:51 AM,9:17:27 AM,00:36,TVH (Transvaginal hysterectomy),No,No,5,2,Left
2,9:17:27 AM,9:17:30 AM,00:03,TVH (Transvaginal hysterectomy),No,No,5,2,Left
1,9:17:30 AM,9:17:33 AM,00:03,TVH (Transvaginal hysterectomy),No,No,5,2,Left
2,9:17:33 AM,9:17:42 AM,00:09,TVH (Transvaginal hysterectomy),No,No,5,2,Left
1,9:17:42 AM,9:18:22 AM,00:40,TVH (Transvaginal hysterectomy),No,No,5,2,Left
2,9:18:22 AM,9:18:35 AM,00:13,TVH (Transvaginal hysterectomy),No,No,5,2,Left
1,9:18:35 AM,9:18:45 AM,00:10,TVH (Transvaginal hysterectomy),No,No,6,2,Left
2,9:18:45 AM,9:18:55 AM,00:10,TVH (Transvaginal hysterectomy),No,No,6,2,Left
1,9:18:55 AM,9:19:43 AM,00:48,TVH (Transvaginal hysterectomy),No,No,6,2,Left
17,9:19:43 AM,9:20:28 AM,00:45,TVH (Transvaginal hysterectomy),No,No,6,2,Left
18,9:20:28 AM,9:20:36 AM,00:08,TVH (Transvaginal hysterectomy),No,No,6,2,Left
17,9:20:36 AM,9:20:39 AM,00:03,TVH (Transvaginal hysterectomy),No,No,6,2,Left
1,9:20:39 AM,9:20:43 AM,00:04,TVH (Transvaginal hysterectomy),No,No,6,2,Left
17,9:20:43 AM,9:20:44 AM,00:01,TVH (Transvaginal hysterectomy),No,No,6,2,Left
18,9:20:44 AM,9:20:56 AM,00:12,TVH (Transvaginal hysterectomy),No,No,6,2,Left
17,9:20:56 AM,9:21:25 AM,00:29,TVH (Transvaginal hysterectomy),No,No,6,2,Left
1,9:21:25 AM,9:21:41 AM,00:16,TVH (Transvaginal hysterectomy),No,No,6,2,Left
3,9:21:41 AM,9:21:43 AM,00:02,TVH (Transvaginal hysterectomy),No,No,6,2,Left
19,9:21:43 AM,9:21:45 AM,00:02,TVH (Transvaginal hysterectomy),No,No,6,2,Left
17,9:21:45 AM,9:21:51 AM,00:06,TVH (Transvaginal hysterectomy),No,No,6,2,Left
1,9:21:51 AM,9:21:56 AM,00:05,TVH (Transvaginal hysterectomy),No,No,6,2,Left
17,9:21:56 AM,9:22:27 AM,00:31,TVH (Transvaginal hysterectomy),No,No,6,2,Left
21,9:22:27 AM,9:22:29 AM,00:02,TVH (Transvaginal hysterectomy),No,No,6,2,Left
17,9:22:29 AM,9:22:53 AM,00:24,TVH (Transvaginal hysterectomy),No,No,6,2,Left
18,9:22:53 AM,9:22:59 AM,00:06,TVH (Transvaginal hysterectomy),No,No,6,2,Left
2,9:22:59 AM,9:23:26 AM,00:27,TVH (Transvaginal hysterectomy),No,No,6,2,Left
1,9:23:26 AM,9:23:34 AM,00:08,TVH (Transvaginal hysterectomy),No,No,6,2,Left
2,9:23:34 AM,9:23:49 AM,00:15,TVH (Transvaginal hysterectomy),No,No,6,2,Left
1,9:23:49 AM,9:23:57 AM,00:08,TVH (Transvaginal hysterectomy),No,No,6,2,Left
2,9:23:57 AM,9:24:20 AM,00:23,TVH (Transvaginal hysterectomy),No,No,6,2,Left
1,9:24:20 AM,9:24:25 AM,00:05,TVH (Transvaginal hysterectomy),No,No,6,2,Left
2,9:24:25 AM,9:24:32 AM,00:07,TVH (Transvaginal hysterectomy),No,No,6,2,Left
1,9:24:32 AM,9:25:12 AM,00:40,TVH (Transvaginal hysterectomy),No,No,6,2,Left
2,9:25:12 AM,9:25:19 AM,00:07,TVH (Transvaginal hysterectomy),No,No,6,2,Left
1,9:25:19 AM,9:25:26 AM,00:07,TVH (Transvaginal hysterectomy),No,No,6,2,Left
2,9:25:26 AM,9:25:30 AM,00:04,TVH (Transvaginal hysterectomy),No,No,6,2,Left
1,9:25:30 AM,9:25:33 AM,00:03,TVH (Transvaginal hysterectomy),No,No,6,2,Left
2,9:25:33 AM,9:25:38 AM,00:05,TVH (Transvaginal hysterectomy),No,No,6,2,Left
1,9:25:38 AM,9:25:41 AM,00:03,TVH (Transvaginal hysterectomy),No,No,6,2,Left
2,9:25:41 AM,9:25:51 AM,00:10,TVH (Transvaginal hysterectomy),No,No,6,2,Left
18,9:25:51 AM,9:26:14 AM,00:23,TVH (Transvaginal hysterectomy),No,No,6,2,Left
17,9:26:14 AM,9:26:25 AM,00:11,TVH (Transvaginal hysterectomy),No,No,6,2,Left
18,9:26:25 AM,9:26:30 AM,00:05,TVH (Transvaginal hysterectomy),No,No,6,2,Left
17,9:26:30 AM,9:26:46 AM,00:16,TVH (Transvaginal hysterectomy),No,No,6,2,Left
18,9:26:46 AM,9:28:18 AM,01:32,TVH (Transvaginal hysterectomy),No,No,6,2,Left
2,9:28:18 AM,9:28:20 AM,00:02,TVH (Transvaginal hysterectomy),No,No,7,2,Left
1,9:28:20 AM,9:28:32 AM,00:12,TVH (Transvaginal hysterectomy),No,No,7,2,Left
2,9:28:32 AM,9:29:16 AM,00:44,TVH (Transvaginal hysterectomy),No,No,7,2,Left
18,9:29:16 AM,9:29:33 AM,00:17,TVH (Transvaginal hysterectomy),No,No,7,2,Left
20,9:29:33 AM,9:29:34 AM,00:01,TVH (Transvaginal hysterectomy),No,No,7,2,Left
18,9:29:34 AM,9:29:44 AM,00:10,TVH (Transvaginal hysterectomy),No,No,7,2,Left
17,9:29:44 AM,9:29:44 AM,00:00,TVH (Transvaginal hysterectomy),No,No,7,2,Left
18,9:29:44 AM,9:29:46 AM,00:02,TVH (Transvaginal hysterectomy),No,No,7,2,Left
17,9:29:46 AM,9:30:05 AM,00:19,TVH (Transvaginal hysterectomy),No,No,7,2,Left
18,9:30:05 AM,9:30:09 AM,00:04,TVH (Transvaginal hysterectomy),No,No,7,2,Left
17,9:30:09 AM,9:30:14 AM,00:05,TVH (Transvaginal hysterectomy),No,No,7,2,Left
18,9:30:14 AM,9:30:16 AM,00:02,TVH (Transvaginal hysterectomy),No,No,7,2,Left
20,9:30:16 AM,9:30:18 AM,00:02,TVH (Transvaginal hysterectomy),No,No,7,2,Left
18,9:30:18 AM,9:30:19 AM,00:01,TVH (Transvaginal hysterectomy),No,No,7,2,Left
17,9:30:19 AM,9:30:30 AM,00:11,TVH (Transvaginal hysterectomy),No,No,7,2,Left
18,9:30:30 AM,9:30:58 AM,00:28,TVH (Transvaginal hysterectomy),No,No,7,2,Left
17,9:30:58 AM,9:31:00 AM,00:02,TVH (Transvaginal hysterectomy),No,No,7,2,Left
18,9:31:00 AM,9:31:12 AM,00:12,TVH (Transvaginal hysterectomy),No,No,7,2,Left
17,9:31:12 AM,9:31:18 AM,00:06,TVH (Transvaginal hysterectomy),No,No,7,2,Left
18,9:31:18 AM,9:31:21 AM,00:03,TVH (Transvaginal hysterectomy),No,No,7,2,Left
17,9:31:21 AM,9:31:25 AM,00:04,TVH (Transvaginal hysterectomy),No,No,7,2,Left
1,9:31:25 AM,9:31:28 AM,00:03,TVH (Transvaginal hysterectomy),No,No,7,2,Left
3,9:31:28 AM,9:31:36 AM,00:08,TVH (Transvaginal hysterectomy),No,No,7,2,Left
1,9:31:36 AM,9:31:43 AM,00:07,TVH (Transvaginal hysterectomy),No,No,7,2,Left
3,9:31:43 AM,9:31:44 AM,00:01,TVH (Transvaginal hysterectomy),No,No,7,2,Left
4,9:31:44 AM,9:32:02 AM,00:18,TVH (Transvaginal hysterectomy),No,No,7,2,Left
8,9:32:02 AM,9:32:09 AM,00:07,TVH (Transvaginal hysterectomy),No,No,7,2,Left
4,9:32:09 AM,9:32:09 AM,00:00,TVH (Transvaginal hysterectomy),No,No,7,2,Left
2,9:32:09 AM,9:32:12 AM,00:03,TVH (Transvaginal hysterectomy),No,No,7,2,Left
1,9:32:12 AM,9:32:16 AM,00:04,TVH (Transvaginal hysterectomy),No,No,7,2,Left
3,9:32:16 AM,9:32:33 AM,00:17,TVH (Transvaginal hysterectomy),No,No,7,2,Left
1,9:32:33 AM,9:32:54 AM,00:21,TVH (Transvaginal hysterectomy),No,No,7,2,Left
2,9:32:54 AM,9:32:59 AM,00:05,TVH (Transvaginal hysterectomy),No,No,7,2,Left
18,9:32:59 AM,9:33:20 AM,00:21,TVH (Transvaginal hysterectomy),No,No,7,2,Left
20,9:33:20 AM,9:33:28 AM,00:08,TVH (Transvaginal hysterectomy),No,No,7,2,Left
18,9:33:28 AM,9:33:30 AM,00:02,TVH (Transvaginal hysterectomy),No,No,7,2,Left
17,9:33:30 AM,9:33:33 AM,00:03,TVH (Transvaginal hysterectomy),No,No,7,2,Left
1,9:33:33 AM,9:33:42 AM,00:09,TVH (Transvaginal hysterectomy),No,No,7,2,Left
2,9:33:42 AM,9:33:53 AM,00:11,TVH (Transvaginal hysterectomy),No,No,7,2,Left
6,9:33:53 AM,9:34:31 AM,00:38,TVH (Transvaginal hysterectomy),No,No,7,2,Left
2,9:34:31 AM,9:34:46 AM,00:15,TVH (Transvaginal hysterectomy),No,No,7,2,Left
6,9:34:46 AM,9:35:00 AM,00:14,TVH (Transvaginal hysterectomy),No,No,7,2,Left
2,9:35:00 AM,9:35:10 AM,00:10,TVH (Transvaginal hysterectomy),No,No,7,2,Left
1,9:35:10 AM,9:35:17 AM,00:07,TVH (Transvaginal hysterectomy),No,No,7,2,Left
2,9:35:17 AM,9:35:19 AM,00:02,TVH (Transvaginal hysterectomy),No,No,7,2,Left
1,9:35:19 AM,9:35:38 AM,00:19,TVH (Transvaginal hysterectomy),No,No,7,2,Left
2,9:35:38 AM,9:35:39 AM,00:01,TVH (Transvaginal hysterectomy),No,No,7,2,Left
1,9:35:39 AM,9:35:42 AM,00:03,TVH (Transvaginal hysterectomy),No,No,7,2,Left
17,9:35:42 AM,9:35:48 AM,00:06,TVH (Transvaginal hysterectomy),No,No,7,2,Left
18,9:35:48 AM,9:36:06 AM,00:18,TVH (Transvaginal hysterectomy),No,No,7,2,Left
22,9:36:06 AM,9:36:31 AM,00:25,TVH (Transvaginal hysterectomy),No,No,7,2,Left
21,9:36:31 AM,9:36:32 AM,00:01,TVH (Transvaginal hysterectomy),No,No,7,2,Left
17,9:36:32 AM,9:36:38 AM,00:06,TVH (Transvaginal hysterectomy),No,No,7,2,Left
18,9:36:38 AM,9:36:41 AM,00:03,TVH (Transvaginal hysterectomy),No,No,7,2,Left
22,9:36:41 AM,9:36:54 AM,00:13,TVH (Transvaginal hysterectomy),No,No,7,2,Left
21,9:36:54 AM,9:36:55 AM,00:01,TVH (Transvaginal hysterectomy),No,No,7,2,Left
17,9:36:55 AM,9:36:56 AM,00:01,TVH (Transvaginal hysterectomy),No,No,7,2,Left
18,9:36:56 AM,9:37:11 AM,00:15,TVH (Transvaginal hysterectomy),No,No,7,2,Left
17,9:37:11 AM,9:37:35 AM,00:24,TVH (Transvaginal hysterectomy),No,No,7,2,Left
1,9:37:35 AM,9:37:35 AM,00:00,TVH (Transvaginal hysterectomy),No,No,7,2,Left
2,9:38:26 AM,9:38:29 AM,00:03,Bilateral salpingectomy,No,No,8,3,Left
6,9:38:29 AM,9:38:30 AM,00:01,Bilateral salpingectomy,No,No,8,3,Left
2,9:38:30 AM,9:38:30 AM,00:00,Bilateral salpingectomy,No,No,8,3,Left
4,9:38:30 AM,9:38:33 AM,00:03,Bilateral salpingectomy,No,No,8,3,Left
2,9:38:33 AM,9:38:36 AM,00:03,Bilateral salpingectomy,No,No,8,3,Left
18,9:38:36 AM,9:39:18 AM,00:42,Bilateral salpingectomy,No,No,8,3,Left
20,9:39:18 AM,9:39:27 AM,00:09,Bilateral salpingectomy,No,No,8,3,Left
18,9:39:27 AM,9:39:30 AM,00:03,Bilateral salpingectomy,No,No,8,3,Left
17,9:39:30 AM,9:39:32 AM,00:02,Bilateral salpingectomy,No,No,8,3,Left
1,9:39:32 AM,9:39:58 AM,00:26,Bilateral salpingectomy,No,No,8,3,Left
2,9:39:58 AM,9:40:04 AM,00:06,Bilateral salpingectomy,No,No,8,3,Right
1,9:40:04 AM,9:40:30 AM,00:26,Bilateral salpingectomy,No,No,8,3,Right
9,9:40:30 AM,9:42:29 AM,01:59,Bilateral salpingectomy,No,No,8,3,Right
1,9:42:29 AM,9:42:30 AM,00:01,Bilateral salpingectomy,No,No,8,3,Right
9,10:04:09 AM,10:06:02 AM,01:53,Attachement of vaginal mesh,No,No,9,4,Right
1,10:06:02 AM,10:06:58 AM,00:56,Attachement of vaginal mesh,No,No,9,4,Right
2,10:06:58 AM,10:07:26 AM,00:28,Attachement of vaginal mesh,No,No,9,4,Right
1,10:07:26 AM,10:08:34 AM,01:08,Attachement of vaginal mesh,No,No,9,4,Right
5,10:08:34 AM,10:09:25 AM,00:51,Attachement of vaginal mesh,No,No,9,4,Right
1,10:09:25 AM,10:09:30 AM,00:05,Attachement of vaginal mesh,No,No,9,4,Right
2,10:09:30 AM,10:09:34 AM,00:04,Attachement of vaginal mesh,No,No,9,4,Right
1,10:09:34 AM,10:09:52 AM,00:18,Attachement of vaginal mesh,No,No,9,4,Right
2,10:09:52 AM,10:11:00 AM,01:08,Attachement of vaginal mesh,No,No,9,4,Right
1,10:11:00 AM,10:11:06 AM,00:06,Attachement of vaginal mesh,No,No,9,4,Right
2,10:11:06 AM,10:11:08 AM,00:02,Attachement of vaginal mesh,No,No,9,4,Right
1,10:11:08 AM,10:11:15 AM,00:07,Attachement of vaginal mesh,No,No,9,4,Right
2,10:11:15 AM,10:11:38 AM,00:23,Attachement of vaginal mesh,No,No,9,4,Right
10,10:11:38 AM,10:12:38 AM,01:00,Attachement of vaginal mesh,No,No,9,4,Right
9,10:12:38 AM,10:12:42 AM,00:04,Attachement of vaginal mesh,No,No,9,4,Right
10,10:12:42 AM,10:12:49 AM,00:07,Attachement of vaginal mesh,No,No,9,4,Right
14,10:12:49 AM,10:12:57 AM,00:08,Attachement of vaginal mesh,No,No,9,4,Right
13,10:12:57 AM,10:12:58 AM,00:01,Attachement of vaginal mesh,No,No,9,4,Right
9,10:12:58 AM,10:13:26 AM,00:28,Attachement of vaginal mesh,No,No,9,4,Right
10,10:13:26 AM,10:13:43 AM,00:17,Attachement of vaginal mesh,No,No,9,4,Right
9,10:13:43 AM,10:15:55 AM,02:12,Attachement of vaginal mesh,No,No,9,4,Right
1,10:15:55 AM,10:17:25 AM,01:30,Attachement of vaginal mesh,No,No,9,4,Right
9,10:21:02 AM,10:21:11 AM,00:09,TVH (Transvaginal hysterectomy),No,No,10,5,Right
10,10:21:11 AM,10:21:20 AM,00:09,TVH (Transvaginal hysterectomy),No,No,10,5,Right
9,10:21:20 AM,10:22:21 AM,01:01,TVH (Transvaginal hysterectomy),No,No,10,5,Right
11,10:22:21 AM,10:22:21 AM,00:00,TVH (Transvaginal hysterectomy),No,No,10,5,Right
9,10:22:21 AM,10:22:22 AM,00:01,TVH (Transvaginal hysterectomy),No,No,10,5,Right
11,10:22:22 AM,10:22:24 AM,00:02,TVH (Transvaginal hysterectomy),No,No,10,5,Right
9,10:22:24 AM,10:22:38 AM,00:14,TVH (Transvaginal hysterectomy),No,No,10,5,Right
11,10:22:38 AM,10:22:43 AM,00:05,TVH (Transvaginal hysterectomy),No,No,10,5,Right
12,10:22:43 AM,10:23:34 AM,00:51,TVH (Transvaginal hysterectomy),No,No,10,5,Right
10,10:23:34 AM,10:23:38 AM,00:04,TVH (Transvaginal hysterectomy),No,No,10,5,Right
14,10:23:38 AM,10:23:40 AM,00:02,TVH (Transvaginal hysterectomy),No,No,10,5,Right
13,10:23:40 AM,10:23:51 AM,00:11,TVH (Transvaginal hysterectomy),No,No,10,5,Right
9,10:23:51 AM,10:23:55 AM,00:04,TVH (Transvaginal hysterectomy),No,No,10,5,Right
1,10:23:55 AM,10:24:01 AM,00:06,TVH (Transvaginal hysterectomy),No,No,10,5,Right
2,10:24:01 AM,10:24:05 AM,00:04,TVH (Transvaginal hysterectomy),No,No,10,5,Right
1,10:24:05 AM,10:25:04 AM,00:59,TVH (Transvaginal hysterectomy),No,No,10,5,Right
2,10:25:04 AM,10:25:26 AM,00:22,TVH (Transvaginal hysterectomy),No,No,10,5,Right
1,10:25:26 AM,10:25:49 AM,00:23,TVH (Transvaginal hysterectomy),No,No,10,5,Right
2,10:25:49 AM,10:26:07 AM,00:18,TVH (Transvaginal hysterectomy),No,No,10,5,Right
1,10:26:07 AM,10:26:38 AM,00:31,TVH (Transvaginal hysterectomy),No,No,10,5,Right
2,10:26:38 AM,10:26:42 AM,00:04,TVH (Transvaginal hysterectomy),No,No,10,5,Right
1,10:26:42 AM,10:27:26 AM,00:44,TVH (Transvaginal hysterectomy),No,No,10,5,Right
2,10:27:26 AM,10:27:38 AM,00:12,TVH (Transvaginal hysterectomy),No,No,10,5,Right
1,10:27:38 AM,10:27:45 AM,00:07,TVH (Transvaginal hysterectomy),No,No,10,5,Right
2,10:27:45 AM,10:28:12 AM,00:27,TVH (Transvaginal hysterectomy),No,No,10,5,Right
1,10:28:12 AM,10:28:26 AM,00:14,TVH (Transvaginal hysterectomy),No,No,10,5,Right
3,10:28:26 AM,10:28:28 AM,00:02,TVH (Transvaginal hysterectomy),No,No,10,5,Right
4,10:28:28 AM,10:28:46 AM,00:18,TVH (Transvaginal hysterectomy),No,No,10,5,Right
2,10:28:46 AM,10:28:48 AM,00:02,TVH (Transvaginal hysterectomy),No,No,10,5,Right
1,10:28:48 AM,10:29:03 AM,00:15,TVH (Transvaginal hysterectomy),No,No,10,5,Right
17,12:31:54 PM,12:31:58 PM,00:04,Sling (Midurethral synthetic sling),No,No,12,7,Left
18,12:31:58 PM,12:32:21 PM,00:23,Sling (Midurethral synthetic sling),No,No,12,7,Left
17,12:32:21 PM,12:32:21 PM,00:00,Sling (Midurethral synthetic sling),No,No,12,7,Left
18,12:32:21 PM,12:32:22 PM,00:01,Sling (Midurethral synthetic sling),No,No,12,7,Left
17,12:32:22 PM,12:32:24 PM,00:02,Sling (Midurethral synthetic sling),No,No,12,7,Left
1,12:32:24 PM,12:33:02 PM,00:38,Sling (Midurethral synthetic sling),No,No,12,7,Left
2,12:33:02 PM,12:33:05 PM,00:03,Sling (Midurethral synthetic sling),No,No,12,7,Left
18,12:33:05 PM,12:33:07 PM,00:02,Sling (Midurethral synthetic sling),No,No,12,7,Left
17,12:33:07 PM,12:33:21 PM,00:14,Sling (Midurethral synthetic sling),No,No,12,7,Left
18,12:33:21 PM,12:33:42 PM,00:21,Sling (Midurethral synthetic sling),No,No,12,7,Left
17,12:33:42 PM,12:34:02 PM,00:20,Sling (Midurethral synthetic sling),No,No,12,7,Left
18,12:34:02 PM,12:34:24 PM,00:22,Sling (Midurethral synthetic sling),No,No,12,7,Left
17,12:34:24 PM,12:34:27 PM,00:03,Sling (Midurethral synthetic sling),No,No,12,7,Left
18,12:34:27 PM,12:34:31 PM,00:04,Sling (Midurethral synthetic sling),No,No,12,7,Left
17,12:34:31 PM,12:35:23 PM,00:52,Sling (Midurethral synthetic sling),No,No,12,7,Left
18,12:35:23 PM,12:35:31 PM,00:08,Sling (Midurethral synthetic sling),No,No,12,7,Left
17,12:35:31 PM,12:36:09 PM,00:38,Sling (Midurethral synthetic sling),No,No,12,7,Left
18,12:36:09 PM,12:37:08 PM,00:59,Sling (Midurethral synthetic sling),No,No,12,7,Left
17,12:37:08 PM,12:37:20 PM,00:12,Sling (Midurethral synthetic sling),No,No,12,7,Left
18,12:37:20 PM,12:37:53 PM,00:33,Sling (Midurethral synthetic sling),No,No,12,7,Left
17,12:37:53 PM,12:38:00 PM,00:07,Sling (Midurethral synthetic sling),No,No,12,7,Left
18,12:38:00 PM,12:38:08 PM,00:08,Sling (Midurethral synthetic sling),No,No,12,7,Left
17,12:38:08 PM,12:38:22 PM,00:14,Sling (Midurethral synthetic sling),No,No,12,7,Left
18,12:38:22 PM,12:38:25 PM,00:03,Sling (Midurethral synthetic sling),No,No,12,7,Left
17,12:38:25 PM,12:38:43 PM,00:18,Sling (Midurethral synthetic sling),No,No,12,7,Left
18,12:38:43 PM,12:39:14 PM,00:31,Sling (Midurethral synthetic sling),No,No,12,7,Left
17,12:39:14 PM,12:39:24 PM,00:10,Sling (Midurethral synthetic sling),No,No,12,7,Left
18,12:39:24 PM,12:39:58 PM,00:34,Sling (Midurethral synthetic sling),No,No,12,7,Left
20,12:39:58 PM,12:39:59 PM,00:01,Sling (Midurethral synthetic sling),No,No,12,7,Left
18,12:39:59 PM,12:40:00 PM,00:01,Sling (Midurethral synthetic sling),No,No,12,7,Left
17,12:40:00 PM,12:40:49 PM,00:49,Sling (Midurethral synthetic sling),No,No,12,7,Left
1,12:40:49 PM,12:40:55 PM,00:06,Sling (Midurethral synthetic sling),No,No,12,7,Left
17,12:40:55 PM,12:41:12 PM,00:17,Sling (Midurethral synthetic sling),No,No,12,7,Left
18,12:41:12 PM,12:41:14 PM,00:02,Sling (Midurethral synthetic sling),No,No,12,7,Left
17,12:41:14 PM,12:41:59 PM,00:45,Sling (Midurethral synthetic sling),No,No,12,7,Left
18,12:41:59 PM,12:42:19 PM,00:20,Sling (Midurethral synthetic sling),No,No,12,7,Left
17,12:42:19 PM,12:42:37 PM,00:18,Sling (Midurethral synthetic sling),No,No,12,7,Left
18,12:42:37 PM,12:42:43 PM,00:06,Sling (Midurethral synthetic sling),No,No,12,7,Left
17,12:42:43 PM,12:42:44 PM,00:01,Sling (Midurethral synthetic sling),No,No,12,7,Left
1,12:42:44 PM,12:43:00 PM,00:16,Sling (Midurethral synthetic sling),No,No,12,7,Left
17,12:43:00 PM,12:44:11 PM,01:11,Sling (Midurethral synthetic sling),No,No,12,7,Left
1,12:44:11 PM,12:44:59 PM,00:48,Sling (Midurethral synthetic sling),No,No,12,7,Left
17,12:44:59 PM,12:45:01 PM,00:02,Sling (Midurethral synthetic sling),No,No,12,7,Left
18,12:45:01 PM,12:45:03 PM,00:02,Sling (Midurethral synthetic sling),No,No,12,7,Left
17,12:45:03 PM,12:45:03 PM,00:00,Sling (Midurethral synthetic sling),No,No,12,7,Left
1,12:45:03 PM,12:45:05 PM,00:02,Sling (Midurethral synthetic sling),No,No,12,7,Left
9,12:45:05 PM,12:45:06 PM,00:01,Sling (Midurethral synthetic sling),No,No,12,7,Left
25,12:45:06 PM,12:45:13 PM,00:07,Sling (Midurethral synthetic sling),No,No,12,7,Left
17,12:45:13 PM,12:45:14 PM,00:01,Sling (Midurethral synthetic sling),No,No,12,7,Left
1,12:45:14 PM,12:45:29 PM,00:15,Sling (Midurethral synthetic sling),No,No,12,7,Left
17,12:45:29 PM,12:47:08 PM,01:39,Sling (Midurethral synthetic sling),No,No,12,7,Left
1,12:47:08 PM,12:47:57 PM,00:49,Sling (Midurethral synthetic sling),No,No,12,7,Left
17,12:47:57 PM,12:48:13 PM,00:16,Sling (Midurethral synthetic sling),No,No,12,7,Left
1,12:48:13 PM,12:49:24 PM,01:11,Sling (Midurethral synthetic sling),No,No,12,7,Left
17,12:49:24 PM,12:49:27 PM,00:03,Sling (Midurethral synthetic sling),No,No,12,7,Left
1,12:49:27 PM,12:49:41 PM,00:14,Sling (Midurethral synthetic sling),No,No,12,7,Left
2,12:49:41 PM,12:49:44 PM,00:03,Sling (Midurethral synthetic sling),No,No,12,7,Left
18,12:49:44 PM,12:49:50 PM,00:06,Sling (Midurethral synthetic sling),No,No,12,7,Left
2,12:49:50 PM,12:49:51 PM,00:01,Sling (Midurethral synthetic sling),No,No,12,7,Left
1,12:49:51 PM,12:49:55 PM,00:04,Sling (Midurethral synthetic sling),No,No,12,7,Left
17,12:51:43 PM,12:51:49 PM,00:06,Cysto (Cystoscopy),No,No,13,8,Left
1,12:51:49 PM,1:11:16 PM,19:27,Cysto (Cystoscopy),No,No,13,8,Left
17,1:15:52 PM,1:15:55 PM,00:03,Sling (Midurethral synthetic sling),No,No,14,9,Left
1,1:15:55 PM,1:16:03 PM,00:08,Sling (Midurethral synthetic sling),No,No,14,9,Left
17,1:16:03 PM,1:16:07 PM,00:04,Sling (Midurethral synthetic sling),No,No,14,9,Left
1,1:16:07 PM,1:16:24 PM,00:17,Sling (Midurethral synthetic sling),No,No,14,9,Left
17,1:16:24 PM,1:16:33 PM,00:09,Sling (Midurethral synthetic sling),No,No,14,9,Left
18,1:16:33 PM,1:16:41 PM,00:08,Sling (Midurethral synthetic sling),No,No,14,9,Left
17,1:16:41 PM,1:16:53 PM,00:12,Sling (Midurethral synthetic sling),No,No,14,9,Left
18,1:16:53 PM,1:18:13 PM,01:20,Sling (Midurethral synthetic sling),No,No,14,9,Left
17,1:18:13 PM,1:18:22 PM,00:09,Sling (Midurethral synthetic sling),No,No,14,10,Left
1,1:18:22 PM,1:20:14 PM,01:52,Sling (Midurethral synthetic sling),No,No,14,10,Left
17,1:21:51 PM,1:23:14 PM,01:23,PR (Posterior repair),No,No,16,12,Left
18,1:23:14 PM,1:23:34 PM,00:20,PR (Posterior repair),No,No,16,12,Left
17,1:23:34 PM,1:23:36 PM,00:02,PR (Posterior repair),No,No,16,12,Left
18,1:23:36 PM,1:23:48 PM,00:12,PR (Posterior repair),No,No,16,12,Left
17,1:23:48 PM,1:24:18 PM,00:30,PR (Posterior repair),No,No,16,12,Left
18,1:24:18 PM,1:25:21 PM,01:03,PR (Posterior repair),No,No,16,12,Left
17,1:25:21 PM,1:26:07 PM,00:46,PR (Posterior repair),No,No,16,12,Left
18,1:26:07 PM,1:26:33 PM,00:26,PR (Posterior repair),No,No,16,12,Left
2,1:26:33 PM,1:26:42 PM,00:09,PR (Posterior repair),No,No,16,12,Left
1,1:26:42 PM,1:27:11 PM,00:29,PR (Posterior repair),No,No,16,12,Left
2,1:27:11 PM,1:28:12 PM,01:01,PR (Posterior repair),No,No,16,12,Left
1,1:28:12 PM,1:28:17 PM,00:05,PR (Posterior repair),No,No,16,12,Left
17,1:28:17 PM,1:31:27 PM,03:10,PR (Posterior repair),No,No,16,12,Left
18,1:31:27 PM,1:31:29 PM,00:02,PR (Posterior repair),No,No,16,12,Left
20,1:31:29 PM,1:32:03 PM,00:34,PR (Posterior repair),No,No,16,12,Left
19,1:32:03 PM,1:32:04 PM,00:01,PR (Posterior repair),No,No,16,12,Left
17,1:32:04 PM,1:32:07 PM,00:03,PR (Posterior repair),No,No,16,12,Left
1,1:32:07 PM,1:32:09 PM,00:02,PR (Posterior repair),No,No,16,12,Left
2,1:32:09 PM,1:32:12 PM,00:03,PR (Posterior repair),No,No,16,12,Left
18,1:32:12 PM,1:32:13 PM,00:01,PR (Posterior repair),No,No,16,12,Left
17,1:32:13 PM,1:32:28 PM,00:15,PR (Posterior repair),No,No,16,12,Left
18,1:32:28 PM,1:32:31 PM,00:03,PR (Posterior repair),No,No,16,12,Left
17,1:32:31 PM,1:32:39 PM,00:08,PR (Posterior repair),No,No,16,12,Left
19,1:32:39 PM,1:32:41 PM,00:02,PR (Posterior repair),No,No,16,12,Left
20,1:32:41 PM,1:33:02 PM,00:21,PR (Posterior repair),No,No,16,12,Left
19,1:33:02 PM,1:33:02 PM,00:00,PR (Posterior repair),No,No,16,12,Left
3,1:33:02 PM,1:33:03 PM,00:01,PR (Posterior repair),No,No,16,12,Left
1,1:33:03 PM,1:33:12 PM,00:09,PR (Posterior repair),No,No,16,12,Left
17,1:33:12 PM,1:33:23 PM,00:11,PR (Posterior repair),No,No,16,12,Left
21,1:33:23 PM,1:33:25 PM,00:02,PR (Posterior repair),No,No,16,12,Left
17,1:33:25 PM,1:33:37 PM,00:12,PR (Posterior repair),No,No,16,12,Left
18,1:33:37 PM,1:34:29 PM,00:52,PR (Posterior repair),No,No,16,12,Left
2,1:34:29 PM,1:34:30 PM,00:01,PR (Posterior repair),No,No,16,12,Left
1,1:34:30 PM,1:34:46 PM,00:16,PR (Posterior repair),No,No,16,12,Left
17,1:34:46 PM,1:36:00 PM,01:14,PR (Posterior repair),No,No,16,12,Left
18,1:36:00 PM,1:36:21 PM,00:21,PR (Posterior repair),No,No,16,12,Left
2,1:36:21 PM,1:36:36 PM,00:15,PR (Posterior repair),No,No,16,12,Left
1,1:36:36 PM,1:43:16 PM,06:40,PR (Posterior repair),No,No,16,12,Left
