Posture Code,Start ,End,Duration,Task Code,Stool Usage,Sitting,Bed Code,Patient Code,Location
1,8:09:11 AM,8:09:35 AM,00:24,TVH (Transvaginal hysterectomy),No,No,1,1,Center
2,8:09:35 AM,8:11:16 AM,01:41,TVH (Transvaginal hysterectomy),No,No,1,1,Center
10,8:11:16 AM,8:11:26 AM,00:10,TVH (Transvaginal hysterectomy),No,No,1,1,Center
2,8:11:26 AM,8:13:33 AM,02:07,TVH (Transvaginal hysterectomy),No,No,1,1,Center
6,8:13:33 AM,8:13:45 AM,00:12,TVH (Transvaginal hysterectomy),No,No,1,1,Center
2,8:13:45 AM,8:14:16 AM,00:31,TVH (Transvaginal hysterectomy),No,No,1,1,Center
6,8:14:16 AM,8:14:17 AM,00:01,TVH (Transvaginal hysterectomy),No,No,1,1,Center
5,8:14:17 AM,8:14:23 AM,00:06,TVH (Transvaginal hysterectomy),No,No,1,1,Center
6,8:14:23 AM,8:14:55 AM,00:32,TVH (Transvaginal hysterectomy),No,No,1,1,Center
2,8:14:55 AM,8:15:55 AM,01:00,TVH (Transvaginal hysterectomy),No,No,1,1,Center
1,8:15:55 AM,8:16:18 AM,00:23,TVH (Transvaginal hysterectomy),No,No,1,1,Center
2,8:16:18 AM,8:16:21 AM,00:03,TVH (Transvaginal hysterectomy),No,No,1,1,Center
1,8:16:21 AM,8:17:01 AM,00:40,TVH (Transvaginal hysterectomy),No,No,1,1,Center
2,8:17:01 AM,8:17:10 AM,00:09,TVH (Transvaginal hysterectomy),No,No,1,1,Center
1,8:17:10 AM,8:17:29 AM,00:19,TVH (Transvaginal hysterectomy),No,No,1,1,Center
2,8:17:29 AM,8:17:48 AM,00:19,TVH (Transvaginal hysterectomy),No,No,1,1,Center
1,8:17:48 AM,8:18:03 AM,00:15,TVH (Transvaginal hysterectomy),No,No,1,1,Center
2,8:18:03 AM,8:18:06 AM,00:03,TVH (Transvaginal hysterectomy),No,No,1,1,Center
1,8:18:06 AM,8:19:21 AM,01:15,TVH (Transvaginal hysterectomy),No,No,1,1,Center
2,8:19:21 AM,8:19:42 AM,00:21,TVH (Transvaginal hysterectomy),No,No,1,1,Center
1,8:19:42 AM,8:19:51 AM,00:09,TVH (Transvaginal hysterectomy),No,No,1,1,Center
17,8:19:51 AM,8:19:53 AM,00:02,TVH (Transvaginal hysterectomy),No,No,1,1,Center
1,8:19:53 AM,8:20:09 AM,00:16,TVH (Transvaginal hysterectomy),No,No,1,1,Center
2,8:20:09 AM,8:20:28 AM,00:19,TVH (Transvaginal hysterectomy),No,No,1,1,Center
1,8:20:28 AM,8:20:28 AM,00:00,TVH (Transvaginal hysterectomy),No,No,1,1,Center
2,8:20:28 AM,8:20:30 AM,00:02,TVH (Transvaginal hysterectomy),No,No,1,1,Center
1,8:20:30 AM,8:20:47 AM,00:17,TVH (Transvaginal hysterectomy),No,No,1,1,Center
17,8:20:47 AM,8:20:55 AM,00:08,TVH (Transvaginal hysterectomy),No,No,1,1,Center
1,8:20:55 AM,8:20:57 AM,00:02,TVH (Transvaginal hysterectomy),No,No,1,1,Center
2,8:20:57 AM,8:20:59 AM,00:02,TVH (Transvaginal hysterectomy),No,No,1,1,Center
18,8:20:59 AM,8:21:01 AM,00:02,TVH (Transvaginal hysterectomy),No,No,1,1,Center
2,8:21:01 AM,8:21:12 AM,00:11,TVH (Transvaginal hysterectomy),No,No,1,1,Center
18,8:21:12 AM,8:21:15 AM,00:03,TVH (Transvaginal hysterectomy),No,No,1,1,Center
2,8:21:15 AM,8:21:20 AM,00:05,TVH (Transvaginal hysterectomy),No,No,1,1,Center
18,8:21:20 AM,8:21:22 AM,00:02,TVH (Transvaginal hysterectomy),No,No,1,1,Center
17,8:21:22 AM,8:21:23 AM,00:01,TVH (Transvaginal hysterectomy),No,No,1,1,Center
1,8:21:23 AM,8:22:12 AM,00:49,TVH (Transvaginal hysterectomy),No,No,1,1,Center
2,8:22:12 AM,8:22:15 AM,00:03,TVH (Transvaginal hysterectomy),No,No,1,1,Center
18,8:22:15 AM,8:22:22 AM,00:07,TVH (Transvaginal hysterectomy),No,No,1,1,Center
17,8:22:22 AM,8:22:50 AM,00:28,TVH (Transvaginal hysterectomy),No,No,1,1,Center
1,8:22:50 AM,8:22:57 AM,00:07,TVH (Transvaginal hysterectomy),No,No,1,1,Center
2,8:22:57 AM,8:23:10 AM,00:13,TVH (Transvaginal hysterectomy),No,No,1,1,Center
1,8:23:10 AM,8:23:14 AM,00:04,TVH (Transvaginal hysterectomy),No,No,1,1,Center
17,8:23:14 AM,8:23:18 AM,00:04,TVH (Transvaginal hysterectomy),No,No,1,1,Center
1,8:23:18 AM,8:23:25 AM,00:07,TVH (Transvaginal hysterectomy),No,No,1,1,Center
17,8:23:25 AM,8:23:34 AM,00:09,TVH (Transvaginal hysterectomy),No,No,1,1,Center
1,8:23:34 AM,8:23:35 AM,00:01,TVH (Transvaginal hysterectomy),No,No,1,1,Center
2,8:23:35 AM,8:23:59 AM,00:24,TVH (Transvaginal hysterectomy),No,No,1,1,Center
1,8:23:59 AM,8:24:04 AM,00:05,TVH (Transvaginal hysterectomy),No,No,1,1,Center
17,8:24:04 AM,8:24:05 AM,00:01,TVH (Transvaginal hysterectomy),No,No,1,1,Center
1,8:24:05 AM,8:24:50 AM,00:45,TVH (Transvaginal hysterectomy),No,No,1,1,Center
17,8:24:50 AM,8:24:51 AM,00:01,TVH (Transvaginal hysterectomy),No,No,1,1,Center
1,8:24:51 AM,8:25:13 AM,00:22,TVH (Transvaginal hysterectomy),No,No,1,1,Center
17,8:25:13 AM,8:25:20 AM,00:07,TVH (Transvaginal hysterectomy),No,No,1,1,Center
1,8:25:20 AM,8:25:40 AM,00:20,TVH (Transvaginal hysterectomy),No,No,1,1,Center
2,8:25:40 AM,8:28:55 AM,03:15,TVH (Transvaginal hysterectomy),No,No,1,1,Center
18,8:28:55 AM,8:28:56 AM,00:01,TVH (Transvaginal hysterectomy),No,No,1,1,Center
2,8:28:56 AM,8:28:57 AM,00:01,TVH (Transvaginal hysterectomy),No,No,1,1,Center
1,8:28:57 AM,8:29:24 AM,00:27,TVH (Transvaginal hysterectomy),No,No,1,1,Center
2,8:29:24 AM,8:30:02 AM,00:38,TVH (Transvaginal hysterectomy),No,No,1,1,Center
1,8:30:02 AM,8:30:22 AM,00:20,TVH (Transvaginal hysterectomy),No,No,1,1,Center
17,8:30:22 AM,8:30:26 AM,00:04,TVH (Transvaginal hysterectomy),No,No,1,1,Center
1,8:30:26 AM,8:30:27 AM,00:01,TVH (Transvaginal hysterectomy),No,No,1,1,Center
17,8:30:27 AM,8:30:28 AM,00:01,TVH (Transvaginal hysterectomy),No,No,1,1,Center
21,8:30:28 AM,8:30:38 AM,00:10,TVH (Transvaginal hysterectomy),No,No,1,1,Center
22,8:30:38 AM,8:30:44 AM,00:06,TVH (Transvaginal hysterectomy),No,No,1,1,Center
18,8:30:44 AM,8:30:49 AM,00:05,TVH (Transvaginal hysterectomy),No,No,1,1,Center
2,8:30:49 AM,8:30:51 AM,00:02,TVH (Transvaginal hysterectomy),No,No,1,1,Center
10,8:30:51 AM,8:30:53 AM,00:02,TVH (Transvaginal hysterectomy),No,No,1,1,Center
2,8:30:53 AM,8:30:54 AM,00:01,TVH (Transvaginal hysterectomy),No,No,1,1,Center
18,8:30:54 AM,8:30:55 AM,00:01,TVH (Transvaginal hysterectomy),No,No,1,1,Center
2,8:30:55 AM,8:30:56 AM,00:01,TVH (Transvaginal hysterectomy),No,No,1,1,Center
1,8:30:56 AM,8:30:58 AM,00:02,TVH (Transvaginal hysterectomy),No,No,1,1,Center
2,8:30:58 AM,8:31:21 AM,00:23,TVH (Transvaginal hysterectomy),No,No,1,1,Center
1,8:31:21 AM,8:31:43 AM,00:22,TVH (Transvaginal hysterectomy),No,No,1,1,Center
2,8:31:43 AM,8:31:47 AM,00:04,TVH (Transvaginal hysterectomy),No,No,1,1,Center
10,8:31:47 AM,8:31:52 AM,00:05,TVH (Transvaginal hysterectomy),No,No,1,1,Center
2,8:31:52 AM,8:32:14 AM,00:22,TVH (Transvaginal hysterectomy),No,No,1,1,Center
10,8:32:14 AM,8:32:21 AM,00:07,TVH (Transvaginal hysterectomy),No,No,1,1,Center
9,8:32:21 AM,8:32:38 AM,00:17,TVH (Transvaginal hysterectomy),No,No,1,1,Center
1,8:32:38 AM,8:32:46 AM,00:08,TVH (Transvaginal hysterectomy),No,No,1,1,Center
9,8:32:46 AM,8:32:54 AM,00:08,TVH (Transvaginal hysterectomy),No,No,1,1,Center
10,8:32:54 AM,8:32:57 AM,00:03,TVH (Transvaginal hysterectomy),No,No,1,1,Center
9,8:32:57 AM,8:33:01 AM,00:04,TVH (Transvaginal hysterectomy),No,No,1,1,Center
1,8:33:01 AM,8:33:02 AM,00:01,TVH (Transvaginal hysterectomy),No,No,1,1,Center
17,8:33:02 AM,8:33:04 AM,00:02,TVH (Transvaginal hysterectomy),No,No,1,1,Center
1,8:33:04 AM,8:33:06 AM,00:02,TVH (Transvaginal hysterectomy),No,No,1,1,Center
17,8:33:06 AM,8:33:08 AM,00:02,TVH (Transvaginal hysterectomy),No,No,1,1,Center
18,8:33:08 AM,8:33:13 AM,00:05,TVH (Transvaginal hysterectomy),No,No,1,1,Center
26,8:33:13 AM,8:33:25 AM,00:12,TVH (Transvaginal hysterectomy),No,No,1,1,Center
10,8:33:25 AM,8:33:26 AM,00:01,TVH (Transvaginal hysterectomy),No,No,1,1,Center
2,8:33:26 AM,8:33:28 AM,00:02,TVH (Transvaginal hysterectomy),No,No,1,1,Center
1,8:33:28 AM,8:33:47 AM,00:19,TVH (Transvaginal hysterectomy),No,No,1,1,Center
17,8:33:47 AM,8:33:48 AM,00:01,TVH (Transvaginal hysterectomy),No,No,1,1,Center
1,8:33:48 AM,8:33:49 AM,00:01,TVH (Transvaginal hysterectomy),No,No,1,1,Center
17,8:33:49 AM,8:33:52 AM,00:03,TVH (Transvaginal hysterectomy),No,No,1,1,Center
1,8:33:52 AM,8:36:11 AM,02:19,TVH (Transvaginal hysterectomy),No,No,1,1,Center
9,8:36:11 AM,8:36:12 AM,00:01,TVH (Transvaginal hysterectomy),No,No,1,1,Center
13,8:36:12 AM,8:36:18 AM,00:06,TVH (Transvaginal hysterectomy),No,No,1,1,Center
5,8:36:18 AM,8:36:20 AM,00:02,TVH (Transvaginal hysterectomy),No,No,1,1,Center
1,8:36:20 AM,8:36:20 AM,00:00,TVH (Transvaginal hysterectomy),No,No,1,1,Center
2,8:36:20 AM,8:36:46 AM,00:26,TVH (Transvaginal hysterectomy),No,No,1,1,Center
1,8:36:46 AM,8:37:04 AM,00:18,TVH (Transvaginal hysterectomy),No,No,1,1,Center
17,8:37:04 AM,8:37:11 AM,00:07,TVH (Transvaginal hysterectomy),No,No,1,1,Center
18,8:37:11 AM,8:37:17 AM,00:06,TVH (Transvaginal hysterectomy),No,No,1,1,Center
2,8:37:17 AM,8:37:25 AM,00:08,TVH (Transvaginal hysterectomy),No,No,1,1,Center
1,8:37:25 AM,8:37:57 AM,00:32,TVH (Transvaginal hysterectomy),No,No,1,1,Center
2,8:37:57 AM,8:37:59 AM,00:02,TVH (Transvaginal hysterectomy),No,No,1,1,Center
18,8:37:59 AM,8:38:01 AM,00:02,TVH (Transvaginal hysterectomy),No,No,1,1,Center
2,8:38:01 AM,8:38:03 AM,00:02,TVH (Transvaginal hysterectomy),No,No,1,1,Center
10,8:38:03 AM,8:38:16 AM,00:13,TVH (Transvaginal hysterectomy),No,No,1,1,Center
26,8:38:16 AM,8:38:17 AM,00:01,TVH (Transvaginal hysterectomy),No,No,1,1,Center
10,8:38:17 AM,8:38:18 AM,00:01,TVH (Transvaginal hysterectomy),No,No,1,1,Center
26,8:38:18 AM,8:38:22 AM,00:04,TVH (Transvaginal hysterectomy),No,No,1,1,Center
10,8:38:22 AM,8:38:23 AM,00:01,TVH (Transvaginal hysterectomy),No,No,1,1,Center
26,8:38:23 AM,8:38:24 AM,00:01,TVH (Transvaginal hysterectomy),No,No,1,1,Center
18,8:38:24 AM,8:38:32 AM,00:08,TVH (Transvaginal hysterectomy),No,No,1,1,Center
2,8:38:32 AM,8:38:39 AM,00:07,TVH (Transvaginal hysterectomy),No,No,1,1,Center
18,8:38:39 AM,8:38:47 AM,00:08,TVH (Transvaginal hysterectomy),No,No,1,1,Center
2,8:38:47 AM,8:38:57 AM,00:10,TVH (Transvaginal hysterectomy),No,No,1,1,Center
18,8:38:57 AM,8:39:00 AM,00:03,TVH (Transvaginal hysterectomy),No,No,1,1,Center
2,8:39:00 AM,8:39:01 AM,00:01,TVH (Transvaginal hysterectomy),No,No,1,1,Center
10,8:39:01 AM,8:39:05 AM,00:04,TVH (Transvaginal hysterectomy),No,No,1,1,Center
2,8:39:05 AM,8:39:13 AM,00:08,TVH (Transvaginal hysterectomy),No,No,1,1,Center
18,8:39:13 AM,8:39:14 AM,00:01,TVH (Transvaginal hysterectomy),No,No,1,1,Center
26,8:39:14 AM,8:39:31 AM,00:17,TVH (Transvaginal hysterectomy),No,No,1,1,Center
10,8:39:31 AM,8:39:32 AM,00:01,TVH (Transvaginal hysterectomy),No,No,1,1,Center
2,8:39:32 AM,8:39:33 AM,00:01,TVH (Transvaginal hysterectomy),No,No,1,1,Center
1,8:39:33 AM,8:40:06 AM,00:33,TVH (Transvaginal hysterectomy),No,No,1,1,Center
9,8:40:06 AM,8:40:29 AM,00:23,TVH (Transvaginal hysterectomy),No,No,1,1,Center
1,8:40:29 AM,8:40:31 AM,00:02,TVH (Transvaginal hysterectomy),No,No,1,1,Center
2,8:40:31 AM,8:40:53 AM,00:22,TVH (Transvaginal hysterectomy),No,No,1,1,Center
18,8:40:53 AM,8:40:54 AM,00:01,TVH (Transvaginal hysterectomy),No,No,1,1,Center
17,8:40:54 AM,8:40:58 AM,00:04,TVH (Transvaginal hysterectomy),No,No,1,1,Center
1,8:40:58 AM,8:40:59 AM,00:01,TVH (Transvaginal hysterectomy),No,No,1,1,Center
17,8:40:59 AM,8:41:01 AM,00:02,TVH (Transvaginal hysterectomy),No,No,1,1,Center
1,8:41:01 AM,8:41:07 AM,00:06,TVH (Transvaginal hysterectomy),No,No,1,1,Center
9,8:41:07 AM,8:41:09 AM,00:02,TVH (Transvaginal hysterectomy),No,No,1,1,Center
25,8:41:09 AM,8:41:16 AM,00:07,TVH (Transvaginal hysterectomy),No,No,1,1,Center
17,8:41:16 AM,8:41:16 AM,00:00,TVH (Transvaginal hysterectomy),No,No,1,1,Center
1,8:41:16 AM,8:41:20 AM,00:04,TVH (Transvaginal hysterectomy),No,No,1,1,Center
2,8:41:20 AM,8:41:23 AM,00:03,TVH (Transvaginal hysterectomy),No,No,1,1,Center
10,8:41:23 AM,8:41:24 AM,00:01,TVH (Transvaginal hysterectomy),No,No,1,1,Center
26,8:41:24 AM,8:41:30 AM,00:06,TVH (Transvaginal hysterectomy),No,No,1,1,Center
18,8:41:30 AM,8:41:31 AM,00:01,TVH (Transvaginal hysterectomy),No,No,1,1,Center
2,8:41:31 AM,8:41:53 AM,00:22,TVH (Transvaginal hysterectomy),No,No,1,1,Center
10,8:41:53 AM,8:41:54 AM,00:01,TVH (Transvaginal hysterectomy),No,No,1,1,Center
2,8:41:54 AM,8:41:55 AM,00:01,TVH (Transvaginal hysterectomy),No,No,1,1,Center
1,8:41:55 AM,8:42:21 AM,00:26,TVH (Transvaginal hysterectomy),No,No,1,1,Center
2,8:42:21 AM,8:42:23 AM,00:02,TVH (Transvaginal hysterectomy),No,No,1,1,Center
18,8:42:23 AM,8:42:26 AM,00:03,TVH (Transvaginal hysterectomy),No,No,1,1,Center
2,8:42:26 AM,8:42:27 AM,00:01,TVH (Transvaginal hysterectomy),No,No,1,1,Center
1,8:42:27 AM,8:42:53 AM,00:26,TVH (Transvaginal hysterectomy),No,No,1,1,Center
17,8:42:53 AM,8:42:57 AM,00:04,TVH (Transvaginal hysterectomy),No,No,1,1,Center
1,8:42:57 AM,8:42:59 AM,00:02,TVH (Transvaginal hysterectomy),No,No,1,1,Center
2,8:42:59 AM,8:43:40 AM,00:41,TVH (Transvaginal hysterectomy),No,No,1,1,Center
1,8:43:40 AM,8:43:45 AM,00:05,TVH (Transvaginal hysterectomy),No,No,1,1,Center
2,8:43:45 AM,8:43:50 AM,00:05,TVH (Transvaginal hysterectomy),No,No,1,1,Center
1,8:43:50 AM,8:44:10 AM,00:20,TVH (Transvaginal hysterectomy),No,No,1,1,Center
17,8:44:10 AM,8:44:12 AM,00:02,TVH (Transvaginal hysterectomy),No,No,1,1,Center
18,8:44:12 AM,8:44:15 AM,00:03,TVH (Transvaginal hysterectomy),No,No,1,1,Center
17,8:44:15 AM,8:44:16 AM,00:01,TVH (Transvaginal hysterectomy),No,No,1,1,Center
1,8:44:16 AM,8:44:19 AM,00:03,TVH (Transvaginal hysterectomy),No,No,1,1,Center
2,8:44:19 AM,8:44:19 AM,00:00,TVH (Transvaginal hysterectomy),No,No,1,1,Center
6,8:44:19 AM,8:44:25 AM,00:06,TVH (Transvaginal hysterectomy),No,No,1,1,Center
2,8:44:25 AM,8:45:09 AM,00:44,TVH (Transvaginal hysterectomy),No,No,1,1,Center
1,8:45:09 AM,8:45:21 AM,00:12,TVH (Transvaginal hysterectomy),No,No,1,1,Center
17,8:46:05 AM,8:46:08 AM,00:03,BSO (Biateral salpingo-oophrectomy),No,No,2,2,Center
18,8:46:08 AM,8:46:14 AM,00:06,BSO (Biateral salpingo-oophrectomy),No,No,2,2,Center
26,8:46:14 AM,8:46:19 AM,00:05,BSO (Biateral salpingo-oophrectomy),No,No,2,2,Center
25,8:46:19 AM,8:46:20 AM,00:01,BSO (Biateral salpingo-oophrectomy),No,No,2,2,Center
17,8:46:20 AM,8:46:24 AM,00:04,BSO (Biateral salpingo-oophrectomy),No,No,2,2,Center
25,8:46:24 AM,8:46:36 AM,00:12,BSO (Biateral salpingo-oophrectomy),No,No,2,2,Center
17,8:46:36 AM,8:46:38 AM,00:02,BSO (Biateral salpingo-oophrectomy),No,No,2,2,Center
1,8:46:38 AM,8:46:41 AM,00:03,BSO (Biateral salpingo-oophrectomy),No,No,2,2,Center
17,8:46:41 AM,8:46:46 AM,00:05,BSO (Biateral salpingo-oophrectomy),No,No,2,2,Center
1,8:46:46 AM,8:47:12 AM,00:26,BSO (Biateral salpingo-oophrectomy),No,No,2,2,Center
17,8:47:12 AM,8:47:13 AM,00:01,BSO (Biateral salpingo-oophrectomy),No,No,2,2,Center
1,8:47:13 AM,8:47:45 AM,00:32,BSO (Biateral salpingo-oophrectomy),No,No,2,2,Center
9,8:47:45 AM,8:47:49 AM,00:04,BSO (Biateral salpingo-oophrectomy),No,No,2,2,Center
1,8:47:49 AM,8:47:52 AM,00:03,BSO (Biateral salpingo-oophrectomy),No,No,2,2,Center
17,8:47:52 AM,8:47:54 AM,00:02,BSO (Biateral salpingo-oophrectomy),No,No,2,2,Center
1,8:47:54 AM,8:47:55 AM,00:01,BSO (Biateral salpingo-oophrectomy),No,No,2,2,Center
9,8:47:55 AM,8:47:56 AM,00:01,BSO (Biateral salpingo-oophrectomy),No,No,2,2,Center
1,8:47:56 AM,8:47:57 AM,00:01,BSO (Biateral salpingo-oophrectomy),No,No,2,2,Center
9,8:47:57 AM,8:47:59 AM,00:02,BSO (Biateral salpingo-oophrectomy),No,No,2,2,Center
25,8:47:59 AM,8:48:05 AM,00:06,BSO (Biateral salpingo-oophrectomy),No,No,2,2,Center
17,8:48:05 AM,8:48:05 AM,00:00,BSO (Biateral salpingo-oophrectomy),No,No,2,2,Center
1,8:48:05 AM,8:48:51 AM,00:46,BSO (Biateral salpingo-oophrectomy),No,No,2,2,Center
2,9:27:42 AM,9:27:50 AM,00:08,AR (Anterior repair),No,No,10,7,Center
1,9:27:50 AM,9:28:52 AM,01:02,AR (Anterior repair),No,No,10,7,Center
2,9:28:52 AM,9:29:09 AM,00:17,AR (Anterior repair),No,No,10,7,Center
1,9:29:09 AM,9:29:30 AM,00:21,AR (Anterior repair),No,No,10,7,Center
2,9:29:30 AM,9:30:19 AM,00:49,AR (Anterior repair),No,No,10,7,Center
1,9:30:19 AM,9:30:21 AM,00:02,AR (Anterior repair),No,No,10,7,Center
2,9:30:21 AM,9:30:26 AM,00:05,AR (Anterior repair),No,No,10,7,Center
1,9:30:26 AM,9:30:32 AM,00:06,AR (Anterior repair),No,No,10,7,Center
2,9:30:32 AM,9:30:37 AM,00:05,AR (Anterior repair),No,No,10,7,Center
1,9:30:37 AM,9:30:42 AM,00:05,AR (Anterior repair),No,No,10,7,Center
2,9:30:42 AM,9:30:57 AM,00:15,AR (Anterior repair),No,No,10,7,Center
1,9:30:57 AM,9:31:28 AM,00:31,AR (Anterior repair),No,No,10,7,Center
5,9:31:28 AM,9:31:34 AM,00:06,AR (Anterior repair),No,No,10,7,Center
6,9:31:34 AM,9:31:36 AM,00:02,AR (Anterior repair),No,No,10,7,Center
2,9:31:36 AM,9:31:48 AM,00:12,AR (Anterior repair),No,No,10,7,Center
10,9:31:48 AM,9:31:57 AM,00:09,AR (Anterior repair),No,No,10,7,Center
2,9:31:57 AM,9:31:58 AM,00:01,AR (Anterior repair),No,No,10,7,Center
1,9:31:58 AM,9:32:20 AM,00:22,AR (Anterior repair),No,No,10,7,Center
2,9:32:20 AM,9:32:28 AM,00:08,AR (Anterior repair),No,No,10,7,Center
1,9:32:28 AM,9:32:31 AM,00:03,AR (Anterior repair),No,No,10,7,Center
2,9:32:31 AM,9:32:41 AM,00:10,AR (Anterior repair),No,No,10,7,Center
10,9:32:41 AM,9:32:45 AM,00:04,AR (Anterior repair),No,No,10,7,Center
2,9:32:45 AM,9:33:36 AM,00:51,AR (Anterior repair),No,No,10,7,Center
1,9:33:36 AM,9:34:42 AM,01:06,AR (Anterior repair),No,No,10,7,Center
2,9:34:42 AM,9:34:58 AM,00:16,AR (Anterior repair),No,No,10,7,Center
1,9:34:58 AM,9:35:15 AM,00:17,AR (Anterior repair),No,No,10,7,Center
2,9:35:15 AM,9:35:22 AM,00:07,AR (Anterior repair),No,No,10,7,Center
1,9:35:22 AM,9:35:37 AM,00:15,AR (Anterior repair),No,No,10,7,Center
3,9:35:37 AM,9:35:47 AM,00:10,AR (Anterior repair),No,No,10,7,Center
1,9:35:47 AM,9:35:52 AM,00:05,AR (Anterior repair),No,No,10,7,Center
2,9:35:52 AM,9:36:24 AM,00:32,AR (Anterior repair),No,No,10,7,Center
1,9:36:24 AM,9:36:26 AM,00:02,AR (Anterior repair),No,No,10,7,Center
2,9:36:26 AM,9:36:50 AM,00:24,AR (Anterior repair),No,No,10,7,Center
1,9:36:50 AM,9:36:55 AM,00:05,AR (Anterior repair),No,No,10,7,Center
2,9:36:55 AM,9:36:59 AM,00:04,AR (Anterior repair),No,No,10,7,Center
1,9:36:59 AM,9:37:22 AM,00:23,AR (Anterior repair),No,No,10,7,Center
2,9:37:22 AM,9:37:28 AM,00:06,AR (Anterior repair),No,No,10,7,Center
1,9:37:28 AM,9:40:18 AM,02:50,AR (Anterior repair),No,No,10,7,Center
2,9:40:18 AM,9:40:30 AM,00:12,AR (Anterior repair),No,No,10,7,Center
1,9:40:30 AM,9:40:39 AM,00:09,AR (Anterior repair),No,No,10,7,Center
2,9:40:39 AM,9:40:41 AM,00:02,AR (Anterior repair),No,No,10,7,Center
1,9:40:41 AM,9:41:08 AM,00:27,AR (Anterior repair),No,No,10,7,Center
2,9:41:08 AM,9:41:20 AM,00:12,AR (Anterior repair),No,No,10,7,Center
1,9:41:20 AM,9:43:13 AM,01:53,AR (Anterior repair),No,No,10,7,Center
2,9:43:13 AM,9:43:20 AM,00:07,AR (Anterior repair),No,No,10,7,Center
1,9:43:20 AM,9:44:08 AM,00:48,AR (Anterior repair),No,No,10,7,Center
2,9:44:08 AM,9:44:12 AM,00:04,AR (Anterior repair),No,No,10,7,Center
6,9:44:12 AM,9:44:16 AM,00:04,AR (Anterior repair),No,No,10,7,Center
5,9:44:16 AM,9:44:17 AM,00:01,AR (Anterior repair),No,No,10,7,Center
1,9:44:17 AM,9:44:49 AM,00:32,AR (Anterior repair),No,No,10,7,Center
2,9:44:49 AM,9:45:00 AM,00:11,AR (Anterior repair),No,No,10,7,Center
1,9:45:00 AM,9:45:47 AM,00:47,AR (Anterior repair),No,No,10,7,Center
2,9:45:47 AM,9:46:18 AM,00:31,AR (Anterior repair),No,No,10,7,Center
1,9:46:18 AM,9:46:21 AM,00:03,AR (Anterior repair),No,No,10,7,Center
2,9:46:21 AM,9:46:26 AM,00:05,AR (Anterior repair),No,No,10,7,Center
1,9:46:26 AM,9:46:46 AM,00:20,AR (Anterior repair),No,No,10,7,Center
2,9:46:46 AM,9:46:59 AM,00:13,AR (Anterior repair),No,No,10,7,Center
1,9:46:59 AM,9:47:42 AM,00:43,AR (Anterior repair),No,No,10,7,Center
2,10:03:09 AM,10:03:11 AM,00:02,Cysto (Cystoscopy),No,No,12,9,Center
10,10:03:11 AM,10:03:35 AM,00:24,Cysto (Cystoscopy),No,No,12,9,Center
9,10:03:35 AM,10:03:38 AM,00:03,Cysto (Cystoscopy),No,No,12,9,Center
1,10:03:38 AM,10:06:48 AM,03:10,Cysto (Cystoscopy),No,No,12,9,Center
17,10:06:48 AM,10:06:50 AM,00:02,Cysto (Cystoscopy),No,No,12,9,Center
1,10:06:50 AM,10:08:00 AM,01:10,Cysto (Cystoscopy),No,No,12,9,Center
