Posture Code,Start ,End,Duration,Task Code,Stool Usage,Sitting,Bed Code,Patient Code,Location,
1,8:10:31 AM,8:10:39 AM,00:08,TVH (Transvaginal hysterectomy),No,No,1,1,Center,
2,8:10:39 AM,8:10:47 AM,00:08,TVH (Transvaginal hysterectomy),No,No,1,1,Center,
18,8:10:47 AM,8:11:10 AM,00:23,TVH (Transvaginal hysterectomy),No,No,1,1,Center,
2,8:11:10 AM,8:12:26 AM,01:16,TVH (Transvaginal hysterectomy),No,No,1,1,Center,
1,8:12:26 AM,8:13:18 AM,00:52,TVH (Transvaginal hysterectomy),No,No,1,1,Center,
2,8:13:18 AM,8:13:25 AM,00:07,TVH (Transvaginal hysterectomy),No,No,1,1,Center,
18,8:13:25 AM,8:13:33 AM,00:08,TVH (Transvaginal hysterectomy),No,No,1,1,Center,
2,8:13:33 AM,8:13:49 AM,00:16,TVH (Transvaginal hysterectomy),No,No,1,1,Center,
1,8:13:49 AM,8:13:51 AM,00:02,TVH (Transvaginal hysterectomy),No,No,1,1,Center,
9,8:13:51 AM,8:13:57 AM,00:06,TVH (Transvaginal hysterectomy),No,No,1,1,Center,
25,8:13:57 AM,8:13:58 AM,00:01,TVH (Transvaginal hysterectomy),No,No,1,1,Center,
26,8:13:58 AM,8:14:16 AM,00:18,TVH (Transvaginal hysterectomy),No,No,1,1,Center,
10,8:14:16 AM,8:14:17 AM,00:01,TVH (Transvaginal hysterectomy),No,No,1,1,Center,
2,8:14:17 AM,8:14:35 AM,00:18,TVH (Transvaginal hysterectomy),No,No,1,1,Center,
18,8:14:35 AM,8:14:37 AM,00:02,TVH (Transvaginal hysterectomy),No,No,1,1,Center,
26,8:14:37 AM,8:14:40 AM,00:03,TVH (Transvaginal hysterectomy),No,No,1,1,Center,
25,8:14:40 AM,8:14:42 AM,00:02,TVH (Transvaginal hysterectomy),No,No,1,1,Center,
9,8:14:42 AM,8:14:43 AM,00:01,TVH (Transvaginal hysterectomy),No,No,1,1,Center,
1,8:14:43 AM,8:14:51 AM,00:08,TVH (Transvaginal hysterectomy),No,No,1,1,Center,
2,8:14:51 AM,8:23:33 AM,08:42,TVH (Transvaginal hysterectomy),No,No,1,1,Center,
6,8:23:33 AM,8:24:17 AM,00:44,TVH (Transvaginal hysterectomy),No,No,1,1,Center,
2,8:24:17 AM,8:24:43 AM,00:26,TVH (Transvaginal hysterectomy),No,No,1,1,Center,
6,8:24:43 AM,8:24:45 AM,00:02,TVH (Transvaginal hysterectomy),No,No,1,1,Center,
2,8:24:45 AM,8:24:55 AM,00:10,TVH (Transvaginal hysterectomy),No,No,1,1,Center,
1,8:24:55 AM,8:25:04 AM,00:09,TVH (Transvaginal hysterectomy),No,No,1,1,Center,
17,8:25:04 AM,8:25:05 AM,00:01,TVH (Transvaginal hysterectomy),No,No,1,1,Center,
1,8:25:05 AM,8:25:09 AM,00:04,TVH (Transvaginal hysterectomy),No,No,1,1,Center,
2,8:25:09 AM,8:25:53 AM,00:44,TVH (Transvaginal hysterectomy),No,No,1,1,Center,
18,8:25:53 AM,8:26:41 AM,00:48,TVH (Transvaginal hysterectomy),No,No,1,1,Center,
2,8:26:41 AM,8:27:25 AM,00:44,TVH (Transvaginal hysterectomy),No,No,1,1,Center,
1,8:27:25 AM,8:27:26 AM,00:01,TVH (Transvaginal hysterectomy),No,No,1,1,Center,
2,8:27:26 AM,8:28:16 AM,00:50,TVH (Transvaginal hysterectomy),No,No,1,1,Center,
1,8:28:16 AM,8:28:19 AM,00:03,TVH (Transvaginal hysterectomy),No,No,1,1,Center,
17,8:28:19 AM,8:28:20 AM,00:01,TVH (Transvaginal hysterectomy),No,No,1,1,Center,
1,8:28:20 AM,8:28:29 AM,00:09,TVH (Transvaginal hysterectomy),No,No,1,1,Center,
2,8:28:29 AM,8:28:40 AM,00:11,TVH (Transvaginal hysterectomy),No,No,1,1,Center,
18,8:28:40 AM,8:28:54 AM,00:14,TVH (Transvaginal hysterectomy),No,No,1,1,Center,
2,8:28:54 AM,8:29:12 AM,00:18,TVH (Transvaginal hysterectomy),No,No,1,1,Center,
18,8:29:12 AM,8:29:29 AM,00:17,TVH (Transvaginal hysterectomy),No,No,1,1,Center,
2,8:29:29 AM,8:29:32 AM,00:03,TVH (Transvaginal hysterectomy),No,No,1,1,Center,
1,8:29:32 AM,8:30:39 AM,01:07,TVH (Transvaginal hysterectomy),No,No,1,1,Center,
2,8:30:39 AM,8:33:47 AM,03:08,TVH (Transvaginal hysterectomy),No,No,1,1,Center,
1,8:33:47 AM,8:33:48 AM,00:01,TVH (Transvaginal hysterectomy),No,No,1,1,Center,
2,8:33:48 AM,8:34:32 AM,00:44,TVH (Transvaginal hysterectomy),No,No,1,1,Center,
1,8:34:32 AM,8:34:33 AM,00:01,TVH (Transvaginal hysterectomy),No,No,1,1,Center,
17,8:34:33 AM,8:34:34 AM,00:01,TVH (Transvaginal hysterectomy),No,No,1,1,Center,
1,8:34:34 AM,8:34:41 AM,00:07,TVH (Transvaginal hysterectomy),No,No,1,1,Center,
2,8:34:41 AM,8:35:39 AM,00:58,TVH (Transvaginal hysterectomy),No,No,1,1,Center,
6,8:35:39 AM,8:35:41 AM,00:02,TVH (Transvaginal hysterectomy),No,No,1,1,Center,
2,8:35:41 AM,8:35:42 AM,00:01,TVH (Transvaginal hysterectomy),No,No,1,1,Center,
1,8:35:42 AM,8:35:42 AM,00:00,TVH (Transvaginal hysterectomy),No,No,1,1,Center,
2,8:35:42 AM,8:35:45 AM,00:03,TVH (Transvaginal hysterectomy),No,No,1,1,Center,
1,8:35:45 AM,8:35:50 AM,00:05,TVH (Transvaginal hysterectomy),No,No,1,1,Center,
2,8:35:50 AM,8:35:55 AM,00:05,TVH (Transvaginal hysterectomy),No,No,1,1,Center,
18,8:35:55 AM,8:35:56 AM,00:01,TVH (Transvaginal hysterectomy),No,No,1,1,Center,
2,8:35:56 AM,8:35:57 AM,00:01,TVH (Transvaginal hysterectomy),No,No,1,1,Center,
1,8:35:57 AM,8:35:58 AM,00:01,TVH (Transvaginal hysterectomy),No,No,1,1,Center,
2,8:35:58 AM,8:36:04 AM,00:06,TVH (Transvaginal hysterectomy),No,No,1,1,Center,
1,8:36:04 AM,8:36:04 AM,00:00,TVH (Transvaginal hysterectomy),No,No,1,1,Center,
2,8:36:04 AM,8:36:27 AM,00:23,TVH (Transvaginal hysterectomy),No,No,1,1,Center,
1,8:36:27 AM,8:36:27 AM,00:00,TVH (Transvaginal hysterectomy),No,No,1,1,Center,
2,8:36:27 AM,8:36:31 AM,00:04,TVH (Transvaginal hysterectomy),No,No,1,1,Center,
18,8:36:31 AM,8:36:37 AM,00:06,TVH (Transvaginal hysterectomy),No,No,1,1,Center,
22,8:36:37 AM,8:36:49 AM,00:12,TVH (Transvaginal hysterectomy),No,No,1,1,Center,
18,8:36:49 AM,8:36:50 AM,00:01,TVH (Transvaginal hysterectomy),No,No,1,1,Center,
2,8:36:50 AM,8:36:54 AM,00:04,TVH (Transvaginal hysterectomy),No,No,1,1,Center,
6,8:36:54 AM,8:36:57 AM,00:03,TVH (Transvaginal hysterectomy),No,No,1,1,Center,
22,8:36:57 AM,8:37:02 AM,00:05,TVH (Transvaginal hysterectomy),No,No,1,1,Center,
6,8:37:02 AM,8:37:04 AM,00:02,TVH (Transvaginal hysterectomy),No,No,1,1,Center,
2,8:37:04 AM,8:38:14 AM,01:10,TVH (Transvaginal hysterectomy),No,No,1,1,Center,
6,8:38:14 AM,8:38:17 AM,00:03,TVH (Transvaginal hysterectomy),No,No,1,1,Center,
14,8:38:17 AM,8:38:23 AM,00:06,TVH (Transvaginal hysterectomy),No,No,1,1,Center,
6,8:38:23 AM,8:38:26 AM,00:03,TVH (Transvaginal hysterectomy),No,No,1,1,Center,
5,8:38:26 AM,8:38:27 AM,00:01,TVH (Transvaginal hysterectomy),No,No,1,1,Center,
6,8:38:27 AM,8:38:28 AM,00:01,TVH (Transvaginal hysterectomy),No,No,1,1,Center,
5,8:38:28 AM,8:38:28 AM,00:00,TVH (Transvaginal hysterectomy),No,No,1,1,Center,
6,8:38:28 AM,8:38:43 AM,00:15,TVH (Transvaginal hysterectomy),No,No,1,1,Center,
14,8:38:43 AM,8:38:45 AM,00:02,TVH (Transvaginal hysterectomy),No,No,1,1,Center,
10,8:38:45 AM,8:38:54 AM,00:09,TVH (Transvaginal hysterectomy),No,No,1,1,Center,
2,8:38:54 AM,8:39:27 AM,00:33,TVH (Transvaginal hysterectomy),No,No,1,1,Center,
1,8:39:27 AM,8:39:36 AM,00:09,TVH (Transvaginal hysterectomy),No,No,1,1,Center,
17,8:39:36 AM,8:39:40 AM,00:04,TVH (Transvaginal hysterectomy),No,No,1,1,Center,
1,8:39:40 AM,8:39:41 AM,00:01,TVH (Transvaginal hysterectomy),No,No,1,1,Center,
2,8:39:41 AM,8:39:44 AM,00:03,TVH (Transvaginal hysterectomy),No,No,1,1,Center,
18,8:39:44 AM,8:39:55 AM,00:11,TVH (Transvaginal hysterectomy),No,No,1,1,Center,
22,8:39:55 AM,8:39:57 AM,00:02,TVH (Transvaginal hysterectomy),No,No,1,1,Center,
18,8:39:57 AM,8:39:58 AM,00:01,TVH (Transvaginal hysterectomy),No,No,1,1,Center,
2,8:39:58 AM,8:40:16 AM,00:18,TVH (Transvaginal hysterectomy),No,No,1,1,Center,
18,8:40:16 AM,8:40:18 AM,00:02,TVH (Transvaginal hysterectomy),No,No,1,1,Center,
22,8:40:18 AM,8:40:40 AM,00:22,TVH (Transvaginal hysterectomy),No,No,1,1,Center,
18,8:40:40 AM,8:41:05 AM,00:25,TVH (Transvaginal hysterectomy),No,No,1,1,Center,
2,8:41:05 AM,8:42:16 AM,01:11,TVH (Transvaginal hysterectomy),No,No,1,1,Center,
6,8:42:16 AM,8:43:34 AM,01:18,TVH (Transvaginal hysterectomy),No,No,1,1,Center,
2,8:43:34 AM,8:44:10 AM,00:36,TVH (Transvaginal hysterectomy),No,No,1,1,Center,
18,8:44:10 AM,8:44:14 AM,00:04,TVH (Transvaginal hysterectomy),No,No,1,1,Center,
2,8:44:14 AM,8:44:30 AM,00:16,TVH (Transvaginal hysterectomy),No,No,1,1,Center,
1,8:44:30 AM,8:44:31 AM,00:01,TVH (Transvaginal hysterectomy),No,No,1,1,Center,
2,8:44:31 AM,8:44:57 AM,00:26,TVH (Transvaginal hysterectomy),No,No,1,1,Center,
4,8:44:57 AM,8:45:09 AM,00:12,TVH (Transvaginal hysterectomy),No,No,1,1,Center,
2,8:45:09 AM,8:45:34 AM,00:25,TVH (Transvaginal hysterectomy),No,No,1,1,Center,
1,8:45:34 AM,8:45:35 AM,00:01,TVH (Transvaginal hysterectomy),No,No,1,1,Center,
2,8:45:35 AM,8:46:07 AM,00:32,TVH (Transvaginal hysterectomy),No,No,1,1,Center,
4,8:46:07 AM,8:46:10 AM,00:03,TVH (Transvaginal hysterectomy),No,No,1,1,Center,
2,8:46:10 AM,8:46:46 AM,00:36,TVH (Transvaginal hysterectomy),No,No,1,1,Center,
1,8:46:46 AM,8:46:48 AM,00:02,TVH (Transvaginal hysterectomy),No,No,1,1,Center,
17,8:46:48 AM,8:46:49 AM,00:01,TVH (Transvaginal hysterectomy),No,No,1,1,Center,
1,8:46:49 AM,8:46:50 AM,00:01,TVH (Transvaginal hysterectomy),No,No,1,1,Center,
2,8:46:50 AM,8:48:43 AM,01:53,TVH (Transvaginal hysterectomy),No,No,1,1,Center,
1,8:48:43 AM,8:48:45 AM,00:02,TVH (Transvaginal hysterectomy),No,No,1,1,Center,
2,8:48:45 AM,8:50:11 AM,01:26,TVH (Transvaginal hysterectomy),No,No,1,1,Center,
18,8:50:11 AM,8:50:13 AM,00:02,TVH (Transvaginal hysterectomy),No,No,1,1,Center,
2,8:50:13 AM,8:50:25 AM,00:12,TVH (Transvaginal hysterectomy),No,No,1,1,Center,
18,8:50:25 AM,8:50:30 AM,00:05,TVH (Transvaginal hysterectomy),No,No,1,1,Center,
2,8:50:30 AM,8:51:41 AM,01:11,TVH (Transvaginal hysterectomy),No,No,1,1,Center,
10,8:51:41 AM,8:51:43 AM,00:02,TVH (Transvaginal hysterectomy),No,No,1,1,Center,
14,8:51:43 AM,8:52:03 AM,00:20,TVH (Transvaginal hysterectomy),No,No,1,1,Center,
6,8:52:03 AM,8:52:13 AM,00:10,TVH (Transvaginal hysterectomy),No,No,1,1,Center,
2,8:52:13 AM,8:52:38 AM,00:25,TVH (Transvaginal hysterectomy),No,No,1,1,Center,
1,8:52:38 AM,8:52:42 AM,00:04,TVH (Transvaginal hysterectomy),No,No,1,1,Center,
17,8:52:42 AM,8:52:43 AM,00:01,TVH (Transvaginal hysterectomy),No,No,1,1,Center,
1,8:52:43 AM,8:52:47 AM,00:04,TVH (Transvaginal hysterectomy),No,No,1,1,Center,
2,8:52:47 AM,8:53:18 AM,00:31,TVH (Transvaginal hysterectomy),No,No,1,1,Center,
18,8:53:18 AM,8:53:19 AM,00:01,TVH (Transvaginal hysterectomy),No,No,1,1,Center,
2,8:53:19 AM,8:53:20 AM,00:01,TVH (Transvaginal hysterectomy),No,No,1,1,Center,
1,8:53:20 AM,8:53:20 AM,00:00,TVH (Transvaginal hysterectomy),No,No,1,1,Center,
2,8:53:20 AM,8:54:32 AM,01:12,TVH (Transvaginal hysterectomy),No,No,1,1,Center,
1,8:54:32 AM,8:54:35 AM,00:03,TVH (Transvaginal hysterectomy),No,No,1,1,Center,
2,8:54:35 AM,8:54:52 AM,00:17,TVH (Transvaginal hysterectomy),No,No,1,1,Center,
10,8:54:52 AM,8:55:20 AM,00:28,TVH (Transvaginal hysterectomy),No,No,1,1,Center,
2,8:55:20 AM,8:55:37 AM,00:17,TVH (Transvaginal hysterectomy),No,No,1,1,Center,
1,8:55:37 AM,8:55:39 AM,00:02,TVH (Transvaginal hysterectomy),No,No,1,1,Center,
17,8:55:39 AM,8:55:41 AM,00:02,TVH (Transvaginal hysterectomy),No,No,1,1,Center,
1,8:55:41 AM,8:55:41 AM,00:00,TVH (Transvaginal hysterectomy),No,No,1,1,Center,
2,8:55:41 AM,8:56:27 AM,00:46,TVH (Transvaginal hysterectomy),No,No,1,1,Center,
18,8:56:27 AM,8:56:49 AM,00:22,TVH (Transvaginal hysterectomy),No,No,1,1,Center,
2,8:56:49 AM,8:58:56 AM,02:07,TVH (Transvaginal hysterectomy),No,No,1,1,Center,
18,8:58:56 AM,8:59:01 AM,00:05,TVH (Transvaginal hysterectomy),No,No,1,1,Center,
2,8:59:01 AM,9:02:10 AM,03:09,TVH (Transvaginal hysterectomy),No,No,1,1,Center,
18,9:02:10 AM,9:02:11 AM,00:01,TVH (Transvaginal hysterectomy),No,No,1,1,Center,
2,9:02:11 AM,9:02:18 AM,00:07,TVH (Transvaginal hysterectomy),No,No,1,1,Center,
1,9:02:18 AM,9:02:20 AM,00:02,TVH (Transvaginal hysterectomy),No,No,1,1,Center,
2,9:02:20 AM,9:05:17 AM,02:57,TVH (Transvaginal hysterectomy),No,No,1,1,Center,
1,9:05:17 AM,9:05:19 AM,00:02,TVH (Transvaginal hysterectomy),No,No,1,1,Center,
2,9:05:19 AM,9:05:22 AM,00:03,TVH (Transvaginal hysterectomy),No,No,1,1,Center,
6,9:05:22 AM,9:05:24 AM,00:02,TVH (Transvaginal hysterectomy),No,No,1,1,Center,
2,9:05:24 AM,9:05:37 AM,00:13,TVH (Transvaginal hysterectomy),No,No,1,1,Center,
1,9:05:37 AM,9:05:37 AM,00:00,TVH (Transvaginal hysterectomy),No,No,1,1,Center,
2,9:06:55 AM,9:07:03 AM,00:08,BSO (Biateral salpingo-oophrectomy),No,No,2,2,Center,start assisting
1,9:07:03 AM,9:07:08 AM,00:05,BSO (Biateral salpingo-oophrectomy),No,No,2,2,Center,
2,9:07:08 AM,9:07:10 AM,00:02,BSO (Biateral salpingo-oophrectomy),No,No,2,2,Center,
18,9:07:10 AM,9:07:12 AM,00:02,BSO (Biateral salpingo-oophrectomy),No,No,2,2,Center,
2,9:07:12 AM,9:07:34 AM,00:22,BSO (Biateral salpingo-oophrectomy),No,No,2,2,Center,
6,9:07:34 AM,9:08:39 AM,01:05,BSO (Biateral salpingo-oophrectomy),No,No,2,2,Center,
5,9:08:39 AM,9:08:40 AM,00:01,BSO (Biateral salpingo-oophrectomy),No,No,3,2,Center,
1,9:08:40 AM,9:08:43 AM,00:03,BSO (Biateral salpingo-oophrectomy),No,No,3,2,Center,
2,9:08:43 AM,9:08:45 AM,00:02,BSO (Biateral salpingo-oophrectomy),No,No,3,2,Center,
6,9:08:45 AM,9:08:45 AM,00:00,BSO (Biateral salpingo-oophrectomy),No,No,3,2,Center,
14,9:08:45 AM,9:08:52 AM,00:07,BSO (Biateral salpingo-oophrectomy),No,No,3,2,Center,
6,9:08:52 AM,9:08:55 AM,00:03,BSO (Biateral salpingo-oophrectomy),No,No,3,2,Center,
2,9:08:55 AM,9:08:56 AM,00:01,BSO (Biateral salpingo-oophrectomy),No,No,3,2,Center,
1,9:08:56 AM,9:10:54 AM,01:58,BSO (Biateral salpingo-oophrectomy),No,No,3,2,Center,
9,9:32:17 AM,9:32:18 AM,00:01,USLS (Uterosacral ligament suspension),No,No,6,4,Left,
10,9:32:18 AM,9:32:26 AM,00:08,USLS (Uterosacral ligament suspension),No,No,6,4,Left,
14,9:32:26 AM,9:34:23 AM,01:57,USLS (Uterosacral ligament suspension),No,No,6,4,Left,
10,9:34:23 AM,9:35:12 AM,00:49,USLS (Uterosacral ligament suspension),No,No,6,4,Left,
2,9:35:12 AM,9:35:30 AM,00:18,USLS (Uterosacral ligament suspension),No,No,6,4,Left,
18,9:35:30 AM,9:37:12 AM,01:42,USLS (Uterosacral ligament suspension),No,No,6,4,Left,
2,9:37:12 AM,9:39:19 AM,02:07,USLS (Uterosacral ligament suspension),No,No,6,4,Left,
18,9:39:19 AM,9:39:34 AM,00:15,USLS (Uterosacral ligament suspension),No,No,6,4,Left,
22,9:39:34 AM,9:40:36 AM,01:02,USLS (Uterosacral ligament suspension),No,No,6,4,Left,
6,9:40:36 AM,9:40:37 AM,00:01,USLS (Uterosacral ligament suspension),No,No,6,4,Left,
2,9:40:37 AM,9:41:43 AM,01:06,USLS (Uterosacral ligament suspension),No,No,6,4,Left,
18,9:41:43 AM,9:41:46 AM,00:03,USLS (Uterosacral ligament suspension),No,No,6,4,Left,
22,9:41:46 AM,9:42:38 AM,00:52,USLS (Uterosacral ligament suspension),No,No,6,4,Left,
6,9:42:38 AM,9:42:39 AM,00:01,USLS (Uterosacral ligament suspension),No,No,6,4,Left,
2,9:42:39 AM,9:42:58 AM,00:19,USLS (Uterosacral ligament suspension),No,No,6,4,Left,
10,9:42:58 AM,9:42:59 AM,00:01,USLS (Uterosacral ligament suspension),No,No,6,4,Left,
2,9:42:59 AM,9:43:02 AM,00:03,USLS (Uterosacral ligament suspension),No,No,6,4,Left,
1,9:43:02 AM,9:43:07 AM,00:05,USLS (Uterosacral ligament suspension),No,No,6,4,Left,
17,9:43:07 AM,9:43:08 AM,00:01,USLS (Uterosacral ligament suspension),No,No,6,4,Left,
1,9:43:08 AM,9:43:10 AM,00:02,USLS (Uterosacral ligament suspension),No,No,6,4,Left,
2,9:43:10 AM,9:43:19 AM,00:09,USLS (Uterosacral ligament suspension),No,No,6,4,Left,
6,9:43:19 AM,9:43:25 AM,00:06,USLS (Uterosacral ligament suspension),No,No,6,4,Left,
2,9:43:25 AM,9:43:33 AM,00:08,USLS (Uterosacral ligament suspension),No,No,6,4,Left,
18,9:43:33 AM,9:43:50 AM,00:17,USLS (Uterosacral ligament suspension),No,No,6,4,Left,
20,9:43:50 AM,9:43:52 AM,00:02,USLS (Uterosacral ligament suspension),No,No,6,4,Left,
18,9:43:52 AM,9:43:58 AM,00:06,USLS (Uterosacral ligament suspension),No,No,6,4,Left,
22,9:43:58 AM,9:44:08 AM,00:10,USLS (Uterosacral ligament suspension),No,No,6,4,Left,
18,9:44:08 AM,9:44:32 AM,00:24,USLS (Uterosacral ligament suspension),No,No,6,4,Left,
22,9:44:32 AM,9:45:08 AM,00:36,USLS (Uterosacral ligament suspension),No,No,6,4,Left,
6,9:45:08 AM,9:45:14 AM,00:06,USLS (Uterosacral ligament suspension),No,No,6,4,Left,
5,9:45:14 AM,9:45:15 AM,00:01,USLS (Uterosacral ligament suspension),No,No,6,4,Left,
1,9:45:15 AM,9:45:19 AM,00:04,USLS (Uterosacral ligament suspension),No,No,6,4,Left,
17,9:45:19 AM,9:45:20 AM,00:01,USLS (Uterosacral ligament suspension),No,No,6,4,Left,
21,9:45:20 AM,9:45:22 AM,00:02,USLS (Uterosacral ligament suspension),No,No,6,4,Left,
17,9:45:22 AM,9:45:29 AM,00:07,USLS (Uterosacral ligament suspension),No,No,6,4,Left,
21,9:45:29 AM,9:46:25 AM,00:56,USLS (Uterosacral ligament suspension),No,No,6,4,Left,
22,9:46:25 AM,9:46:29 AM,00:04,USLS (Uterosacral ligament suspension),No,No,6,4,Left,
6,9:46:29 AM,9:46:30 AM,00:01,USLS (Uterosacral ligament suspension),No,No,6,4,Left,
2,9:46:30 AM,9:46:31 AM,00:01,USLS (Uterosacral ligament suspension),No,No,6,4,Left,
1,9:46:31 AM,9:46:34 AM,00:03,USLS (Uterosacral ligament suspension),No,No,6,4,Left,
3,9:46:34 AM,9:46:35 AM,00:01,USLS (Uterosacral ligament suspension),No,No,6,4,Left,
1,9:46:35 AM,9:46:45 AM,00:10,USLS (Uterosacral ligament suspension),No,No,6,4,Left,
17,9:46:45 AM,9:46:49 AM,00:04,USLS (Uterosacral ligament suspension),No,No,6,4,Left,
18,9:46:49 AM,9:47:00 AM,00:11,USLS (Uterosacral ligament suspension),No,No,6,4,Left,
2,9:47:00 AM,9:47:12 AM,00:12,USLS (Uterosacral ligament suspension),No,No,6,4,Left,
18,9:47:12 AM,9:47:14 AM,00:02,USLS (Uterosacral ligament suspension),No,No,6,4,Left,
22,9:47:14 AM,9:47:32 AM,00:18,USLS (Uterosacral ligament suspension),No,No,6,4,Left,
6,9:47:32 AM,9:47:36 AM,00:04,USLS (Uterosacral ligament suspension),No,No,6,4,Left,
5,9:47:36 AM,9:47:42 AM,00:06,USLS (Uterosacral ligament suspension),No,No,6,4,Left,
6,9:47:42 AM,9:48:52 AM,01:10,USLS (Uterosacral ligament suspension),No,No,6,4,Left,
22,9:48:52 AM,9:48:58 AM,00:06,USLS (Uterosacral ligament suspension),No,No,6,4,Left,
6,9:48:58 AM,9:49:20 AM,00:22,USLS (Uterosacral ligament suspension),No,No,6,4,Left,
22,9:49:20 AM,9:49:25 AM,00:05,USLS (Uterosacral ligament suspension),No,No,6,4,Left,
30,9:49:25 AM,9:49:26 AM,00:01,USLS (Uterosacral ligament suspension),No,No,6,4,Left,
14,9:49:26 AM,9:49:28 AM,00:02,USLS (Uterosacral ligament suspension),No,No,6,4,Left,
10,9:49:28 AM,9:49:31 AM,00:03,USLS (Uterosacral ligament suspension),No,No,6,4,Left,
2,9:49:31 AM,9:49:47 AM,00:16,USLS (Uterosacral ligament suspension),No,No,6,4,Left,
10,9:49:47 AM,9:49:58 AM,00:11,USLS (Uterosacral ligament suspension),No,No,6,4,Left,
2,9:49:58 AM,9:50:03 AM,00:05,USLS (Uterosacral ligament suspension),No,No,6,4,Left,
18,9:50:03 AM,9:50:13 AM,00:10,USLS (Uterosacral ligament suspension),No,No,6,4,Left,
22,9:50:13 AM,9:50:26 AM,00:13,USLS (Uterosacral ligament suspension),No,No,6,4,Left,
6,9:50:26 AM,9:51:31 AM,01:05,USLS (Uterosacral ligament suspension),No,No,6,4,Left,
5,9:51:31 AM,9:52:06 AM,00:35,USLS (Uterosacral ligament suspension),No,No,6,4,Left,
1,9:52:06 AM,9:52:06 AM,00:00,USLS (Uterosacral ligament suspension),No,No,6,4,Left,
2,9:54:35 AM,9:54:36 AM,00:01,AR (Anterior repair),No,No,7,5,Left,
6,9:54:36 AM,9:57:08 AM,02:32,AR (Anterior repair),No,No,7,5,Left,
5,9:57:08 AM,9:57:09 AM,00:01,AR (Anterior repair),No,No,7,5,Left,
1,9:57:09 AM,9:58:31 AM,01:22,AR (Anterior repair),No,No,7,5,Left,
2,9:58:31 AM,9:58:32 AM,00:01,AR (Anterior repair),No,No,7,5,Left,
6,9:58:32 AM,9:59:27 AM,00:55,AR (Anterior repair),No,No,7,5,Left,
5,9:59:27 AM,9:59:29 AM,00:02,AR (Anterior repair),No,No,7,5,Left,
1,9:59:29 AM,10:30:14 AM,30:45,AR (Anterior repair),No,No,7,5,Left,
2,10:56:23 AM,10:56:33 AM,00:10,Cysto (Cystoscopy),No,No,12,9,Center,
1,10:56:33 AM,10:56:41 AM,00:08,Cysto (Cystoscopy),No,No,12,9,Center,
2,10:56:41 AM,10:56:43 AM,00:02,Cysto (Cystoscopy),No,No,12,9,Center,
1,10:56:43 AM,10:57:02 AM,00:19,Cysto (Cystoscopy),No,No,12,9,Center,
2,10:57:02 AM,10:57:06 AM,00:04,Cysto (Cystoscopy),No,No,12,9,Center,
18,10:57:06 AM,10:57:07 AM,00:01,Cysto (Cystoscopy),No,No,12,9,Center,
17,10:57:07 AM,10:57:09 AM,00:02,Cysto (Cystoscopy),No,No,12,9,Center,
1,10:57:09 AM,10:57:15 AM,00:06,Cysto (Cystoscopy),No,No,12,9,Center,
17,10:57:15 AM,10:57:24 AM,00:09,Cysto (Cystoscopy),No,No,12,9,Center,
18,10:57:24 AM,10:57:25 AM,00:01,Cysto (Cystoscopy),No,No,12,9,Center,
2,10:57:25 AM,10:57:46 AM,00:21,Cysto (Cystoscopy),No,No,12,9,Center,
1,10:57:46 AM,10:57:52 AM,00:06,Cysto (Cystoscopy),No,No,12,9,Center,
2,10:57:52 AM,10:57:54 AM,00:02,Cysto (Cystoscopy),No,No,12,9,Center,
1,10:57:54 AM,10:59:37 AM,01:43,Cysto (Cystoscopy),No,No,12,9,Center,
2,10:59:37 AM,10:59:38 AM,00:01,Cysto (Cystoscopy),No,No,12,9,Center,
1,10:59:38 AM,11:01:17 AM,01:39,Cysto (Cystoscopy),No,No,12,9,Center,
17,11:01:17 AM,11:01:42 AM,00:25,Cysto (Cystoscopy),No,No,12,9,Center,
1,11:01:42 AM,11:01:51 AM,00:09,Cysto (Cystoscopy),No,No,12,9,Center,
17,11:01:51 AM,11:01:53 AM,00:02,Cysto (Cystoscopy),No,No,12,9,Center,
1,11:01:53 AM,11:03:14 AM,01:21,Cysto (Cystoscopy),No,No,12,9,Center,
2,11:06:46 AM,11:06:50 AM,00:04,USLS (Uterosacral ligament suspension),No,No,14,10,Center,
1,11:06:50 AM,11:07:14 AM,00:24,USLS (Uterosacral ligament suspension),No,No,14,10,Center,
2,11:07:14 AM,11:07:34 AM,00:20,USLS (Uterosacral ligament suspension),No,No,14,10,Center,
1,11:07:34 AM,11:07:38 AM,00:04,USLS (Uterosacral ligament suspension),No,No,14,10,Center,
2,11:07:38 AM,11:07:46 AM,00:08,USLS (Uterosacral ligament suspension),No,No,14,10,Center,
1,11:07:46 AM,11:08:17 AM,00:31,USLS (Uterosacral ligament suspension),No,No,14,10,Center,
2,11:08:17 AM,11:08:21 AM,00:04,USLS (Uterosacral ligament suspension),No,No,14,10,Center,
1,11:08:21 AM,11:08:49 AM,00:28,USLS (Uterosacral ligament suspension),No,No,14,10,Center,
2,11:08:49 AM,11:09:00 AM,00:11,USLS (Uterosacral ligament suspension),No,No,14,10,Center,
1,11:09:00 AM,11:09:13 AM,00:13,USLS (Uterosacral ligament suspension),No,No,14,10,Center,
2,11:09:13 AM,11:09:17 AM,00:04,USLS (Uterosacral ligament suspension),No,No,14,10,Center,
1,11:09:17 AM,11:09:38 AM,00:21,USLS (Uterosacral ligament suspension),No,No,14,10,Center,
2,11:09:38 AM,11:10:12 AM,00:34,USLS (Uterosacral ligament suspension),No,No,14,10,Center,
1,11:10:12 AM,11:10:19 AM,00:07,USLS (Uterosacral ligament suspension),No,No,14,10,Center,
2,11:10:19 AM,11:10:25 AM,00:06,USLS (Uterosacral ligament suspension),No,No,14,10,Center,
1,11:10:25 AM,11:10:39 AM,00:14,USLS (Uterosacral ligament suspension),No,No,14,10,Center,
2,11:10:39 AM,11:10:42 AM,00:03,USLS (Uterosacral ligament suspension),No,No,14,10,Center,
1,11:10:42 AM,11:11:18 AM,00:36,USLS (Uterosacral ligament suspension),No,No,14,10,Center,
2,11:11:18 AM,11:11:20 AM,00:02,USLS (Uterosacral ligament suspension),No,No,14,10,Center,
1,11:11:20 AM,11:11:50 AM,00:30,USLS (Uterosacral ligament suspension),No,No,14,10,Center,
2,11:11:50 AM,11:11:55 AM,00:05,USLS (Uterosacral ligament suspension),No,No,14,10,Center,
1,11:11:55 AM,11:12:28 AM,00:33,USLS (Uterosacral ligament suspension),No,No,14,10,Center,
2,11:12:28 AM,11:12:35 AM,00:07,USLS (Uterosacral ligament suspension),No,No,14,10,Center,
1,11:12:35 AM,11:13:02 AM,00:27,USLS (Uterosacral ligament suspension),No,No,14,10,Center,
17,11:13:02 AM,11:13:04 AM,00:02,USLS (Uterosacral ligament suspension),No,No,14,10,Center,
1,11:13:04 AM,11:13:20 AM,00:16,USLS (Uterosacral ligament suspension),No,No,14,10,Center,
17,11:13:20 AM,11:13:20 AM,00:00,USLS (Uterosacral ligament suspension),No,No,14,10,Center,
1,11:13:20 AM,11:13:33 AM,00:13,USLS (Uterosacral ligament suspension),No,No,14,10,Center,
2,11:13:33 AM,11:13:36 AM,00:03,USLS (Uterosacral ligament suspension),No,No,14,10,Center,
18,11:13:36 AM,11:13:59 AM,00:23,USLS (Uterosacral ligament suspension),No,No,14,10,Center,
2,11:13:59 AM,11:14:00 AM,00:01,USLS (Uterosacral ligament suspension),No,No,14,10,Center,
1,11:14:00 AM,11:15:31 AM,01:31,USLS (Uterosacral ligament suspension),No,No,14,10,Center,
2,11:15:31 AM,11:15:44 AM,00:13,USLS (Uterosacral ligament suspension),No,No,14,10,Center,
1,11:15:44 AM,11:16:30 AM,00:46,USLS (Uterosacral ligament suspension),No,No,14,10,Center,
2,11:16:30 AM,11:16:35 AM,00:05,USLS (Uterosacral ligament suspension),No,No,14,10,Center,
1,11:16:35 AM,11:16:52 AM,00:17,USLS (Uterosacral ligament suspension),No,No,14,10,Center,
2,11:16:52 AM,11:17:12 AM,00:20,USLS (Uterosacral ligament suspension),No,No,14,10,Center,
1,11:17:12 AM,11:17:22 AM,00:10,USLS (Uterosacral ligament suspension),No,No,14,10,Center,
2,11:17:22 AM,11:17:29 AM,00:07,USLS (Uterosacral ligament suspension),No,No,14,10,Center,
1,11:17:29 AM,11:24:56 AM,07:27,USLS (Uterosacral ligament suspension),No,No,14,10,Center,
17,11:38:48 AM,11:38:49 AM,00:01,PR (Posterior repair),No,No,15,11,Center,
1,11:38:49 AM,11:39:38 AM,00:49,PR (Posterior repair),No,No,15,11,Center,
2,11:39:38 AM,11:39:46 AM,00:08,PR (Posterior repair),No,No,15,11,Center,
1,11:39:46 AM,11:40:23 AM,00:37,PR (Posterior repair),No,No,15,11,Center,
2,11:40:23 AM,11:40:26 AM,00:03,PR (Posterior repair),No,No,15,11,Center,
1,11:40:26 AM,11:40:46 AM,00:20,PR (Posterior repair),No,No,15,11,Center,
2,11:40:46 AM,11:40:57 AM,00:11,PR (Posterior repair),No,No,15,11,Center,
1,11:40:57 AM,11:41:03 AM,00:06,PR (Posterior repair),No,No,15,11,Center,
2,11:41:03 AM,11:41:06 AM,00:03,PR (Posterior repair),No,No,15,11,Center,
1,11:41:06 AM,11:41:28 AM,00:22,PR (Posterior repair),No,No,15,11,Center,
2,11:41:28 AM,11:41:30 AM,00:02,PR (Posterior repair),No,No,15,11,Center,
1,11:41:30 AM,11:41:36 AM,00:06,PR (Posterior repair),No,No,15,11,Center,
2,11:41:36 AM,11:41:40 AM,00:04,PR (Posterior repair),No,No,15,11,Center,
1,11:41:40 AM,11:42:07 AM,00:27,PR (Posterior repair),No,No,15,11,Center,
2,11:42:07 AM,11:42:13 AM,00:06,PR (Posterior repair),No,No,15,11,Center,
1,11:42:13 AM,11:42:48 AM,00:35,PR (Posterior repair),No,No,15,11,Center,
2,11:42:48 AM,11:42:54 AM,00:06,PR (Posterior repair),No,No,15,11,Center,
1,11:42:54 AM,11:43:40 AM,00:46,PR (Posterior repair),No,No,15,11,Center,
2,11:43:40 AM,11:43:46 AM,00:06,PR (Posterior repair),No,No,15,11,Center,
1,11:43:46 AM,11:43:53 AM,00:07,PR (Posterior repair),No,No,15,11,Center,
2,11:43:53 AM,11:43:57 AM,00:04,PR (Posterior repair),No,No,15,11,Center,
1,11:43:57 AM,11:44:23 AM,00:26,PR (Posterior repair),No,No,15,11,Center,
2,11:44:23 AM,11:44:33 AM,00:10,PR (Posterior repair),No,No,15,11,Center,
1,11:44:33 AM,11:44:47 AM,00:14,PR (Posterior repair),No,No,15,11,Center,
2,11:45:59 AM,11:46:10 AM,00:11,PR (Posterior repair),No,No,15,11,Center,
1,11:46:10 AM,11:46:54 AM,00:44,PR (Posterior repair),No,No,15,11,Center,
2,11:46:54 AM,11:47:00 AM,00:06,PR (Posterior repair),No,No,15,11,Center,
1,11:47:00 AM,11:47:09 AM,00:09,PR (Posterior repair),No,No,15,11,Center,
2,11:47:09 AM,11:47:13 AM,00:04,PR (Posterior repair),No,No,15,11,Center,
1,11:47:13 AM,11:48:26 AM,01:13,PR (Posterior repair),No,No,15,11,Center,
2,11:48:26 AM,11:48:29 AM,00:03,PR (Posterior repair),No,No,15,11,Center,
1,11:48:29 AM,11:49:40 AM,01:11,PR (Posterior repair),No,No,15,11,Center,
2,11:49:40 AM,11:49:47 AM,00:07,PR (Posterior repair),No,No,15,11,Center,
1,11:49:47 AM,11:50:21 AM,00:34,PR (Posterior repair),No,No,15,11,Center,
2,11:50:21 AM,11:50:30 AM,00:09,PR (Posterior repair),No,No,15,11,Center,
1,11:50:30 AM,11:50:50 AM,00:20,PR (Posterior repair),No,No,15,11,Center,
2,11:50:50 AM,11:50:54 AM,00:04,PR (Posterior repair),No,No,15,11,Center,
1,11:50:54 AM,11:51:04 AM,00:10,PR (Posterior repair),No,No,15,11,Center,
2,11:51:04 AM,11:51:07 AM,00:03,PR (Posterior repair),No,No,15,11,Center,
1,11:51:07 AM,11:51:27 AM,00:20,PR (Posterior repair),No,No,15,11,Center,
2,11:51:27 AM,11:51:29 AM,00:02,PR (Posterior repair),No,No,15,11,Center,
1,11:51:29 AM,11:51:54 AM,00:25,PR (Posterior repair),No,No,15,11,Center,
2,11:51:54 AM,11:51:56 AM,00:02,PR (Posterior repair),No,No,15,11,Center,
1,11:51:56 AM,11:53:52 AM,01:56,PR (Posterior repair),No,No,15,11,Center,
2,11:53:52 AM,11:53:56 AM,00:04,PR (Posterior repair),No,No,15,11,Center,
1,11:53:56 AM,11:54:16 AM,00:20,PR (Posterior repair),No,No,15,11,Center,
2,11:54:16 AM,11:54:25 AM,00:09,PR (Posterior repair),No,No,15,11,Center,
1,11:54:25 AM,11:55:01 AM,00:36,PR (Posterior repair),No,No,15,11,Center,
2,11:55:01 AM,11:55:06 AM,00:05,PR (Posterior repair),No,No,15,11,Center,
1,11:55:06 AM,11:55:35 AM,00:29,PR (Posterior repair),No,No,15,11,Center,
2,11:55:35 AM,11:55:39 AM,00:04,PR (Posterior repair),No,No,15,11,Center,
1,11:55:39 AM,11:55:43 AM,00:04,PR (Posterior repair),No,No,15,11,Center,
2,11:55:43 AM,11:55:49 AM,00:06,PR (Posterior repair),No,No,15,11,Center,
1,11:55:49 AM,11:56:00 AM,00:11,PR (Posterior repair),No,No,15,11,Center,
2,11:56:00 AM,11:56:08 AM,00:08,PR (Posterior repair),No,No,15,11,Center,
1,11:56:08 AM,11:56:30 AM,00:22,PR (Posterior repair),No,No,15,11,Center,
2,11:56:30 AM,11:56:34 AM,00:04,PR (Posterior repair),No,No,15,11,Center,
1,11:56:34 AM,11:57:07 AM,00:33,PR (Posterior repair),No,No,15,11,Center,
2,11:57:07 AM,11:57:25 AM,00:18,PR (Posterior repair),No,No,15,11,Center,
1,11:57:25 AM,11:57:33 AM,00:08,PR (Posterior repair),No,No,15,11,Center,
2,11:57:33 AM,11:57:53 AM,00:20,PR (Posterior repair),No,No,15,11,Center,
1,11:57:53 AM,11:58:56 AM,01:03,PR (Posterior repair),No,No,15,11,Center,
17,11:58:56 AM,11:58:59 AM,00:03,PR (Posterior repair),No,No,15,11,Center,
1,11:58:59 AM,11:58:59 AM,00:00,PR (Posterior repair),No,No,15,11,Center,
2,11:58:59 AM,11:59:11 AM,00:12,PR (Posterior repair),No,No,15,11,Center,
1,11:59:11 AM,12:00:20 PM,01:09,PR (Posterior repair),No,No,15,11,Center,
2,12:00:20 PM,12:00:22 PM,00:02,PR (Posterior repair),No,No,15,11,Center,
1,12:00:22 PM,12:00:29 PM,00:07,PR (Posterior repair),No,No,15,11,Center,
2,12:00:29 PM,12:00:36 PM,00:07,PR (Posterior repair),No,No,15,11,Center,
1,12:00:36 PM,12:01:03 PM,00:27,PR (Posterior repair),No,No,15,11,Center,
17,12:01:03 PM,12:01:11 PM,00:08,PR (Posterior repair),No,No,15,11,Center,
1,12:01:11 PM,12:01:41 PM,00:30,PR (Posterior repair),No,No,15,11,Center,
2,12:01:41 PM,12:01:50 PM,00:09,PR (Posterior repair),No,No,15,11,Center,
1,12:01:50 PM,12:02:01 PM,00:11,PR (Posterior repair),No,No,15,11,Center,
2,12:02:01 PM,12:02:10 PM,00:09,PR (Posterior repair),No,No,15,11,Center,
1,12:02:10 PM,12:02:10 PM,00:00,PR (Posterior repair),No,No,15,11,Center,
2,12:02:10 PM,12:02:11 PM,00:01,PR (Posterior repair),No,No,15,11,Center,
1,12:02:11 PM,12:03:17 PM,01:06,PR (Posterior repair),No,No,15,11,Center,
17,12:03:17 PM,12:03:20 PM,00:03,PR (Posterior repair),No,No,15,11,Center,
1,12:03:20 PM,12:03:21 PM,00:01,PR (Posterior repair),No,No,15,11,Center,
2,12:03:21 PM,12:03:23 PM,00:02,PR (Posterior repair),No,No,15,11,Center,
1,12:03:23 PM,12:03:32 PM,00:09,PR (Posterior repair),No,No,15,11,Center,
2,12:03:32 PM,12:03:36 PM,00:04,PR (Posterior repair),No,No,15,11,Center,
1,12:03:36 PM,12:04:19 PM,00:43,PR (Posterior repair),No,No,15,11,Center,
2,12:04:19 PM,12:04:24 PM,00:05,PR (Posterior repair),No,No,15,11,Center,
1,12:04:24 PM,12:05:12 PM,00:48,PR (Posterior repair),No,No,15,11,Center,
2,12:05:12 PM,12:05:12 PM,00:00,PR (Posterior repair),No,No,15,11,Center,
1,12:05:12 PM,12:05:13 PM,00:01,PR (Posterior repair),No,No,15,11,Center,
2,12:05:13 PM,12:05:14 PM,00:01,PR (Posterior repair),No,No,15,11,Center,
1,12:05:14 PM,12:05:59 PM,00:45,PR (Posterior repair),No,No,15,11,Center,
2,12:05:59 PM,12:06:01 PM,00:02,PR (Posterior repair),No,No,15,11,Center,
1,12:06:01 PM,12:06:32 PM,00:31,PR (Posterior repair),No,No,15,11,Center,
2,12:06:32 PM,12:06:48 PM,00:16,PR (Posterior repair),No,No,15,11,Center,
1,12:06:48 PM,12:07:05 PM,00:17,PR (Posterior repair),No,No,15,11,Center,
2,12:07:05 PM,12:07:22 PM,00:17,PR (Posterior repair),No,No,15,11,Center,
1,12:07:22 PM,12:07:33 PM,00:11,PR (Posterior repair),No,No,15,11,Center,
2,12:07:33 PM,12:07:35 PM,00:02,PR (Posterior repair),No,No,15,11,Center,
1,12:07:35 PM,12:07:38 PM,00:03,PR (Posterior repair),No,No,15,11,Center,
17,12:07:38 PM,12:07:39 PM,00:01,PR (Posterior repair),No,No,15,11,Center,
1,12:07:39 PM,12:08:10 PM,00:31,PR (Posterior repair),No,No,15,11,Center,
2,12:08:10 PM,12:08:12 PM,00:02,PR (Posterior repair),No,No,15,11,Center,
1,12:08:12 PM,12:09:07 PM,00:55,PR (Posterior repair),No,No,15,11,Center,
2,12:09:07 PM,12:09:14 PM,00:07,PR (Posterior repair),No,No,15,11,Center,
1,12:09:14 PM,12:09:26 PM,00:12,PR (Posterior repair),No,No,15,11,Center,
2,12:09:26 PM,12:09:28 PM,00:02,PR (Posterior repair),No,No,15,11,Center,
1,12:09:28 PM,12:10:52 PM,01:24,PR (Posterior repair),No,No,15,11,Center,
