Posture Code,Start ,End,Duration,Task Code,Stool Usage,Sitting,Bed Code,Patient Code,Location
1,8:12:21 AM,8:18:39 AM,06:18,TVH (Transvaginal hysterectomy),No,No,1,1,Left
17,8:18:39 AM,8:18:42 AM,00:03,TVH (Transvaginal hysterectomy),No,No,2,1,Left
18,8:18:42 AM,8:18:46 AM,00:04,TVH (Transvaginal hysterectomy),No,No,2,1,Left
26,8:18:46 AM,8:18:51 AM,00:05,TVH (Transvaginal hysterectomy),No,No,2,1,Left
25,8:18:51 AM,8:19:02 AM,00:11,TVH (Transvaginal hysterectomy),No,No,2,1,Left
17,8:19:02 AM,8:19:03 AM,00:01,TVH (Transvaginal hysterectomy),No,No,2,1,Left
1,8:19:03 AM,8:19:13 AM,00:10,TVH (Transvaginal hysterectomy),No,No,2,1,Left
17,8:19:13 AM,8:19:26 AM,00:13,TVH (Transvaginal hysterectomy),No,No,2,1,Left
21,8:19:26 AM,8:19:28 AM,00:02,TVH (Transvaginal hysterectomy),No,No,2,1,Left
5,8:19:28 AM,8:19:31 AM,00:03,TVH (Transvaginal hysterectomy),No,No,2,1,Left
1,8:19:31 AM,8:19:33 AM,00:02,TVH (Transvaginal hysterectomy),No,No,2,1,Left
17,8:19:33 AM,8:19:34 AM,00:01,TVH (Transvaginal hysterectomy),No,No,2,1,Left
1,8:19:34 AM,8:19:47 AM,00:13,TVH (Transvaginal hysterectomy),No,No,2,1,Left
3,8:19:47 AM,8:19:51 AM,00:04,TVH (Transvaginal hysterectomy),No,No,2,1,Left
1,8:19:51 AM,8:19:59 AM,00:08,TVH (Transvaginal hysterectomy),No,No,2,1,Left
3,8:19:59 AM,8:20:03 AM,00:04,TVH (Transvaginal hysterectomy),No,No,2,1,Left
1,8:20:03 AM,8:20:22 AM,00:19,TVH (Transvaginal hysterectomy),No,No,2,1,Left
3,8:20:22 AM,8:20:24 AM,00:02,TVH (Transvaginal hysterectomy),No,No,2,1,Left
1,8:20:24 AM,8:20:25 AM,00:01,TVH (Transvaginal hysterectomy),No,No,2,1,Left
17,8:20:25 AM,8:20:29 AM,00:04,TVH (Transvaginal hysterectomy),No,No,2,1,Left
19,8:20:29 AM,8:20:35 AM,00:06,TVH (Transvaginal hysterectomy),No,No,2,1,Left
17,8:20:35 AM,8:20:41 AM,00:06,TVH (Transvaginal hysterectomy),No,No,2,1,Left
18,8:20:41 AM,8:20:46 AM,00:05,TVH (Transvaginal hysterectomy),No,No,2,1,Left
17,8:20:46 AM,8:21:35 AM,00:49,TVH (Transvaginal hysterectomy),No,No,2,1,Left
19,8:21:35 AM,8:21:35 AM,00:00,TVH (Transvaginal hysterectomy),No,No,2,1,Left
17,8:21:35 AM,8:21:36 AM,00:01,TVH (Transvaginal hysterectomy),No,No,2,1,Left
19,8:21:36 AM,8:21:38 AM,00:02,TVH (Transvaginal hysterectomy),No,No,2,1,Left
17,8:21:38 AM,8:22:04 AM,00:26,TVH (Transvaginal hysterectomy),No,No,2,1,Left
19,8:22:04 AM,8:22:05 AM,00:01,TVH (Transvaginal hysterectomy),No,No,2,1,Left
17,8:22:05 AM,8:22:15 AM,00:10,TVH (Transvaginal hysterectomy),No,No,2,1,Left
19,8:22:15 AM,8:22:17 AM,00:02,TVH (Transvaginal hysterectomy),No,No,2,1,Left
17,8:22:17 AM,8:22:30 AM,00:13,TVH (Transvaginal hysterectomy),No,No,2,1,Left
19,8:22:30 AM,8:22:34 AM,00:04,TVH (Transvaginal hysterectomy),No,No,2,1,Left
17,8:22:34 AM,8:22:37 AM,00:03,TVH (Transvaginal hysterectomy),No,No,2,1,Left
18,8:22:37 AM,8:22:40 AM,00:03,TVH (Transvaginal hysterectomy),No,No,2,1,Left
22,8:22:40 AM,8:22:45 AM,00:05,TVH (Transvaginal hysterectomy),No,No,2,1,Left
21,8:22:45 AM,8:22:45 AM,00:00,TVH (Transvaginal hysterectomy),No,No,2,1,Left
17,8:22:45 AM,8:22:59 AM,00:14,TVH (Transvaginal hysterectomy),No,No,2,1,Left
19,8:22:59 AM,8:23:05 AM,00:06,TVH (Transvaginal hysterectomy),No,No,2,1,Left
23,8:23:05 AM,8:23:14 AM,00:09,TVH (Transvaginal hysterectomy),No,No,2,1,Left
19,8:23:14 AM,8:23:27 AM,00:13,TVH (Transvaginal hysterectomy),No,No,2,1,Left
17,8:23:27 AM,8:24:17 AM,00:50,TVH (Transvaginal hysterectomy),No,No,2,1,Left
21,8:24:17 AM,8:24:20 AM,00:03,TVH (Transvaginal hysterectomy),No,No,2,1,Left
23,8:24:20 AM,8:24:20 AM,00:00,TVH (Transvaginal hysterectomy),No,No,2,1,Left
19,8:24:20 AM,8:24:22 AM,00:02,TVH (Transvaginal hysterectomy),No,No,2,1,Left
17,8:24:22 AM,8:24:36 AM,00:14,TVH (Transvaginal hysterectomy),No,No,2,1,Left
19,8:24:36 AM,8:24:38 AM,00:02,TVH (Transvaginal hysterectomy),No,No,2,1,Left
17,8:24:38 AM,8:25:05 AM,00:27,TVH (Transvaginal hysterectomy),No,No,2,1,Left
21,8:25:05 AM,8:25:07 AM,00:02,TVH (Transvaginal hysterectomy),No,No,2,1,Left
17,8:25:07 AM,8:25:11 AM,00:04,TVH (Transvaginal hysterectomy),No,No,2,1,Left
19,8:25:11 AM,8:25:13 AM,00:02,TVH (Transvaginal hysterectomy),No,No,2,1,Left
17,8:25:13 AM,8:25:14 AM,00:01,TVH (Transvaginal hysterectomy),No,No,2,1,Left
19,8:25:14 AM,8:25:17 AM,00:03,TVH (Transvaginal hysterectomy),No,No,2,1,Left
23,8:25:17 AM,8:25:22 AM,00:05,TVH (Transvaginal hysterectomy),No,No,2,1,Left
24,8:25:22 AM,8:25:30 AM,00:08,TVH (Transvaginal hysterectomy),No,No,2,1,Left
23,8:25:30 AM,8:25:35 AM,00:05,TVH (Transvaginal hysterectomy),No,No,2,1,Left
21,8:25:35 AM,8:25:36 AM,00:01,TVH (Transvaginal hysterectomy),No,No,2,1,Left
17,8:25:36 AM,8:26:03 AM,00:27,TVH (Transvaginal hysterectomy),No,No,2,1,Left
21,8:26:03 AM,8:26:05 AM,00:02,TVH (Transvaginal hysterectomy),No,No,2,1,Left
17,8:26:05 AM,8:27:03 AM,00:58,TVH (Transvaginal hysterectomy),No,No,2,1,Left
19,8:27:03 AM,8:27:04 AM,00:01,TVH (Transvaginal hysterectomy),No,No,2,1,Left
17,8:27:04 AM,8:27:12 AM,00:08,TVH (Transvaginal hysterectomy),No,No,2,1,Left
19,8:27:12 AM,8:27:13 AM,00:01,TVH (Transvaginal hysterectomy),No,No,2,1,Left
17,8:27:13 AM,8:27:18 AM,00:05,TVH (Transvaginal hysterectomy),No,No,2,1,Left
21,8:27:18 AM,8:27:19 AM,00:01,TVH (Transvaginal hysterectomy),No,No,2,1,Left
22,8:27:19 AM,8:27:29 AM,00:10,TVH (Transvaginal hysterectomy),No,No,2,1,Left
21,8:27:29 AM,8:27:30 AM,00:01,TVH (Transvaginal hysterectomy),No,No,2,1,Left
17,8:27:30 AM,8:27:46 AM,00:16,TVH (Transvaginal hysterectomy),No,No,2,1,Left
19,8:27:46 AM,8:27:48 AM,00:02,TVH (Transvaginal hysterectomy),No,No,2,1,Left
20,8:27:48 AM,8:27:53 AM,00:05,TVH (Transvaginal hysterectomy),No,No,2,1,Left
24,8:27:53 AM,8:27:54 AM,00:01,TVH (Transvaginal hysterectomy),No,No,2,1,Left
20,8:27:54 AM,8:27:55 AM,00:01,TVH (Transvaginal hysterectomy),No,No,2,1,Left
18,8:27:55 AM,8:27:57 AM,00:02,TVH (Transvaginal hysterectomy),No,No,2,1,Left
22,8:27:57 AM,8:27:58 AM,00:01,TVH (Transvaginal hysterectomy),No,No,2,1,Left
18,8:27:58 AM,8:28:37 AM,00:39,TVH (Transvaginal hysterectomy),No,No,2,1,Left
20,8:28:37 AM,8:28:38 AM,00:01,TVH (Transvaginal hysterectomy),No,No,2,1,Left
24,8:28:38 AM,8:28:42 AM,00:04,TVH (Transvaginal hysterectomy),No,No,2,1,Left
22,8:28:42 AM,8:28:43 AM,00:01,TVH (Transvaginal hysterectomy),No,No,2,1,Left
18,8:28:43 AM,8:28:43 AM,00:00,TVH (Transvaginal hysterectomy),No,No,2,1,Left
17,8:28:43 AM,8:28:44 AM,00:01,TVH (Transvaginal hysterectomy),No,No,2,1,Left
19,8:28:44 AM,8:28:45 AM,00:01,TVH (Transvaginal hysterectomy),No,No,2,1,Left
23,8:28:45 AM,8:28:45 AM,00:00,TVH (Transvaginal hysterectomy),No,No,2,1,Left
24,8:28:45 AM,8:28:49 AM,00:04,TVH (Transvaginal hysterectomy),No,No,2,1,Left
22,8:28:49 AM,8:28:49 AM,00:00,TVH (Transvaginal hysterectomy),No,No,2,1,Left
18,8:28:49 AM,8:28:50 AM,00:01,TVH (Transvaginal hysterectomy),No,No,2,1,Left
17,8:28:50 AM,8:28:53 AM,00:03,TVH (Transvaginal hysterectomy),No,No,2,1,Left
1,8:28:53 AM,8:28:59 AM,00:06,TVH (Transvaginal hysterectomy),No,No,2,1,Left
3,8:28:59 AM,8:29:00 AM,00:01,TVH (Transvaginal hysterectomy),No,No,2,1,Left
7,8:29:00 AM,8:29:01 AM,00:01,TVH (Transvaginal hysterectomy),No,No,2,1,Left
8,8:29:01 AM,8:29:04 AM,00:03,TVH (Transvaginal hysterectomy),No,No,2,1,Left
24,8:29:04 AM,8:29:12 AM,00:08,TVH (Transvaginal hysterectomy),No,No,2,1,Left
22,8:29:12 AM,8:29:14 AM,00:02,TVH (Transvaginal hysterectomy),No,No,2,1,Left
18,8:29:14 AM,8:29:14 AM,00:00,TVH (Transvaginal hysterectomy),No,No,2,1,Left
17,8:29:14 AM,8:29:30 AM,00:16,TVH (Transvaginal hysterectomy),No,No,2,1,Left
21,8:29:30 AM,8:29:35 AM,00:05,TVH (Transvaginal hysterectomy),No,No,2,1,Left
17,8:29:35 AM,8:31:27 AM,01:52,TVH (Transvaginal hysterectomy),No,No,2,1,Left
1,8:31:27 AM,8:32:07 AM,00:40,TVH (Transvaginal hysterectomy),No,No,3,1,Left
3,8:32:07 AM,8:32:11 AM,00:04,TVH (Transvaginal hysterectomy),No,No,3,1,Left
19,8:32:11 AM,8:32:12 AM,00:01,TVH (Transvaginal hysterectomy),No,No,3,1,Left
17,8:32:12 AM,8:32:21 AM,00:09,TVH (Transvaginal hysterectomy),No,No,3,1,Left
19,8:32:21 AM,8:32:22 AM,00:01,TVH (Transvaginal hysterectomy),No,No,3,1,Left
3,8:32:22 AM,8:32:28 AM,00:06,TVH (Transvaginal hysterectomy),No,No,3,1,Left
7,8:32:28 AM,8:32:29 AM,00:01,TVH (Transvaginal hysterectomy),No,No,3,1,Left
8,8:32:29 AM,8:32:42 AM,00:13,TVH (Transvaginal hysterectomy),No,No,3,1,Left
4,8:32:42 AM,8:32:43 AM,00:01,TVH (Transvaginal hysterectomy),No,No,3,1,Left
2,8:32:43 AM,8:32:44 AM,00:01,TVH (Transvaginal hysterectomy),No,No,3,1,Left
6,8:32:44 AM,8:32:47 AM,00:03,TVH (Transvaginal hysterectomy),No,No,3,1,Left
14,8:32:47 AM,8:32:54 AM,00:07,TVH (Transvaginal hysterectomy),No,No,3,1,Left
13,8:32:54 AM,8:32:55 AM,00:01,TVH (Transvaginal hysterectomy),No,No,3,1,Left
5,8:32:55 AM,8:32:55 AM,00:00,TVH (Transvaginal hysterectomy),No,No,3,1,Left
1,8:32:55 AM,8:33:12 AM,00:17,TVH (Transvaginal hysterectomy),No,No,3,1,Left
17,8:33:12 AM,8:35:21 AM,02:09,TVH (Transvaginal hysterectomy),No,No,3,1,Left
19,8:35:21 AM,8:35:22 AM,00:01,TVH (Transvaginal hysterectomy),No,No,4,1,Left
17,8:35:22 AM,8:36:32 AM,01:10,TVH (Transvaginal hysterectomy),No,No,4,1,Left
19,8:36:32 AM,8:36:32 AM,00:00,TVH (Transvaginal hysterectomy),No,No,4,1,Left
23,8:36:32 AM,8:36:33 AM,00:01,TVH (Transvaginal hysterectomy),No,No,4,1,Left
19,8:36:33 AM,8:36:34 AM,00:01,TVH (Transvaginal hysterectomy),No,No,4,1,Left
17,8:36:34 AM,8:36:43 AM,00:09,TVH (Transvaginal hysterectomy),No,No,4,1,Left
19,8:36:43 AM,8:36:44 AM,00:01,TVH (Transvaginal hysterectomy),No,No,4,1,Left
23,8:36:44 AM,8:36:45 AM,00:01,TVH (Transvaginal hysterectomy),No,No,4,1,Left
21,8:36:45 AM,8:36:46 AM,00:01,TVH (Transvaginal hysterectomy),No,No,4,1,Left
17,8:36:46 AM,8:36:56 AM,00:10,TVH (Transvaginal hysterectomy),No,No,4,1,Left
21,8:36:56 AM,8:36:57 AM,00:01,TVH (Transvaginal hysterectomy),No,No,4,1,Left
22,8:36:57 AM,8:36:59 AM,00:02,TVH (Transvaginal hysterectomy),No,No,4,1,Left
21,8:36:59 AM,8:37:00 AM,00:01,TVH (Transvaginal hysterectomy),No,No,4,1,Left
17,8:37:00 AM,8:37:34 AM,00:34,TVH (Transvaginal hysterectomy),No,No,4,1,Left
1,8:37:34 AM,8:37:35 AM,00:01,TVH (Transvaginal hysterectomy),No,No,4,1,Left
3,8:37:35 AM,8:37:36 AM,00:01,TVH (Transvaginal hysterectomy),No,No,4,1,Left
7,8:37:36 AM,8:37:37 AM,00:01,TVH (Transvaginal hysterectomy),No,No,4,1,Left
8,8:37:37 AM,8:37:40 AM,00:03,TVH (Transvaginal hysterectomy),No,No,4,1,Left
7,8:37:40 AM,8:37:41 AM,00:01,TVH (Transvaginal hysterectomy),No,No,4,1,Left
5,8:37:41 AM,8:37:41 AM,00:00,TVH (Transvaginal hysterectomy),No,No,4,1,Left
1,8:37:41 AM,8:37:50 AM,00:09,TVH (Transvaginal hysterectomy),No,No,4,1,Left
17,8:37:50 AM,8:37:52 AM,00:02,TVH (Transvaginal hysterectomy),No,No,4,1,Left
1,8:37:52 AM,8:37:55 AM,00:03,TVH (Transvaginal hysterectomy),No,No,4,1,Left
17,8:37:55 AM,8:37:57 AM,00:02,TVH (Transvaginal hysterectomy),No,No,4,1,Left
19,8:37:57 AM,8:37:58 AM,00:01,TVH (Transvaginal hysterectomy),No,No,4,1,Left
20,8:37:58 AM,8:37:59 AM,00:01,TVH (Transvaginal hysterectomy),No,No,4,1,Left
18,8:37:59 AM,8:38:00 AM,00:01,TVH (Transvaginal hysterectomy),No,No,4,1,Left
17,8:38:00 AM,8:38:28 AM,00:28,TVH (Transvaginal hysterectomy),No,No,4,1,Left
19,8:38:28 AM,8:38:29 AM,00:01,TVH (Transvaginal hysterectomy),No,No,4,1,Left
20,8:38:29 AM,8:38:31 AM,00:02,TVH (Transvaginal hysterectomy),No,No,4,1,Left
19,8:38:31 AM,8:38:32 AM,00:01,TVH (Transvaginal hysterectomy),No,No,4,1,Left
20,8:38:32 AM,8:38:33 AM,00:01,TVH (Transvaginal hysterectomy),No,No,4,1,Left
18,8:38:33 AM,8:38:46 AM,00:13,TVH (Transvaginal hysterectomy),No,No,4,1,Left
17,8:38:46 AM,8:38:48 AM,00:02,TVH (Transvaginal hysterectomy),No,No,4,1,Left
1,8:38:48 AM,8:38:52 AM,00:04,TVH (Transvaginal hysterectomy),No,No,4,1,Left
3,8:38:52 AM,8:38:52 AM,00:00,TVH (Transvaginal hysterectomy),No,No,4,1,Left
4,8:38:52 AM,8:38:55 AM,00:03,TVH (Transvaginal hysterectomy),No,No,4,1,Left
2,8:38:55 AM,8:38:55 AM,00:00,TVH (Transvaginal hysterectomy),No,No,4,1,Left
1,8:38:55 AM,8:38:58 AM,00:03,TVH (Transvaginal hysterectomy),No,No,4,1,Left
17,8:38:58 AM,8:39:00 AM,00:02,TVH (Transvaginal hysterectomy),No,No,4,1,Left
19,8:39:00 AM,8:39:00 AM,00:00,TVH (Transvaginal hysterectomy),No,No,4,1,Left
20,8:39:00 AM,8:39:07 AM,00:07,TVH (Transvaginal hysterectomy),No,No,4,1,Left
18,8:39:07 AM,8:39:08 AM,00:01,TVH (Transvaginal hysterectomy),No,No,4,1,Left
17,8:39:08 AM,8:39:13 AM,00:05,TVH (Transvaginal hysterectomy),No,No,4,1,Left
18,8:39:13 AM,8:39:14 AM,00:01,TVH (Transvaginal hysterectomy),No,No,4,1,Left
17,8:39:14 AM,8:39:26 AM,00:12,TVH (Transvaginal hysterectomy),No,No,4,1,Left
19,8:39:26 AM,8:39:26 AM,00:00,TVH (Transvaginal hysterectomy),No,No,4,1,Left
20,8:39:26 AM,8:39:28 AM,00:02,TVH (Transvaginal hysterectomy),No,No,4,1,Left
19,8:39:28 AM,8:39:29 AM,00:01,TVH (Transvaginal hysterectomy),No,No,4,1,Left
17,8:39:29 AM,8:39:30 AM,00:01,TVH (Transvaginal hysterectomy),No,No,4,1,Left
19,8:39:30 AM,8:39:31 AM,00:01,TVH (Transvaginal hysterectomy),No,No,4,1,Left
20,8:39:31 AM,8:39:39 AM,00:08,TVH (Transvaginal hysterectomy),No,No,4,1,Left
19,8:39:39 AM,8:39:40 AM,00:01,TVH (Transvaginal hysterectomy),No,No,4,1,Left
17,8:39:40 AM,8:39:47 AM,00:07,TVH (Transvaginal hysterectomy),No,No,4,1,Left
1,8:39:47 AM,8:39:53 AM,00:06,TVH (Transvaginal hysterectomy),No,No,4,1,Left
17,8:39:53 AM,8:40:14 AM,00:21,TVH (Transvaginal hysterectomy),No,No,4,1,Left
1,8:40:14 AM,8:40:47 AM,00:33,TVH (Transvaginal hysterectomy),No,No,4,1,Left
3,8:40:47 AM,8:40:47 AM,00:00,TVH (Transvaginal hysterectomy),No,No,4,1,Left
4,8:40:47 AM,8:40:49 AM,00:02,TVH (Transvaginal hysterectomy),No,No,4,1,Left
2,8:40:49 AM,8:40:50 AM,00:01,TVH (Transvaginal hysterectomy),No,No,4,1,Left
1,8:40:50 AM,8:40:53 AM,00:03,TVH (Transvaginal hysterectomy),No,No,4,1,Left
17,8:40:53 AM,8:41:02 AM,00:09,TVH (Transvaginal hysterectomy),No,No,4,1,Left
1,8:41:02 AM,8:41:03 AM,00:01,TVH (Transvaginal hysterectomy),No,No,4,1,Left
3,8:41:03 AM,8:41:04 AM,00:01,TVH (Transvaginal hysterectomy),No,No,4,1,Left
4,8:41:04 AM,8:41:44 AM,00:40,TVH (Transvaginal hysterectomy),No,No,4,1,Left
2,8:41:44 AM,8:41:59 AM,00:15,TVH (Transvaginal hysterectomy),No,No,4,1,Left
4,8:41:59 AM,8:42:01 AM,00:02,TVH (Transvaginal hysterectomy),No,No,4,1,Left
2,8:42:01 AM,8:42:04 AM,00:03,TVH (Transvaginal hysterectomy),No,No,4,1,Left
1,8:42:04 AM,8:42:14 AM,00:10,TVH (Transvaginal hysterectomy),No,No,4,1,Left
2,8:42:14 AM,8:42:16 AM,00:02,TVH (Transvaginal hysterectomy),No,No,4,1,Left
6,8:42:16 AM,8:42:20 AM,00:04,TVH (Transvaginal hysterectomy),No,No,4,1,Left
2,8:42:20 AM,8:42:27 AM,00:07,TVH (Transvaginal hysterectomy),No,No,4,1,Left
1,8:42:27 AM,8:42:35 AM,00:08,TVH (Transvaginal hysterectomy),No,No,4,1,Left
2,8:42:35 AM,8:42:36 AM,00:01,TVH (Transvaginal hysterectomy),No,No,4,1,Left
4,8:42:36 AM,8:42:41 AM,00:05,TVH (Transvaginal hysterectomy),No,No,4,1,Left
2,8:42:41 AM,8:42:41 AM,00:00,TVH (Transvaginal hysterectomy),No,No,4,1,Left
6,8:42:41 AM,8:42:45 AM,00:04,TVH (Transvaginal hysterectomy),No,No,4,1,Left
8,8:42:45 AM,8:42:46 AM,00:01,TVH (Transvaginal hysterectomy),No,No,4,1,Left
4,8:42:46 AM,8:42:58 AM,00:12,TVH (Transvaginal hysterectomy),No,No,4,1,Left
2,8:42:58 AM,8:42:59 AM,00:01,TVH (Transvaginal hysterectomy),No,No,4,1,Left
1,8:42:59 AM,8:43:01 AM,00:02,TVH (Transvaginal hysterectomy),No,No,4,1,Left
3,8:43:01 AM,8:43:02 AM,00:01,TVH (Transvaginal hysterectomy),No,No,4,1,Left
4,8:43:02 AM,8:43:08 AM,00:06,TVH (Transvaginal hysterectomy),No,No,4,1,Left
2,8:43:08 AM,8:43:10 AM,00:02,TVH (Transvaginal hysterectomy),No,No,4,1,Left
1,8:43:10 AM,8:43:25 AM,00:15,TVH (Transvaginal hysterectomy),No,No,4,1,Left
3,8:43:25 AM,8:43:25 AM,00:00,TVH (Transvaginal hysterectomy),No,No,4,1,Left
4,8:43:25 AM,8:43:26 AM,00:01,TVH (Transvaginal hysterectomy),No,No,4,1,Left
3,8:43:26 AM,8:43:27 AM,00:01,TVH (Transvaginal hysterectomy),No,No,4,1,Left
1,8:43:27 AM,8:43:49 AM,00:22,TVH (Transvaginal hysterectomy),No,No,4,1,Left
17,8:43:49 AM,8:43:50 AM,00:01,TVH (Transvaginal hysterectomy),No,No,4,1,Left
1,8:43:50 AM,8:44:07 AM,00:17,TVH (Transvaginal hysterectomy),No,No,4,1,Left
17,8:44:07 AM,8:44:24 AM,00:17,TVH (Transvaginal hysterectomy),No,No,4,1,Left
1,8:44:24 AM,8:45:16 AM,00:52,TVH (Transvaginal hysterectomy),No,No,4,1,Left
17,8:45:16 AM,8:46:58 AM,01:42,TVH (Transvaginal hysterectomy),No,No,4,1,Left
19,8:46:58 AM,8:47:01 AM,00:03,TVH (Transvaginal hysterectomy),No,No,4,1,Left
17,8:47:01 AM,8:47:01 AM,00:00,TVH (Transvaginal hysterectomy),No,No,4,1,Left
1,8:47:01 AM,8:47:02 AM,00:01,TVH (Transvaginal hysterectomy),No,No,4,1,Left
3,8:47:02 AM,8:47:06 AM,00:04,TVH (Transvaginal hysterectomy),No,No,4,1,Left
7,8:47:06 AM,8:47:12 AM,00:06,TVH (Transvaginal hysterectomy),No,No,4,1,Left
5,8:47:12 AM,8:47:13 AM,00:01,TVH (Transvaginal hysterectomy),No,No,4,1,Left
1,8:47:13 AM,8:47:23 AM,00:10,TVH (Transvaginal hysterectomy),No,No,4,1,Left
17,8:47:23 AM,8:47:28 AM,00:05,TVH (Transvaginal hysterectomy),No,No,4,1,Left
19,8:47:28 AM,8:47:28 AM,00:00,TVH (Transvaginal hysterectomy),No,No,4,1,Left
17,8:47:28 AM,8:47:31 AM,00:03,TVH (Transvaginal hysterectomy),No,No,4,1,Left
1,8:47:31 AM,8:47:50 AM,00:19,TVH (Transvaginal hysterectomy),No,No,4,1,Left
17,8:47:50 AM,8:47:50 AM,00:00,TVH (Transvaginal hysterectomy),No,No,4,1,Left
1,8:47:50 AM,8:47:52 AM,00:02,TVH (Transvaginal hysterectomy),No,No,4,1,Left
17,8:47:52 AM,8:48:49 AM,00:57,TVH (Transvaginal hysterectomy),No,No,4,1,Left
1,8:48:49 AM,8:48:50 AM,00:01,TVH (Transvaginal hysterectomy),No,No,4,1,Left
3,8:48:50 AM,8:48:52 AM,00:02,TVH (Transvaginal hysterectomy),No,No,4,1,Left
1,8:48:52 AM,8:48:56 AM,00:04,TVH (Transvaginal hysterectomy),No,No,4,1,Left
3,8:48:56 AM,8:48:59 AM,00:03,TVH (Transvaginal hysterectomy),No,No,4,1,Left
4,8:48:59 AM,8:49:01 AM,00:02,TVH (Transvaginal hysterectomy),No,No,4,1,Left
2,8:49:01 AM,8:49:03 AM,00:02,TVH (Transvaginal hysterectomy),No,No,4,1,Left
1,8:49:03 AM,8:49:06 AM,00:03,TVH (Transvaginal hysterectomy),No,No,4,1,Left
17,8:49:06 AM,8:49:08 AM,00:02,TVH (Transvaginal hysterectomy),No,No,4,1,Left
1,8:49:08 AM,8:49:09 AM,00:01,TVH (Transvaginal hysterectomy),No,No,4,1,Left
9,8:49:09 AM,8:49:17 AM,00:08,TVH (Transvaginal hysterectomy),No,No,4,1,Left
1,8:49:17 AM,8:49:18 AM,00:01,TVH (Transvaginal hysterectomy),No,No,4,1,Left
17,8:49:18 AM,8:49:22 AM,00:04,TVH (Transvaginal hysterectomy),No,No,4,1,Left
19,8:49:22 AM,8:49:23 AM,00:01,TVH (Transvaginal hysterectomy),No,No,4,1,Left
20,8:49:23 AM,8:49:24 AM,00:01,TVH (Transvaginal hysterectomy),No,No,4,1,Left
18,8:49:24 AM,8:49:25 AM,00:01,TVH (Transvaginal hysterectomy),No,No,4,1,Left
17,8:49:25 AM,8:49:30 AM,00:05,TVH (Transvaginal hysterectomy),No,No,4,1,Left
19,8:49:30 AM,8:49:40 AM,00:10,TVH (Transvaginal hysterectomy),No,No,4,1,Left
17,8:49:40 AM,8:49:43 AM,00:03,TVH (Transvaginal hysterectomy),No,No,4,1,Left
1,8:49:43 AM,8:49:45 AM,00:02,TVH (Transvaginal hysterectomy),No,No,4,1,Left
17,8:49:45 AM,8:51:04 AM,01:19,TVH (Transvaginal hysterectomy),No,No,4,1,Left
18,8:51:04 AM,8:51:06 AM,00:02,TVH (Transvaginal hysterectomy),No,No,4,1,Left
17,8:51:06 AM,8:51:16 AM,00:10,TVH (Transvaginal hysterectomy),No,No,4,1,Left
19,8:51:16 AM,8:51:19 AM,00:03,TVH (Transvaginal hysterectomy),No,No,4,1,Left
17,8:51:19 AM,8:51:44 AM,00:25,TVH (Transvaginal hysterectomy),No,No,4,1,Left
19,8:51:44 AM,8:51:46 AM,00:02,TVH (Transvaginal hysterectomy),No,No,4,1,Left
17,8:51:46 AM,8:51:54 AM,00:08,TVH (Transvaginal hysterectomy),No,No,4,1,Left
19,8:51:54 AM,8:51:55 AM,00:01,TVH (Transvaginal hysterectomy),No,No,4,1,Left
20,8:51:55 AM,8:52:09 AM,00:14,TVH (Transvaginal hysterectomy),No,No,4,1,Left
4,8:52:09 AM,8:52:11 AM,00:02,TVH (Transvaginal hysterectomy),No,No,4,1,Left
2,8:52:11 AM,8:52:12 AM,00:01,TVH (Transvaginal hysterectomy),No,No,4,1,Left
1,8:52:12 AM,8:52:23 AM,00:11,TVH (Transvaginal hysterectomy),No,No,4,1,Left
17,8:52:23 AM,8:52:37 AM,00:14,TVH (Transvaginal hysterectomy),No,No,4,1,Left
19,8:52:37 AM,8:52:39 AM,00:02,TVH (Transvaginal hysterectomy),No,No,4,1,Left
20,8:52:39 AM,8:52:42 AM,00:03,TVH (Transvaginal hysterectomy),No,No,4,1,Left
18,8:52:42 AM,8:52:43 AM,00:01,TVH (Transvaginal hysterectomy),No,No,4,1,Left
17,8:52:43 AM,8:52:54 AM,00:11,TVH (Transvaginal hysterectomy),No,No,4,1,Left
19,8:52:54 AM,8:52:55 AM,00:01,TVH (Transvaginal hysterectomy),No,No,4,1,Left
20,8:52:55 AM,8:52:59 AM,00:04,TVH (Transvaginal hysterectomy),No,No,4,1,Left
18,8:52:59 AM,8:53:01 AM,00:02,TVH (Transvaginal hysterectomy),No,No,4,1,Left
17,8:53:01 AM,8:53:06 AM,00:05,TVH (Transvaginal hysterectomy),No,No,4,1,Left
19,8:53:06 AM,8:53:08 AM,00:02,TVH (Transvaginal hysterectomy),No,No,4,1,Left
20,8:53:08 AM,8:53:10 AM,00:02,TVH (Transvaginal hysterectomy),No,No,4,1,Left
24,8:53:10 AM,8:53:11 AM,00:01,TVH (Transvaginal hysterectomy),No,No,4,1,Left
20,8:53:11 AM,8:53:12 AM,00:01,TVH (Transvaginal hysterectomy),No,No,4,1,Left
18,8:53:12 AM,8:53:13 AM,00:01,TVH (Transvaginal hysterectomy),No,No,4,1,Left
17,8:53:13 AM,8:53:20 AM,00:07,TVH (Transvaginal hysterectomy),No,No,4,1,Left
21,8:53:20 AM,8:53:22 AM,00:02,TVH (Transvaginal hysterectomy),No,No,4,1,Left
17,8:53:22 AM,8:53:37 AM,00:15,TVH (Transvaginal hysterectomy),No,No,4,1,Left
19,8:53:37 AM,8:53:45 AM,00:08,TVH (Transvaginal hysterectomy),No,No,4,1,Left
17,8:53:45 AM,8:54:14 AM,00:29,TVH (Transvaginal hysterectomy),No,No,4,1,Left
18,8:54:14 AM,8:54:20 AM,00:06,TVH (Transvaginal hysterectomy),No,No,4,1,Left
17,8:54:20 AM,8:54:35 AM,00:15,TVH (Transvaginal hysterectomy),No,No,4,1,Left
19,8:54:35 AM,8:54:35 AM,00:00,TVH (Transvaginal hysterectomy),No,No,4,1,Left
20,8:54:35 AM,8:54:42 AM,00:07,TVH (Transvaginal hysterectomy),No,No,4,1,Left
19,8:54:42 AM,8:54:43 AM,00:01,TVH (Transvaginal hysterectomy),No,No,4,1,Left
17,8:54:43 AM,8:56:01 AM,01:18,TVH (Transvaginal hysterectomy),No,No,4,1,Left
19,8:56:01 AM,8:56:03 AM,00:02,TVH (Transvaginal hysterectomy),No,No,4,1,Left
20,8:56:03 AM,8:56:03 AM,00:00,TVH (Transvaginal hysterectomy),No,No,4,1,Left
18,8:56:03 AM,8:56:04 AM,00:01,TVH (Transvaginal hysterectomy),No,No,4,1,Left
17,8:56:04 AM,8:57:07 AM,01:03,TVH (Transvaginal hysterectomy),No,No,4,1,Left
19,8:57:07 AM,8:57:07 AM,00:00,TVH (Transvaginal hysterectomy),No,No,4,1,Left
20,8:57:07 AM,8:57:16 AM,00:09,TVH (Transvaginal hysterectomy),No,No,4,1,Left
18,8:57:16 AM,8:57:17 AM,00:01,TVH (Transvaginal hysterectomy),No,No,4,1,Left
17,8:57:17 AM,8:58:24 AM,01:07,TVH (Transvaginal hysterectomy),No,No,4,1,Left
1,8:58:24 AM,8:58:41 AM,00:17,TVH (Transvaginal hysterectomy),No,No,4,1,Left
17,8:58:41 AM,8:58:43 AM,00:02,TVH (Transvaginal hysterectomy),No,No,4,1,Left
18,8:58:43 AM,8:58:50 AM,00:07,TVH (Transvaginal hysterectomy),No,No,4,1,Left
17,8:58:50 AM,8:58:51 AM,00:01,TVH (Transvaginal hysterectomy),No,No,4,1,Left
1,8:58:51 AM,8:59:47 AM,00:56,TVH (Transvaginal hysterectomy),No,No,4,1,Left
17,8:59:47 AM,8:59:54 AM,00:07,TVH (Transvaginal hysterectomy),No,No,4,1,Center
18,8:59:54 AM,8:59:59 AM,00:05,TVH (Transvaginal hysterectomy),No,No,4,1,Center
2,8:59:59 AM,9:00:04 AM,00:05,TVH (Transvaginal hysterectomy),No,No,4,1,Center
1,9:00:04 AM,9:00:16 AM,00:12,TVH (Transvaginal hysterectomy),No,No,4,1,Center
3,9:00:16 AM,9:00:18 AM,00:02,TVH (Transvaginal hysterectomy),No,No,4,1,Left
4,9:00:18 AM,9:00:19 AM,00:01,TVH (Transvaginal hysterectomy),No,No,4,1,Left
20,9:00:19 AM,9:00:43 AM,00:24,TVH (Transvaginal hysterectomy),No,No,4,1,Left
18,9:00:43 AM,9:00:44 AM,00:01,TVH (Transvaginal hysterectomy),No,No,4,1,Left
17,9:00:44 AM,9:04:04 AM,03:20,TVH (Transvaginal hysterectomy),No,No,4,1,Left
19,9:04:04 AM,9:04:04 AM,00:00,TVH (Transvaginal hysterectomy),No,No,4,1,Left
17,9:04:04 AM,9:04:18 AM,00:14,TVH (Transvaginal hysterectomy),No,No,4,1,Left
25,9:04:18 AM,9:04:26 AM,00:08,TVH (Transvaginal hysterectomy),No,No,4,1,Left
27,9:04:26 AM,9:04:27 AM,00:01,TVH (Transvaginal hysterectomy),No,No,4,1,Left
28,9:04:27 AM,9:04:29 AM,00:02,TVH (Transvaginal hysterectomy),No,No,4,1,Left
20,9:04:29 AM,9:04:30 AM,00:01,TVH (Transvaginal hysterectomy),No,No,4,1,Left
19,9:04:30 AM,9:04:31 AM,00:01,TVH (Transvaginal hysterectomy),No,No,4,1,Left
17,9:04:31 AM,9:05:17 AM,00:46,TVH (Transvaginal hysterectomy),No,No,4,1,Left
19,9:05:17 AM,9:05:18 AM,00:01,TVH (Transvaginal hysterectomy),No,No,4,1,Left
20,9:05:18 AM,9:05:19 AM,00:01,TVH (Transvaginal hysterectomy),No,No,4,1,Left
19,9:05:19 AM,9:05:19 AM,00:00,TVH (Transvaginal hysterectomy),No,No,4,1,Left
17,9:05:19 AM,9:06:07 AM,00:48,TVH (Transvaginal hysterectomy),No,No,4,1,Left
19,9:06:07 AM,9:06:17 AM,00:10,TVH (Transvaginal hysterectomy),No,No,4,1,Left
17,9:06:17 AM,9:06:21 AM,00:04,TVH (Transvaginal hysterectomy),No,No,4,1,Left
1,9:06:21 AM,9:06:45 AM,00:24,TVH (Transvaginal hysterectomy),No,No,4,1,Left
17,9:06:45 AM,9:06:48 AM,00:03,TVH (Transvaginal hysterectomy),No,No,4,1,Left
1,9:06:48 AM,9:07:11 AM,00:23,TVH (Transvaginal hysterectomy),No,No,4,1,Left
17,9:07:11 AM,9:07:12 AM,00:01,TVH (Transvaginal hysterectomy),No,No,4,1,Left
1,9:07:12 AM,9:07:26 AM,00:14,TVH (Transvaginal hysterectomy),No,No,4,1,Left
17,9:07:26 AM,9:07:32 AM,00:06,TVH (Transvaginal hysterectomy),No,No,4,1,Left
18,9:07:32 AM,9:07:40 AM,00:08,TVH (Transvaginal hysterectomy),No,No,4,1,Left
2,9:07:40 AM,9:07:42 AM,00:02,TVH (Transvaginal hysterectomy),No,No,4,1,Left
1,9:07:42 AM,9:07:54 AM,00:12,TVH (Transvaginal hysterectomy),No,No,4,1,Left
2,9:07:54 AM,9:07:57 AM,00:03,TVH (Transvaginal hysterectomy),No,No,4,1,Left
18,9:07:57 AM,9:08:02 AM,00:05,TVH (Transvaginal hysterectomy),No,No,4,1,Left
17,9:08:02 AM,9:08:17 AM,00:15,TVH (Transvaginal hysterectomy),No,No,4,1,Left
1,9:08:17 AM,9:08:26 AM,00:09,TVH (Transvaginal hysterectomy),No,No,4,1,Left
5,9:08:26 AM,9:08:28 AM,00:02,TVH (Transvaginal hysterectomy),No,No,4,1,Left
1,9:08:28 AM,9:08:28 AM,00:00,TVH (Transvaginal hysterectomy),No,No,4,1,Left
3,9:08:28 AM,9:08:29 AM,00:01,TVH (Transvaginal hysterectomy),No,No,4,1,Left
4,9:08:29 AM,9:08:30 AM,00:01,TVH (Transvaginal hysterectomy),No,No,4,1,Left
3,9:08:30 AM,9:08:31 AM,00:01,TVH (Transvaginal hysterectomy),No,No,4,1,Left
1,9:08:31 AM,9:09:06 AM,00:35,TVH (Transvaginal hysterectomy),No,No,4,1,Left
3,9:09:06 AM,9:09:07 AM,00:01,TVH (Transvaginal hysterectomy),No,No,4,1,Left
4,9:09:07 AM,9:09:09 AM,00:02,TVH (Transvaginal hysterectomy),No,No,4,1,Left
3,9:09:09 AM,9:09:10 AM,00:01,TVH (Transvaginal hysterectomy),No,No,4,1,Left
1,9:09:10 AM,9:09:12 AM,00:02,TVH (Transvaginal hysterectomy),No,No,4,1,Left
17,9:09:12 AM,9:09:13 AM,00:01,TVH (Transvaginal hysterectomy),No,No,4,1,Left
1,9:09:13 AM,9:09:22 AM,00:09,TVH (Transvaginal hysterectomy),No,No,4,1,Left
2,9:09:22 AM,9:09:24 AM,00:02,TVH (Transvaginal hysterectomy),No,No,4,1,Left
1,9:09:24 AM,9:09:31 AM,00:07,TVH (Transvaginal hysterectomy),No,No,4,1,Left
2,9:09:31 AM,9:09:31 AM,00:00,TVH (Transvaginal hysterectomy),No,No,4,1,Left
1,9:09:31 AM,9:09:36 AM,00:05,TVH (Transvaginal hysterectomy),No,No,4,1,Left
5,9:09:36 AM,9:09:38 AM,00:02,TVH (Transvaginal hysterectomy),No,No,4,1,Left
6,9:09:38 AM,9:09:40 AM,00:02,TVH (Transvaginal hysterectomy),No,No,4,1,Left
5,9:09:40 AM,9:09:41 AM,00:01,TVH (Transvaginal hysterectomy),No,No,4,1,Left
1,9:09:41 AM,9:09:43 AM,00:02,TVH (Transvaginal hysterectomy),No,No,4,1,Left
17,9:09:43 AM,9:09:57 AM,00:14,TVH (Transvaginal hysterectomy),No,No,4,1,Left
18,9:09:57 AM,9:09:59 AM,00:02,TVH (Transvaginal hysterectomy),No,No,4,1,Left
20,9:09:59 AM,9:10:04 AM,00:05,TVH (Transvaginal hysterectomy),No,No,4,1,Left
18,9:10:04 AM,9:10:05 AM,00:01,TVH (Transvaginal hysterectomy),No,No,4,1,Left
17,9:10:05 AM,9:10:17 AM,00:12,TVH (Transvaginal hysterectomy),No,No,4,1,Left
18,9:10:17 AM,9:10:19 AM,00:02,TVH (Transvaginal hysterectomy),No,No,4,1,Left
17,9:10:19 AM,9:10:20 AM,00:01,TVH (Transvaginal hysterectomy),No,No,4,1,Left
19,9:10:20 AM,9:10:21 AM,00:01,TVH (Transvaginal hysterectomy),No,No,4,1,Left
20,9:10:21 AM,9:10:24 AM,00:03,TVH (Transvaginal hysterectomy),No,No,4,1,Left
19,9:10:24 AM,9:10:24 AM,00:00,TVH (Transvaginal hysterectomy),No,No,4,1,Left
17,9:10:24 AM,9:10:27 AM,00:03,TVH (Transvaginal hysterectomy),No,No,4,1,Left
1,9:10:27 AM,9:10:37 AM,00:10,TVH (Transvaginal hysterectomy),No,No,4,1,Left
17,9:10:37 AM,9:10:38 AM,00:01,TVH (Transvaginal hysterectomy),No,No,4,1,Left
18,9:10:38 AM,9:10:58 AM,00:20,TVH (Transvaginal hysterectomy),No,No,4,1,Left
2,9:10:58 AM,9:10:59 AM,00:01,TVH (Transvaginal hysterectomy),No,No,4,1,Left
1,9:10:59 AM,9:11:16 AM,00:17,TVH (Transvaginal hysterectomy),No,No,4,1,Left
2,9:11:16 AM,9:11:27 AM,00:11,TVH (Transvaginal hysterectomy),No,No,4,1,Left
18,9:11:27 AM,9:11:28 AM,00:01,TVH (Transvaginal hysterectomy),No,No,4,1,Left
17,9:11:28 AM,9:11:29 AM,00:01,TVH (Transvaginal hysterectomy),No,No,4,1,Left
1,9:11:29 AM,9:11:33 AM,00:04,TVH (Transvaginal hysterectomy),No,No,4,1,Left
17,9:11:33 AM,9:11:36 AM,00:03,TVH (Transvaginal hysterectomy),No,No,4,1,Left
1,9:11:36 AM,9:11:38 AM,00:02,TVH (Transvaginal hysterectomy),No,No,4,1,Left
2,9:11:38 AM,9:11:46 AM,00:08,TVH (Transvaginal hysterectomy),No,No,4,1,Left
10,9:11:46 AM,9:12:01 AM,00:15,TVH (Transvaginal hysterectomy),No,No,4,1,Left
2,9:12:01 AM,9:12:07 AM,00:06,TVH (Transvaginal hysterectomy),No,No,4,1,Left
18,9:12:07 AM,9:12:09 AM,00:02,TVH (Transvaginal hysterectomy),No,No,4,1,Left
26,9:12:09 AM,9:12:11 AM,00:02,TVH (Transvaginal hysterectomy),No,No,4,1,Left
10,9:12:11 AM,9:12:12 AM,00:01,TVH (Transvaginal hysterectomy),No,No,4,1,Left
2,9:12:12 AM,9:12:38 AM,00:26,TVH (Transvaginal hysterectomy),No,No,4,1,Left
1,9:12:38 AM,9:12:42 AM,00:04,TVH (Transvaginal hysterectomy),No,No,4,1,Left
2,9:12:42 AM,9:12:44 AM,00:02,TVH (Transvaginal hysterectomy),No,No,4,1,Left
18,9:12:44 AM,9:12:46 AM,00:02,TVH (Transvaginal hysterectomy),No,No,4,1,Left
17,9:12:46 AM,9:13:03 AM,00:17,TVH (Transvaginal hysterectomy),No,No,4,1,Left
21,9:13:03 AM,9:13:03 AM,00:00,TVH (Transvaginal hysterectomy),No,No,4,1,Left
17,9:13:03 AM,9:13:26 AM,00:23,TVH (Transvaginal hysterectomy),No,No,4,1,Left
21,9:13:26 AM,9:13:27 AM,00:01,TVH (Transvaginal hysterectomy),No,No,4,1,Left
17,9:13:27 AM,9:13:58 AM,00:31,TVH (Transvaginal hysterectomy),No,No,4,1,Left
21,9:13:58 AM,9:13:59 AM,00:01,TVH (Transvaginal hysterectomy),No,No,4,1,Left
23,9:13:59 AM,9:13:59 AM,00:00,TVH (Transvaginal hysterectomy),No,No,4,1,Left
19,9:13:59 AM,9:14:00 AM,00:01,TVH (Transvaginal hysterectomy),No,No,4,1,Left
17,9:14:00 AM,9:14:19 AM,00:19,TVH (Transvaginal hysterectomy),No,No,4,1,Left
19,9:14:19 AM,9:14:20 AM,00:01,TVH (Transvaginal hysterectomy),No,No,4,1,Left
20,9:14:20 AM,9:14:28 AM,00:08,TVH (Transvaginal hysterectomy),No,No,4,1,Left
19,9:14:28 AM,9:14:28 AM,00:00,TVH (Transvaginal hysterectomy),No,No,4,1,Left
17,9:14:28 AM,9:14:29 AM,00:01,TVH (Transvaginal hysterectomy),No,No,4,1,Left
1,9:14:29 AM,9:14:36 AM,00:07,TVH (Transvaginal hysterectomy),No,No,4,1,Left
17,9:14:36 AM,9:14:48 AM,00:12,TVH (Transvaginal hysterectomy),No,No,4,1,Left
1,9:14:48 AM,9:14:50 AM,00:02,TVH (Transvaginal hysterectomy),No,No,4,1,Left
2,9:14:50 AM,9:14:56 AM,00:06,TVH (Transvaginal hysterectomy),No,No,4,1,Left
1,9:14:56 AM,9:15:09 AM,00:13,TVH (Transvaginal hysterectomy),No,No,4,1,Left
17,9:15:09 AM,9:15:09 AM,00:00,TVH (Transvaginal hysterectomy),No,No,4,1,Left
1,9:15:09 AM,9:15:16 AM,00:07,TVH (Transvaginal hysterectomy),No,No,4,1,Left
2,9:15:16 AM,9:15:28 AM,00:12,TVH (Transvaginal hysterectomy),No,No,4,1,Left
1,9:15:28 AM,9:15:33 AM,00:05,TVH (Transvaginal hysterectomy),No,No,4,1,Left
17,9:15:33 AM,9:15:38 AM,00:05,TVH (Transvaginal hysterectomy),No,No,4,1,Left
1,9:15:38 AM,9:15:48 AM,00:10,TVH (Transvaginal hysterectomy),No,No,4,1,Left
2,9:15:48 AM,9:15:59 AM,00:11,TVH (Transvaginal hysterectomy),No,No,4,1,Left
1,9:15:59 AM,9:16:23 AM,00:24,TVH (Transvaginal hysterectomy),No,No,4,1,Left
2,9:16:23 AM,9:16:53 AM,00:30,TVH (Transvaginal hysterectomy),No,No,4,1,Center
1,9:16:53 AM,9:16:57 AM,00:04,TVH (Transvaginal hysterectomy),No,No,4,1,Center
17,9:16:57 AM,9:17:02 AM,00:05,TVH (Transvaginal hysterectomy),No,No,4,1,Center
18,9:17:02 AM,9:17:17 AM,00:15,TVH (Transvaginal hysterectomy),No,No,4,1,Center
2,9:17:17 AM,9:17:19 AM,00:02,TVH (Transvaginal hysterectomy),No,No,4,1,Center
1,9:17:19 AM,9:17:23 AM,00:04,TVH (Transvaginal hysterectomy),No,No,4,1,Center
2,9:17:23 AM,9:17:25 AM,00:02,TVH (Transvaginal hysterectomy),No,No,4,1,Center
18,9:17:25 AM,9:17:35 AM,00:10,TVH (Transvaginal hysterectomy),No,No,4,1,Center
17,9:17:35 AM,9:17:36 AM,00:01,TVH (Transvaginal hysterectomy),No,No,4,1,Center
1,9:17:36 AM,9:17:55 AM,00:19,TVH (Transvaginal hysterectomy),No,No,4,1,Center
2,9:17:55 AM,9:17:57 AM,00:02,TVH (Transvaginal hysterectomy),No,No,4,1,Left
6,9:17:57 AM,9:17:58 AM,00:01,TVH (Transvaginal hysterectomy),No,No,4,1,Left
2,9:17:58 AM,9:18:00 AM,00:02,TVH (Transvaginal hysterectomy),No,No,4,1,Left
1,9:18:00 AM,9:18:03 AM,00:03,TVH (Transvaginal hysterectomy),No,No,4,1,Left
3,9:18:03 AM,9:18:04 AM,00:01,TVH (Transvaginal hysterectomy),No,No,4,1,Left
19,9:18:04 AM,9:18:05 AM,00:01,TVH (Transvaginal hysterectomy),No,No,4,1,Left
17,9:18:05 AM,9:19:27 AM,01:22,TVH (Transvaginal hysterectomy),No,No,4,1,Left
18,9:19:27 AM,9:19:29 AM,00:02,TVH (Transvaginal hysterectomy),No,No,4,1,Left
17,9:19:29 AM,9:19:43 AM,00:14,TVH (Transvaginal hysterectomy),No,No,4,1,Left
19,9:19:43 AM,9:19:44 AM,00:01,TVH (Transvaginal hysterectomy),No,No,4,1,Left
17,9:19:44 AM,9:19:47 AM,00:03,TVH (Transvaginal hysterectomy),No,No,4,1,Left
19,9:19:47 AM,9:19:47 AM,00:00,TVH (Transvaginal hysterectomy),No,No,4,1,Left
20,9:19:47 AM,9:19:49 AM,00:02,TVH (Transvaginal hysterectomy),No,No,4,1,Left
18,9:19:49 AM,9:19:51 AM,00:02,TVH (Transvaginal hysterectomy),No,No,4,1,Left
17,9:19:51 AM,9:19:52 AM,00:01,TVH (Transvaginal hysterectomy),No,No,4,1,Left
19,9:19:52 AM,9:19:53 AM,00:01,TVH (Transvaginal hysterectomy),No,No,4,1,Left
20,9:19:53 AM,9:19:55 AM,00:02,TVH (Transvaginal hysterectomy),No,No,4,1,Left
18,9:19:55 AM,9:19:56 AM,00:01,TVH (Transvaginal hysterectomy),No,No,4,1,Left
17,9:19:56 AM,9:20:32 AM,00:36,TVH (Transvaginal hysterectomy),No,No,4,1,Left
19,9:20:32 AM,9:20:33 AM,00:01,TVH (Transvaginal hysterectomy),No,No,4,1,Left
20,9:20:33 AM,9:20:34 AM,00:01,TVH (Transvaginal hysterectomy),No,No,4,1,Left
19,9:20:34 AM,9:20:35 AM,00:01,TVH (Transvaginal hysterectomy),No,No,4,1,Left
17,9:20:35 AM,9:20:46 AM,00:11,TVH (Transvaginal hysterectomy),No,No,4,1,Left
18,9:20:46 AM,9:20:47 AM,00:01,TVH (Transvaginal hysterectomy),No,No,4,1,Left
17,9:20:47 AM,9:21:01 AM,00:14,TVH (Transvaginal hysterectomy),No,No,4,1,Left
19,9:21:01 AM,9:21:02 AM,00:01,TVH (Transvaginal hysterectomy),No,No,4,1,Left
20,9:21:02 AM,9:21:04 AM,00:02,TVH (Transvaginal hysterectomy),No,No,4,1,Left
19,9:21:04 AM,9:21:05 AM,00:01,TVH (Transvaginal hysterectomy),No,No,4,1,Left
17,9:21:05 AM,9:21:48 AM,00:43,TVH (Transvaginal hysterectomy),No,No,4,1,Left
25,9:21:48 AM,9:22:11 AM,00:23,TVH (Transvaginal hysterectomy),No,No,4,1,Left
17,9:22:11 AM,9:22:39 AM,00:28,TVH (Transvaginal hysterectomy),No,No,4,1,Left
25,9:22:39 AM,9:22:44 AM,00:05,TVH (Transvaginal hysterectomy),No,No,4,1,Left
17,9:22:44 AM,9:22:45 AM,00:01,TVH (Transvaginal hysterectomy),No,No,4,1,Left
25,9:22:45 AM,9:22:55 AM,00:10,TVH (Transvaginal hysterectomy),No,No,4,1,Left
17,9:22:55 AM,9:23:13 AM,00:18,TVH (Transvaginal hysterectomy),No,No,4,1,Left
19,9:23:13 AM,9:23:14 AM,00:01,TVH (Transvaginal hysterectomy),No,No,4,1,Left
20,9:23:14 AM,9:23:16 AM,00:02,TVH (Transvaginal hysterectomy),No,No,4,1,Left
18,9:23:16 AM,9:23:17 AM,00:01,TVH (Transvaginal hysterectomy),No,No,4,1,Left
17,9:23:17 AM,9:23:44 AM,00:27,TVH (Transvaginal hysterectomy),No,No,4,1,Left
18,9:23:44 AM,9:23:46 AM,00:02,TVH (Transvaginal hysterectomy),No,No,4,1,Left
17,9:23:46 AM,9:23:49 AM,00:03,TVH (Transvaginal hysterectomy),No,No,4,1,Left
25,9:23:49 AM,9:23:53 AM,00:04,TVH (Transvaginal hysterectomy),No,No,4,1,Left
26,9:23:53 AM,9:23:58 AM,00:05,TVH (Transvaginal hysterectomy),No,No,4,1,Left
25,9:23:58 AM,9:25:57 AM,01:59,TVH (Transvaginal hysterectomy),No,No,4,1,Left
17,9:25:57 AM,9:25:58 AM,00:01,TVH (Transvaginal hysterectomy),No,No,4,1,Left
18,9:25:58 AM,9:26:04 AM,00:06,TVH (Transvaginal hysterectomy),No,No,4,1,Left
17,9:26:04 AM,9:26:17 AM,00:13,TVH (Transvaginal hysterectomy),No,No,4,1,Left
18,9:26:17 AM,9:26:20 AM,00:03,TVH (Transvaginal hysterectomy),No,No,4,1,Left
20,9:26:20 AM,9:26:21 AM,00:01,TVH (Transvaginal hysterectomy),No,No,4,1,Left
18,9:26:21 AM,9:26:22 AM,00:01,TVH (Transvaginal hysterectomy),No,No,4,1,Left
17,9:26:22 AM,9:29:56 AM,03:34,TVH (Transvaginal hysterectomy),No,No,4,1,Left
19,9:29:56 AM,9:30:00 AM,00:04,TVH (Transvaginal hysterectomy),No,No,4,1,Left
17,9:30:00 AM,9:30:25 AM,00:25,TVH (Transvaginal hysterectomy),No,No,4,1,Left
1,9:30:25 AM,9:30:33 AM,00:08,TVH (Transvaginal hysterectomy),No,No,4,1,Left
17,9:30:33 AM,9:30:35 AM,00:02,TVH (Transvaginal hysterectomy),No,No,4,1,Left
1,9:30:35 AM,9:30:37 AM,00:02,TVH (Transvaginal hysterectomy),No,No,4,1,Left
2,9:30:37 AM,9:30:42 AM,00:05,TVH (Transvaginal hysterectomy),No,No,4,1,Left
1,9:30:42 AM,9:30:51 AM,00:09,TVH (Transvaginal hysterectomy),No,No,4,1,Left
5,9:30:51 AM,9:31:03 AM,00:12,TVH (Transvaginal hysterectomy),No,No,4,1,Left
1,9:31:03 AM,9:31:11 AM,00:08,TVH (Transvaginal hysterectomy),No,No,4,1,Left
2,9:31:11 AM,9:31:26 AM,00:15,TVH (Transvaginal hysterectomy),No,No,4,1,Left
1,9:31:26 AM,9:31:39 AM,00:13,TVH (Transvaginal hysterectomy),No,No,4,1,Left
17,9:31:39 AM,9:31:53 AM,00:14,TVH (Transvaginal hysterectomy),No,No,4,1,Left
18,9:31:53 AM,9:34:39 AM,02:46,TVH (Transvaginal hysterectomy),No,No,4,1,Left
17,9:34:39 AM,9:35:44 AM,01:05,TVH (Transvaginal hysterectomy),No,No,4,1,Left
25,9:35:44 AM,9:35:49 AM,00:05,TVH (Transvaginal hysterectomy),No,No,4,1,Left
17,9:35:49 AM,9:36:09 AM,00:20,TVH (Transvaginal hysterectomy),No,No,4,1,Left
25,9:36:09 AM,9:36:30 AM,00:21,TVH (Transvaginal hysterectomy),No,No,4,1,Left
17,9:36:30 AM,9:36:54 AM,00:24,TVH (Transvaginal hysterectomy),No,No,4,1,Left
18,9:36:54 AM,9:36:55 AM,00:01,TVH (Transvaginal hysterectomy),No,No,4,1,Left
17,9:36:55 AM,9:36:59 AM,00:04,TVH (Transvaginal hysterectomy),No,No,4,1,Left
25,9:36:59 AM,9:37:09 AM,00:10,TVH (Transvaginal hysterectomy),No,No,4,1,Left
26,9:37:09 AM,9:37:12 AM,00:03,TVH (Transvaginal hysterectomy),No,No,4,1,Left
18,9:37:12 AM,9:37:14 AM,00:02,TVH (Transvaginal hysterectomy),No,No,4,1,Left
2,9:37:14 AM,9:37:15 AM,00:01,TVH (Transvaginal hysterectomy),No,No,4,1,Left
1,9:37:15 AM,9:37:21 AM,00:06,TVH (Transvaginal hysterectomy),No,No,4,1,Left
5,9:37:21 AM,9:37:22 AM,00:01,TVH (Transvaginal hysterectomy),No,No,4,1,Left
6,9:37:22 AM,9:37:25 AM,00:03,TVH (Transvaginal hysterectomy),No,No,4,1,Left
22,9:37:25 AM,9:37:33 AM,00:08,TVH (Transvaginal hysterectomy),No,No,4,1,Left
18,9:37:33 AM,9:37:34 AM,00:01,TVH (Transvaginal hysterectomy),No,No,4,1,Left
17,9:37:34 AM,9:37:42 AM,00:08,TVH (Transvaginal hysterectomy),No,No,4,1,Left
25,9:37:42 AM,9:37:44 AM,00:02,TVH (Transvaginal hysterectomy),No,No,4,1,Left
17,9:37:44 AM,9:37:45 AM,00:01,TVH (Transvaginal hysterectomy),No,No,4,1,Left
18,9:37:45 AM,9:38:03 AM,00:18,TVH (Transvaginal hysterectomy),No,No,4,1,Left
17,9:38:03 AM,9:38:05 AM,00:02,TVH (Transvaginal hysterectomy),No,No,4,1,Left
25,9:38:05 AM,9:38:26 AM,00:21,TVH (Transvaginal hysterectomy),No,No,4,1,Left
9,9:38:26 AM,9:39:09 AM,00:43,TVH (Transvaginal hysterectomy),No,No,4,1,Left
1,9:39:09 AM,9:39:46 AM,00:37,TVH (Transvaginal hysterectomy),No,No,4,1,Left
2,9:39:46 AM,9:39:48 AM,00:02,TVH (Transvaginal hysterectomy),No,No,4,1,Left
4,9:39:48 AM,9:39:52 AM,00:04,TVH (Transvaginal hysterectomy),No,No,4,1,Left
20,9:39:52 AM,9:40:02 AM,00:10,TVH (Transvaginal hysterectomy),No,No,4,1,Left
18,9:40:02 AM,9:40:03 AM,00:01,TVH (Transvaginal hysterectomy),No,No,4,1,Left
20,9:40:03 AM,9:40:11 AM,00:08,TVH (Transvaginal hysterectomy),No,No,4,1,Left
18,9:40:11 AM,9:40:12 AM,00:01,TVH (Transvaginal hysterectomy),No,No,4,1,Left
17,9:40:12 AM,9:40:13 AM,00:01,TVH (Transvaginal hysterectomy),No,No,4,1,Left
1,9:40:13 AM,9:40:14 AM,00:01,TVH (Transvaginal hysterectomy),No,No,4,1,Left
9,9:40:14 AM,9:40:26 AM,00:12,TVH (Transvaginal hysterectomy),No,No,4,1,Left
25,9:40:26 AM,9:40:31 AM,00:05,TVH (Transvaginal hysterectomy),No,No,4,1,Left
26,9:40:31 AM,9:40:33 AM,00:02,TVH (Transvaginal hysterectomy),No,No,4,1,Left
25,9:40:33 AM,9:40:34 AM,00:01,TVH (Transvaginal hysterectomy),No,No,4,1,Left
17,9:40:34 AM,9:40:36 AM,00:02,TVH (Transvaginal hysterectomy),No,No,4,1,Left
25,9:40:36 AM,9:40:38 AM,00:02,TVH (Transvaginal hysterectomy),No,No,4,1,Left
9,9:40:38 AM,9:40:49 AM,00:11,TVH (Transvaginal hysterectomy),No,No,4,1,Left
25,9:40:49 AM,9:40:52 AM,00:03,TVH (Transvaginal hysterectomy),No,No,4,1,Left
29,9:40:52 AM,9:40:55 AM,00:03,TVH (Transvaginal hysterectomy),No,No,4,1,Left
30,9:40:55 AM,9:40:57 AM,00:02,TVH (Transvaginal hysterectomy),No,No,4,1,Left
22,9:40:57 AM,9:41:00 AM,00:03,TVH (Transvaginal hysterectomy),No,No,4,1,Left
21,9:41:00 AM,9:41:01 AM,00:01,TVH (Transvaginal hysterectomy),No,No,4,1,Left
17,9:41:01 AM,9:41:03 AM,00:02,TVH (Transvaginal hysterectomy),No,No,4,1,Left
25,9:41:03 AM,9:41:14 AM,00:11,TVH (Transvaginal hysterectomy),No,No,4,1,Left
9,9:41:14 AM,9:42:24 AM,01:10,TVH (Transvaginal hysterectomy),No,No,4,1,Left
10,9:42:24 AM,9:42:25 AM,00:01,TVH (Transvaginal hysterectomy),No,No,4,1,Left
12,9:42:25 AM,9:42:27 AM,00:02,TVH (Transvaginal hysterectomy),No,No,4,1,Left
11,9:42:27 AM,9:42:28 AM,00:01,TVH (Transvaginal hysterectomy),No,No,4,1,Left
9,9:42:28 AM,9:42:30 AM,00:02,TVH (Transvaginal hysterectomy),No,No,4,1,Left
1,9:42:30 AM,9:42:35 AM,00:05,TVH (Transvaginal hysterectomy),No,No,4,1,Left
2,9:42:35 AM,9:42:39 AM,00:04,TVH (Transvaginal hysterectomy),No,No,4,1,Left
1,9:42:39 AM,9:42:43 AM,00:04,TVH (Transvaginal hysterectomy),No,No,4,1,Left
9,9:42:43 AM,9:42:46 AM,00:03,TVH (Transvaginal hysterectomy),No,No,4,1,Left
1,9:42:46 AM,9:45:03 AM,02:17,TVH (Transvaginal hysterectomy),No,No,4,1,Left
2,9:45:03 AM,9:45:10 AM,00:07,TVH (Transvaginal hysterectomy),No,No,4,1,Left
1,9:45:10 AM,9:45:12 AM,00:02,TVH (Transvaginal hysterectomy),No,No,4,1,Left
2,9:45:12 AM,9:45:13 AM,00:01,TVH (Transvaginal hysterectomy),No,No,4,1,Left
6,9:45:13 AM,9:45:16 AM,00:03,TVH (Transvaginal hysterectomy),No,No,4,1,Left
2,9:45:16 AM,9:45:25 AM,00:09,TVH (Transvaginal hysterectomy),No,No,4,1,Left
4,9:45:25 AM,9:45:28 AM,00:03,TVH (Transvaginal hysterectomy),No,No,4,1,Left
20,9:45:28 AM,9:45:30 AM,00:02,TVH (Transvaginal hysterectomy),No,No,4,1,Left
18,9:45:30 AM,9:45:31 AM,00:01,TVH (Transvaginal hysterectomy),No,No,4,1,Left
2,9:45:31 AM,9:45:37 AM,00:06,TVH (Transvaginal hysterectomy),No,No,4,1,Left
18,9:45:37 AM,9:45:43 AM,00:06,TVH (Transvaginal hysterectomy),No,No,4,1,Left
2,9:45:43 AM,9:45:48 AM,00:05,TVH (Transvaginal hysterectomy),No,No,4,1,Left
1,9:45:48 AM,9:46:04 AM,00:16,TVH (Transvaginal hysterectomy),No,No,4,1,Left
2,9:46:04 AM,9:46:13 AM,00:09,TVH (Transvaginal hysterectomy),No,No,4,1,Left
18,9:46:13 AM,9:46:15 AM,00:02,TVH (Transvaginal hysterectomy),No,No,4,1,Left
2,9:46:15 AM,9:46:17 AM,00:02,TVH (Transvaginal hysterectomy),No,No,4,1,Left
6,9:46:17 AM,9:46:21 AM,00:04,TVH (Transvaginal hysterectomy),No,No,4,1,Left
2,9:46:21 AM,9:46:22 AM,00:01,TVH (Transvaginal hysterectomy),No,No,4,1,Left
10,9:46:22 AM,9:46:26 AM,00:04,TVH (Transvaginal hysterectomy),No,No,4,1,Left
9,9:46:26 AM,9:46:26 AM,00:00,TVH (Transvaginal hysterectomy),No,No,4,1,Left
10,9:46:26 AM,9:46:30 AM,00:04,TVH (Transvaginal hysterectomy),No,No,4,1,Left
2,9:46:30 AM,9:46:33 AM,00:03,TVH (Transvaginal hysterectomy),No,No,4,1,Left
10,9:46:33 AM,9:46:35 AM,00:02,TVH (Transvaginal hysterectomy),No,No,4,1,Left
2,9:46:35 AM,9:46:36 AM,00:01,TVH (Transvaginal hysterectomy),No,No,4,1,Left
1,9:46:36 AM,9:49:55 AM,03:19,TVH (Transvaginal hysterectomy),No,No,4,1,Left
9,9:49:55 AM,9:50:11 AM,00:16,TVH (Transvaginal hysterectomy),No,No,5,1,Left
1,9:50:11 AM,9:51:43 AM,01:32,TVH (Transvaginal hysterectomy),No,No,5,1,Left
2,9:51:43 AM,9:51:46 AM,00:03,TVH (Transvaginal hysterectomy),No,No,5,1,Left
1,9:51:46 AM,9:51:46 AM,00:00,TVH (Transvaginal hysterectomy),No,No,5,1,Left
9,9:51:46 AM,9:51:47 AM,00:01,TVH (Transvaginal hysterectomy),No,No,5,1,Left
1,9:51:47 AM,9:52:31 AM,00:44,TVH (Transvaginal hysterectomy),No,No,5,1,Left
17,10:00:12 AM,10:05:01 AM,04:49,TVH (Transvaginal hysterectomy),No,No,7,3,Left
1,10:05:01 AM,10:06:09 AM,01:08,TVH (Transvaginal hysterectomy),No,No,7,3,Left
17,10:06:09 AM,10:06:23 AM,00:14,TVH (Transvaginal hysterectomy),No,No,7,3,Left
1,10:06:23 AM,10:10:11 AM,03:48,TVH (Transvaginal hysterectomy),No,No,7,3,Left
9,10:10:11 AM,10:10:15 AM,00:04,TVH (Transvaginal hysterectomy),No,No,7,3,Left
1,10:10:15 AM,10:10:17 AM,00:02,TVH (Transvaginal hysterectomy),No,No,7,3,Left
17,10:10:17 AM,10:10:32 AM,00:15,TVH (Transvaginal hysterectomy),No,No,7,3,Left
1,10:10:32 AM,10:10:52 AM,00:20,TVH (Transvaginal hysterectomy),No,No,7,3,Left
2,10:10:52 AM,10:10:53 AM,00:01,TVH (Transvaginal hysterectomy),No,No,7,3,Left
1,10:10:53 AM,10:13:12 AM,02:19,TVH (Transvaginal hysterectomy),No,No,7,3,Left
2,10:13:12 AM,10:13:16 AM,00:04,TVH (Transvaginal hysterectomy),No,No,8,3,Left
4,10:13:16 AM,10:13:18 AM,00:02,TVH (Transvaginal hysterectomy),No,No,8,3,Left
3,10:13:18 AM,10:13:21 AM,00:03,TVH (Transvaginal hysterectomy),No,No,8,3,Left
1,10:13:21 AM,10:13:25 AM,00:04,TVH (Transvaginal hysterectomy),No,No,8,3,Left
17,10:13:25 AM,10:13:43 AM,00:18,TVH (Transvaginal hysterectomy),No,No,8,3,Left
1,10:13:43 AM,10:13:48 AM,00:05,TVH (Transvaginal hysterectomy),No,No,8,3,Left
17,10:13:48 AM,10:13:50 AM,00:02,TVH (Transvaginal hysterectomy),No,No,8,3,Left
18,10:13:50 AM,10:13:54 AM,00:04,TVH (Transvaginal hysterectomy),No,No,8,3,Left
17,10:13:54 AM,10:13:54 AM,00:00,TVH (Transvaginal hysterectomy),No,No,8,3,Left
1,10:13:54 AM,10:14:35 AM,00:41,TVH (Transvaginal hysterectomy),No,No,8,3,Left
2,10:14:35 AM,10:14:36 AM,00:01,TVH (Transvaginal hysterectomy),No,No,8,3,Left
18,10:14:36 AM,10:15:14 AM,00:38,TVH (Transvaginal hysterectomy),No,No,8,3,Left
17,10:15:14 AM,10:15:17 AM,00:03,TVH (Transvaginal hysterectomy),No,No,9,3,Left
18,10:15:17 AM,10:15:18 AM,00:01,TVH (Transvaginal hysterectomy),No,No,9,3,Left
20,10:15:18 AM,10:15:21 AM,00:03,TVH (Transvaginal hysterectomy),No,No,9,3,Left
19,10:15:21 AM,10:15:23 AM,00:02,TVH (Transvaginal hysterectomy),No,No,9,3,Left
17,10:15:23 AM,10:16:38 AM,01:15,TVH (Transvaginal hysterectomy),No,No,9,3,Left
1,10:16:38 AM,10:17:47 AM,01:09,TVH (Transvaginal hysterectomy),No,No,9,3,Left
9,10:17:47 AM,10:18:03 AM,00:16,TVH (Transvaginal hysterectomy),No,No,9,3,Left
1,10:18:03 AM,10:18:06 AM,00:03,TVH (Transvaginal hysterectomy),No,No,9,3,Left
9,10:18:06 AM,10:18:07 AM,00:01,TVH (Transvaginal hysterectomy),No,No,9,3,Left
1,10:18:07 AM,10:19:36 AM,01:29,TVH (Transvaginal hysterectomy),No,No,9,3,Left
9,10:19:36 AM,10:19:58 AM,00:22,TVH (Transvaginal hysterectomy),No,No,9,3,Left
10,10:19:58 AM,10:20:03 AM,00:05,TVH (Transvaginal hysterectomy),No,No,9,3,Left
9,10:20:03 AM,10:22:35 AM,02:32,TVH (Transvaginal hysterectomy),No,No,9,3,Left
1,10:22:35 AM,10:22:36 AM,00:01,TVH (Transvaginal hysterectomy),No,No,9,3,Left
17,10:22:36 AM,10:22:38 AM,00:02,TVH (Transvaginal hysterectomy),No,No,9,3,Left
18,10:22:38 AM,10:22:40 AM,00:02,TVH (Transvaginal hysterectomy),No,No,9,3,Left
17,10:22:40 AM,10:23:31 AM,00:51,TVH (Transvaginal hysterectomy),No,No,9,3,Left
1,10:23:31 AM,10:23:32 AM,00:01,TVH (Transvaginal hysterectomy),No,No,9,3,Left
9,10:23:32 AM,10:24:43 AM,01:11,TVH (Transvaginal hysterectomy),No,No,9,3,Left
10,10:24:43 AM,10:24:45 AM,00:02,TVH (Transvaginal hysterectomy),No,No,9,3,Left
2,10:24:45 AM,10:24:48 AM,00:03,TVH (Transvaginal hysterectomy),No,No,9,3,Left
18,10:24:48 AM,10:25:08 AM,00:20,TVH (Transvaginal hysterectomy),No,No,9,3,Left
17,10:25:08 AM,10:25:23 AM,00:15,TVH (Transvaginal hysterectomy),No,No,9,3,Left
1,10:25:23 AM,10:25:33 AM,00:10,TVH (Transvaginal hysterectomy),No,No,9,3,Left
17,10:25:33 AM,10:29:07 AM,03:34,TVH (Transvaginal hysterectomy),No,No,9,3,Left
1,10:29:07 AM,10:29:25 AM,00:18,TVH (Transvaginal hysterectomy),No,No,9,3,Left
3,10:29:25 AM,10:29:28 AM,00:03,TVH (Transvaginal hysterectomy),No,No,9,3,Left
1,10:29:28 AM,10:30:01 AM,00:33,TVH (Transvaginal hysterectomy),No,No,9,3,Left
17,10:30:01 AM,10:30:14 AM,00:13,TVH (Transvaginal hysterectomy),No,No,9,3,Left
1,10:30:14 AM,10:30:26 AM,00:12,TVH (Transvaginal hysterectomy),No,No,9,3,Left
2,10:30:26 AM,10:30:28 AM,00:02,TVH (Transvaginal hysterectomy),No,No,9,3,Left
4,10:30:28 AM,10:30:30 AM,00:02,TVH (Transvaginal hysterectomy),No,No,9,3,Left
20,10:30:30 AM,10:30:35 AM,00:05,TVH (Transvaginal hysterectomy),No,No,9,3,Left
4,10:30:35 AM,10:30:36 AM,00:01,TVH (Transvaginal hysterectomy),No,No,9,3,Left
2,10:30:36 AM,10:30:36 AM,00:00,TVH (Transvaginal hysterectomy),No,No,9,3,Left
1,10:30:36 AM,10:30:47 AM,00:11,TVH (Transvaginal hysterectomy),No,No,9,3,Left
3,10:30:47 AM,10:30:49 AM,00:02,TVH (Transvaginal hysterectomy),No,No,9,3,Left
1,10:30:49 AM,10:30:55 AM,00:06,TVH (Transvaginal hysterectomy),No,No,9,3,Left
17,10:30:55 AM,10:30:58 AM,00:03,TVH (Transvaginal hysterectomy),No,No,9,3,Left
1,10:30:58 AM,10:31:54 AM,00:56,TVH (Transvaginal hysterectomy),No,No,9,3,Left
3,10:31:54 AM,10:31:55 AM,00:01,TVH (Transvaginal hysterectomy),No,No,9,3,Left
1,10:31:55 AM,10:32:03 AM,00:08,TVH (Transvaginal hysterectomy),No,No,9,3,Left
3,10:32:03 AM,10:32:04 AM,00:01,TVH (Transvaginal hysterectomy),No,No,9,3,Left
4,10:32:04 AM,10:32:09 AM,00:05,TVH (Transvaginal hysterectomy),No,No,9,3,Left
8,10:32:09 AM,10:32:11 AM,00:02,TVH (Transvaginal hysterectomy),No,No,9,3,Left
4,10:32:11 AM,10:32:13 AM,00:02,TVH (Transvaginal hysterectomy),No,No,9,3,Left
3,10:32:13 AM,10:32:20 AM,00:07,TVH (Transvaginal hysterectomy),No,No,9,3,Left
4,10:32:20 AM,10:32:22 AM,00:02,TVH (Transvaginal hysterectomy),No,No,9,3,Left
20,10:32:22 AM,10:32:28 AM,00:06,TVH (Transvaginal hysterectomy),No,No,9,3,Left
18,10:32:28 AM,10:32:28 AM,00:00,TVH (Transvaginal hysterectomy),No,No,9,3,Left
17,10:32:28 AM,10:32:34 AM,00:06,TVH (Transvaginal hysterectomy),No,No,9,3,Left
18,10:32:34 AM,10:32:39 AM,00:05,TVH (Transvaginal hysterectomy),No,No,9,3,Left
17,10:32:39 AM,10:33:17 AM,00:38,TVH (Transvaginal hysterectomy),No,No,9,3,Left
25,10:33:17 AM,10:33:43 AM,00:26,TVH (Transvaginal hysterectomy),No,No,9,3,Left
26,10:33:43 AM,10:33:45 AM,00:02,TVH (Transvaginal hysterectomy),No,No,9,3,Left
25,10:33:45 AM,10:33:47 AM,00:02,TVH (Transvaginal hysterectomy),No,No,9,3,Left
17,10:33:47 AM,10:34:02 AM,00:15,TVH (Transvaginal hysterectomy),No,No,9,3,Left
25,10:34:02 AM,10:34:07 AM,00:05,TVH (Transvaginal hysterectomy),No,No,9,3,Left
17,10:34:07 AM,10:34:23 AM,00:16,TVH (Transvaginal hysterectomy),No,No,9,3,Left
25,10:34:23 AM,10:34:47 AM,00:24,TVH (Transvaginal hysterectomy),No,No,9,3,Left
17,10:34:47 AM,10:35:54 AM,01:07,TVH (Transvaginal hysterectomy),No,No,9,3,Left
25,10:35:54 AM,10:36:08 AM,00:14,TVH (Transvaginal hysterectomy),No,No,9,3,Left
26,10:36:08 AM,10:36:11 AM,00:03,TVH (Transvaginal hysterectomy),No,No,9,3,Left
18,10:36:11 AM,10:36:11 AM,00:00,TVH (Transvaginal hysterectomy),No,No,9,3,Left
17,10:36:11 AM,10:36:13 AM,00:02,TVH (Transvaginal hysterectomy),No,No,9,3,Left
1,10:36:13 AM,10:36:24 AM,00:11,TVH (Transvaginal hysterectomy),No,No,9,3,Left
2,10:36:24 AM,10:36:26 AM,00:02,TVH (Transvaginal hysterectomy),No,No,9,3,Left
18,10:36:26 AM,10:36:29 AM,00:03,TVH (Transvaginal hysterectomy),No,No,9,3,Left
2,10:36:29 AM,10:36:31 AM,00:02,TVH (Transvaginal hysterectomy),No,No,9,3,Left
1,10:36:31 AM,10:36:35 AM,00:04,TVH (Transvaginal hysterectomy),No,No,9,3,Left
2,10:36:35 AM,10:36:38 AM,00:03,TVH (Transvaginal hysterectomy),No,No,9,3,Left
4,10:36:38 AM,10:36:41 AM,00:03,TVH (Transvaginal hysterectomy),No,No,9,3,Left
8,10:36:41 AM,10:36:42 AM,00:01,TVH (Transvaginal hysterectomy),No,No,9,3,Left
4,10:36:42 AM,10:36:43 AM,00:01,TVH (Transvaginal hysterectomy),No,No,9,3,Left
2,10:36:43 AM,10:36:45 AM,00:02,TVH (Transvaginal hysterectomy),No,No,9,3,Left
1,10:36:45 AM,10:36:50 AM,00:05,TVH (Transvaginal hysterectomy),No,No,9,3,Left
2,10:36:50 AM,10:36:52 AM,00:02,TVH (Transvaginal hysterectomy),No,No,9,3,Left
1,10:36:52 AM,10:37:05 AM,00:13,TVH (Transvaginal hysterectomy),No,No,9,3,Left
2,10:37:05 AM,10:37:08 AM,00:03,TVH (Transvaginal hysterectomy),No,No,9,3,Left
1,10:37:08 AM,10:37:09 AM,00:01,TVH (Transvaginal hysterectomy),No,No,9,3,Left
17,10:37:09 AM,10:37:11 AM,00:02,TVH (Transvaginal hysterectomy),No,No,9,3,Left
25,10:37:11 AM,10:37:17 AM,00:06,TVH (Transvaginal hysterectomy),No,No,9,3,Left
9,10:37:17 AM,10:37:18 AM,00:01,TVH (Transvaginal hysterectomy),No,No,9,3,Left
1,10:37:18 AM,10:37:24 AM,00:06,TVH (Transvaginal hysterectomy),No,No,9,3,Left
17,10:37:24 AM,10:37:28 AM,00:04,TVH (Transvaginal hysterectomy),No,No,9,3,Left
1,10:37:28 AM,10:37:31 AM,00:03,TVH (Transvaginal hysterectomy),No,No,9,3,Left
17,10:37:31 AM,10:37:37 AM,00:06,TVH (Transvaginal hysterectomy),No,No,9,3,Left
1,10:37:37 AM,10:37:42 AM,00:05,TVH (Transvaginal hysterectomy),No,No,9,3,Left
17,10:37:42 AM,10:37:47 AM,00:05,TVH (Transvaginal hysterectomy),No,No,9,3,Left
1,10:37:47 AM,10:37:55 AM,00:08,TVH (Transvaginal hysterectomy),No,No,9,3,Left
17,10:37:55 AM,10:37:57 AM,00:02,TVH (Transvaginal hysterectomy),No,No,9,3,Left
1,10:37:57 AM,10:37:59 AM,00:02,TVH (Transvaginal hysterectomy),No,No,9,3,Left
17,10:37:59 AM,10:38:10 AM,00:11,TVH (Transvaginal hysterectomy),No,No,9,3,Left
25,10:38:10 AM,10:38:15 AM,00:05,TVH (Transvaginal hysterectomy),No,No,9,3,Left
9,10:38:15 AM,10:38:16 AM,00:01,TVH (Transvaginal hysterectomy),No,No,9,3,Left
25,10:38:16 AM,10:38:27 AM,00:11,TVH (Transvaginal hysterectomy),No,No,9,3,Left
9,10:38:27 AM,10:38:27 AM,00:00,TVH (Transvaginal hysterectomy),No,No,9,3,Left
1,10:38:27 AM,10:38:34 AM,00:07,TVH (Transvaginal hysterectomy),No,No,9,3,Left
17,10:38:34 AM,10:38:47 AM,00:13,TVH (Transvaginal hysterectomy),No,No,9,3,Left
18,10:38:47 AM,10:38:50 AM,00:03,TVH (Transvaginal hysterectomy),No,No,9,3,Left
26,10:38:50 AM,10:39:05 AM,00:15,TVH (Transvaginal hysterectomy),No,No,9,3,Left
10,10:39:05 AM,10:39:07 AM,00:02,TVH (Transvaginal hysterectomy),No,No,9,3,Left
9,10:39:07 AM,10:39:13 AM,00:06,TVH (Transvaginal hysterectomy),No,No,9,3,Left
25,10:39:13 AM,10:39:38 AM,00:25,TVH (Transvaginal hysterectomy),No,No,9,3,Left
9,10:39:38 AM,10:39:39 AM,00:01,TVH (Transvaginal hysterectomy),No,No,9,3,Left
1,10:39:39 AM,10:40:19 AM,00:40,TVH (Transvaginal hysterectomy),No,No,9,3,Left
2,10:40:19 AM,10:40:24 AM,00:05,TVH (Transvaginal hysterectomy),No,No,9,3,Left
18,10:40:24 AM,10:40:25 AM,00:01,TVH (Transvaginal hysterectomy),No,No,9,3,Left
17,10:40:25 AM,10:41:17 AM,00:52,TVH (Transvaginal hysterectomy),No,No,9,3,Left
18,10:41:17 AM,10:41:18 AM,00:01,TVH (Transvaginal hysterectomy),No,No,9,3,Left
17,10:41:18 AM,10:42:57 AM,01:39,TVH (Transvaginal hysterectomy),No,No,9,3,Left
25,10:42:57 AM,10:42:58 AM,00:01,TVH (Transvaginal hysterectomy),No,No,9,3,Left
9,10:42:58 AM,10:44:38 AM,01:40,TVH (Transvaginal hysterectomy),No,No,9,3,Left
11,10:44:38 AM,10:44:39 AM,00:01,TVH (Transvaginal hysterectomy),No,No,9,3,Left
9,10:44:39 AM,10:45:38 AM,00:59,TVH (Transvaginal hysterectomy),No,No,9,3,Left
10,10:45:38 AM,10:45:40 AM,00:02,TVH (Transvaginal hysterectomy),No,No,9,3,Left
26,10:45:40 AM,10:45:46 AM,00:06,TVH (Transvaginal hysterectomy),No,No,9,3,Left
30,10:45:46 AM,10:45:47 AM,00:01,TVH (Transvaginal hysterectomy),No,No,9,3,Left
22,10:45:47 AM,10:45:48 AM,00:01,TVH (Transvaginal hysterectomy),No,No,9,3,Left
18,10:45:48 AM,10:45:50 AM,00:02,TVH (Transvaginal hysterectomy),No,No,9,3,Left
17,10:45:50 AM,10:47:11 AM,01:21,TVH (Transvaginal hysterectomy),No,No,9,3,Left
1,10:47:11 AM,10:47:15 AM,00:04,TVH (Transvaginal hysterectomy),No,No,9,3,Left
17,10:47:15 AM,10:48:24 AM,01:09,TVH (Transvaginal hysterectomy),No,No,9,3,Left
25,10:48:24 AM,10:48:55 AM,00:31,TVH (Transvaginal hysterectomy),No,No,9,3,Left
17,10:48:55 AM,10:50:28 AM,01:33,TVH (Transvaginal hysterectomy),No,No,9,3,Left
1,10:50:28 AM,10:51:10 AM,00:42,TVH (Transvaginal hysterectomy),No,No,9,3,Left
2,10:51:10 AM,10:51:11 AM,00:01,TVH (Transvaginal hysterectomy),No,No,9,3,Left
4,10:51:11 AM,10:51:13 AM,00:02,TVH (Transvaginal hysterectomy),No,No,9,3,Left
20,10:51:13 AM,10:51:25 AM,00:12,TVH (Transvaginal hysterectomy),No,No,9,3,Left
18,10:51:25 AM,10:51:26 AM,00:01,TVH (Transvaginal hysterectomy),No,No,9,3,Left
20,10:51:26 AM,10:51:42 AM,00:16,TVH (Transvaginal hysterectomy),No,No,9,3,Left
19,10:51:42 AM,10:51:42 AM,00:00,TVH (Transvaginal hysterectomy),No,No,9,3,Left
3,10:51:42 AM,10:51:44 AM,00:02,TVH (Transvaginal hysterectomy),No,No,9,3,Left
1,10:51:44 AM,10:51:52 AM,00:08,TVH (Transvaginal hysterectomy),No,No,9,3,Left
