Posture Code,Start ,End,Duration,Task Code,Stool Usage,Sitting,Bed Code,Patient Code,Location
1,8:07:57 AM,8:11:06 AM,03:09,TVH (Transvaginal hysterectomy),No,No,1,1,Left
2,8:11:06 AM,8:11:36 AM,00:30,TVH (Transvaginal hysterectomy),No,No,1,1,Left
1,8:11:36 AM,8:12:02 AM,00:26,TVH (Transvaginal hysterectomy),No,No,1,1,Left
2,8:12:02 AM,8:12:06 AM,00:04,TVH (Transvaginal hysterectomy),No,No,1,1,Left
1,8:12:06 AM,8:12:19 AM,00:13,TVH (Transvaginal hysterectomy),No,No,1,1,Left
17,8:12:19 AM,8:12:28 AM,00:09,TVH (Transvaginal hysterectomy),No,No,1,1,Left
1,8:12:28 AM,8:13:00 AM,00:32,TVH (Transvaginal hysterectomy),No,No,1,1,Left
2,8:13:00 AM,8:13:01 AM,00:01,TVH (Transvaginal hysterectomy),No,No,1,1,Left
1,8:13:01 AM,8:13:26 AM,00:25,TVH (Transvaginal hysterectomy),No,No,1,1,Left
2,8:13:26 AM,8:13:27 AM,00:01,TVH (Transvaginal hysterectomy),No,No,1,1,Left
1,8:13:27 AM,8:13:53 AM,00:26,TVH (Transvaginal hysterectomy),No,No,1,1,Left
17,8:13:53 AM,8:13:56 AM,00:03,TVH (Transvaginal hysterectomy),No,No,1,1,Left
1,8:13:56 AM,8:13:59 AM,00:03,TVH (Transvaginal hysterectomy),No,No,1,1,Left
17,8:13:59 AM,8:14:38 AM,00:39,TVH (Transvaginal hysterectomy),No,No,1,1,Left
1,8:14:38 AM,8:15:49 AM,01:11,TVH (Transvaginal hysterectomy),No,No,1,1,Left
2,8:15:49 AM,8:16:23 AM,00:34,TVH (Transvaginal hysterectomy),No,No,1,1,Left
1,8:16:23 AM,8:16:25 AM,00:02,TVH (Transvaginal hysterectomy),No,No,1,1,Left
3,8:16:25 AM,8:16:28 AM,00:03,TVH (Transvaginal hysterectomy),No,No,1,1,Left
1,8:16:28 AM,8:17:15 AM,00:47,TVH (Transvaginal hysterectomy),No,No,1,1,Left
17,8:17:15 AM,8:17:57 AM,00:42,TVH (Transvaginal hysterectomy),No,No,1,1,Left
18,8:17:57 AM,8:18:00 AM,00:03,TVH (Transvaginal hysterectomy),No,No,1,1,Left
2,8:18:00 AM,8:18:02 AM,00:02,TVH (Transvaginal hysterectomy),No,No,1,1,Left
1,8:18:02 AM,8:18:04 AM,00:02,TVH (Transvaginal hysterectomy),No,No,1,1,Left
17,8:18:04 AM,8:18:20 AM,00:16,TVH (Transvaginal hysterectomy),No,No,1,1,Left
21,8:18:20 AM,8:18:20 AM,00:00,TVH (Transvaginal hysterectomy),No,No,1,1,Left
17,8:18:20 AM,8:18:53 AM,00:33,TVH (Transvaginal hysterectomy),No,No,1,1,Left
18,8:18:53 AM,8:19:07 AM,00:14,TVH (Transvaginal hysterectomy),No,No,1,1,Left
17,8:19:07 AM,8:19:09 AM,00:02,TVH (Transvaginal hysterectomy),No,No,1,1,Left
18,8:19:09 AM,8:19:13 AM,00:04,TVH (Transvaginal hysterectomy),No,No,1,1,Left
17,8:19:13 AM,8:19:15 AM,00:02,TVH (Transvaginal hysterectomy),No,No,1,1,Left
1,8:19:15 AM,8:19:41 AM,00:26,TVH (Transvaginal hysterectomy),No,No,1,1,Left
17,8:19:41 AM,8:19:55 AM,00:14,TVH (Transvaginal hysterectomy),No,No,1,1,Left
18,8:19:55 AM,8:19:58 AM,00:03,TVH (Transvaginal hysterectomy),No,No,1,1,Left
17,8:19:58 AM,8:20:08 AM,00:10,TVH (Transvaginal hysterectomy),No,No,1,1,Left
1,8:20:08 AM,8:20:24 AM,00:16,TVH (Transvaginal hysterectomy),No,No,1,1,Left
2,8:20:24 AM,8:20:37 AM,00:13,TVH (Transvaginal hysterectomy),No,No,1,1,Left
1,8:20:37 AM,8:20:56 AM,00:19,TVH (Transvaginal hysterectomy),No,No,1,1,Left
2,8:20:56 AM,8:21:20 AM,00:24,TVH (Transvaginal hysterectomy),No,No,1,1,Left
1,8:21:20 AM,8:21:46 AM,00:26,TVH (Transvaginal hysterectomy),No,No,1,1,Left
2,8:21:46 AM,8:21:55 AM,00:09,TVH (Transvaginal hysterectomy),No,No,1,1,Left
1,8:21:55 AM,8:22:24 AM,00:29,TVH (Transvaginal hysterectomy),No,No,1,1,Left
2,8:22:24 AM,8:22:32 AM,00:08,TVH (Transvaginal hysterectomy),No,No,1,1,Left
1,8:22:32 AM,8:25:03 AM,02:31,TVH (Transvaginal hysterectomy),No,No,1,1,Left
2,8:25:03 AM,8:25:08 AM,00:05,TVH (Transvaginal hysterectomy),No,No,1,1,Left
1,8:25:08 AM,8:25:29 AM,00:21,TVH (Transvaginal hysterectomy),No,No,1,1,Left
17,8:25:29 AM,8:25:33 AM,00:04,TVH (Transvaginal hysterectomy),No,No,1,1,Left
1,8:25:33 AM,8:25:36 AM,00:03,TVH (Transvaginal hysterectomy),No,No,1,1,Left
2,8:25:36 AM,8:25:52 AM,00:16,TVH (Transvaginal hysterectomy),No,No,1,1,Left
1,8:25:52 AM,8:26:11 AM,00:19,TVH (Transvaginal hysterectomy),No,No,1,1,Left
2,8:26:11 AM,8:26:40 AM,00:29,TVH (Transvaginal hysterectomy),No,No,1,1,Left
1,8:26:40 AM,8:27:05 AM,00:25,TVH (Transvaginal hysterectomy),No,No,1,1,Left
5,8:27:05 AM,8:27:06 AM,00:01,TVH (Transvaginal hysterectomy),No,No,1,1,Left
1,8:27:06 AM,8:27:10 AM,00:04,TVH (Transvaginal hysterectomy),No,No,1,1,Left
17,8:27:10 AM,8:27:13 AM,00:03,TVH (Transvaginal hysterectomy),No,No,1,1,Left
1,8:27:13 AM,8:27:19 AM,00:06,TVH (Transvaginal hysterectomy),No,No,1,1,Left
2,8:27:19 AM,8:27:28 AM,00:09,TVH (Transvaginal hysterectomy),No,No,1,1,Left
18,8:27:28 AM,8:27:41 AM,00:13,TVH (Transvaginal hysterectomy),No,No,1,1,Left
17,8:27:41 AM,8:27:56 AM,00:15,TVH (Transvaginal hysterectomy),No,No,1,1,Left
18,8:27:56 AM,8:28:08 AM,00:12,TVH (Transvaginal hysterectomy),No,No,1,1,Left
17,8:28:08 AM,8:28:16 AM,00:08,TVH (Transvaginal hysterectomy),No,No,1,1,Left
18,8:28:16 AM,8:28:34 AM,00:18,TVH (Transvaginal hysterectomy),No,No,1,1,Left
17,8:28:34 AM,8:28:44 AM,00:10,TVH (Transvaginal hysterectomy),No,No,1,1,Left
1,8:28:44 AM,8:29:13 AM,00:29,TVH (Transvaginal hysterectomy),No,No,1,1,Left
2,8:29:13 AM,8:29:21 AM,00:08,TVH (Transvaginal hysterectomy),No,No,1,1,Left
1,8:29:21 AM,8:29:28 AM,00:07,TVH (Transvaginal hysterectomy),No,No,1,1,Left
2,8:29:28 AM,8:29:33 AM,00:05,TVH (Transvaginal hysterectomy),No,No,1,1,Left
1,8:29:33 AM,8:29:41 AM,00:08,TVH (Transvaginal hysterectomy),No,No,1,1,Left
2,8:29:41 AM,8:29:50 AM,00:09,TVH (Transvaginal hysterectomy),No,No,1,1,Left
1,8:29:50 AM,8:29:59 AM,00:09,TVH (Transvaginal hysterectomy),No,No,1,1,Left
2,8:29:59 AM,8:30:02 AM,00:03,TVH (Transvaginal hysterectomy),No,No,1,1,Left
1,8:30:02 AM,8:30:06 AM,00:04,TVH (Transvaginal hysterectomy),No,No,1,1,Left
2,8:30:06 AM,8:30:14 AM,00:08,TVH (Transvaginal hysterectomy),No,No,1,1,Left
1,8:30:14 AM,8:30:28 AM,00:14,TVH (Transvaginal hysterectomy),No,No,1,1,Left
17,8:30:28 AM,8:30:31 AM,00:03,TVH (Transvaginal hysterectomy),No,No,1,1,Left
1,8:30:31 AM,8:30:35 AM,00:04,TVH (Transvaginal hysterectomy),No,No,1,1,Left
17,8:30:35 AM,8:30:38 AM,00:03,TVH (Transvaginal hysterectomy),No,No,1,1,Left
1,8:30:38 AM,8:31:41 AM,01:03,TVH (Transvaginal hysterectomy),No,No,1,1,Left
2,8:31:41 AM,8:31:45 AM,00:04,TVH (Transvaginal hysterectomy),No,No,1,1,Left
1,8:31:45 AM,8:31:46 AM,00:01,TVH (Transvaginal hysterectomy),No,No,1,1,Left
17,8:31:46 AM,8:31:53 AM,00:07,TVH (Transvaginal hysterectomy),No,No,1,1,Left
1,8:31:53 AM,8:32:12 AM,00:19,TVH (Transvaginal hysterectomy),No,No,1,1,Left
17,8:32:12 AM,8:32:15 AM,00:03,TVH (Transvaginal hysterectomy),No,No,1,1,Left
1,8:32:15 AM,8:32:19 AM,00:04,TVH (Transvaginal hysterectomy),No,No,1,1,Left
5,8:32:19 AM,8:32:22 AM,00:03,TVH (Transvaginal hysterectomy),No,No,1,1,Left
1,8:32:22 AM,8:32:23 AM,00:01,TVH (Transvaginal hysterectomy),No,No,1,1,Left
17,8:32:23 AM,8:32:25 AM,00:02,TVH (Transvaginal hysterectomy),No,No,1,1,Left
1,8:32:25 AM,8:32:30 AM,00:05,TVH (Transvaginal hysterectomy),No,No,1,1,Left
2,8:32:30 AM,8:32:31 AM,00:01,TVH (Transvaginal hysterectomy),No,No,1,1,Left
1,8:32:31 AM,8:34:03 AM,01:32,TVH (Transvaginal hysterectomy),No,No,1,1,Left
17,8:34:03 AM,8:34:08 AM,00:05,TVH (Transvaginal hysterectomy),No,No,1,1,Left
1,8:34:08 AM,8:34:42 AM,00:34,TVH (Transvaginal hysterectomy),No,No,1,1,Left
17,8:34:42 AM,8:34:46 AM,00:04,TVH (Transvaginal hysterectomy),No,No,1,1,Left
1,8:34:46 AM,8:34:59 AM,00:13,TVH (Transvaginal hysterectomy),No,No,1,1,Left
2,8:34:59 AM,8:35:01 AM,00:02,TVH (Transvaginal hysterectomy),No,No,1,1,Left
1,8:35:01 AM,8:35:09 AM,00:08,TVH (Transvaginal hysterectomy),No,No,1,1,Left
2,8:35:09 AM,8:35:10 AM,00:01,TVH (Transvaginal hysterectomy),No,No,1,1,Left
1,8:35:10 AM,8:35:11 AM,00:01,TVH (Transvaginal hysterectomy),No,No,1,1,Left
17,8:35:11 AM,8:35:17 AM,00:06,TVH (Transvaginal hysterectomy),No,No,1,1,Left
1,8:35:17 AM,8:35:45 AM,00:28,TVH (Transvaginal hysterectomy),No,No,1,1,Left
17,8:35:45 AM,8:35:49 AM,00:04,TVH (Transvaginal hysterectomy),No,No,1,1,Left
1,8:35:49 AM,8:35:57 AM,00:08,TVH (Transvaginal hysterectomy),No,No,1,1,Left
17,8:35:57 AM,8:35:58 AM,00:01,TVH (Transvaginal hysterectomy),No,No,1,1,Left
1,8:35:58 AM,8:36:03 AM,00:05,TVH (Transvaginal hysterectomy),No,No,1,1,Left
17,8:36:03 AM,8:36:09 AM,00:06,TVH (Transvaginal hysterectomy),No,No,1,1,Left
1,8:36:09 AM,8:36:13 AM,00:04,TVH (Transvaginal hysterectomy),No,No,1,1,Left
17,8:36:13 AM,8:36:24 AM,00:11,TVH (Transvaginal hysterectomy),No,No,1,1,Left
1,8:36:24 AM,8:36:35 AM,00:11,TVH (Transvaginal hysterectomy),No,No,1,1,Left
2,8:36:35 AM,8:36:44 AM,00:09,TVH (Transvaginal hysterectomy),No,No,1,1,Left
18,8:36:44 AM,8:36:52 AM,00:08,TVH (Transvaginal hysterectomy),No,No,1,1,Left
17,8:36:52 AM,8:36:54 AM,00:02,TVH (Transvaginal hysterectomy),No,No,1,1,Left
1,8:36:54 AM,8:37:11 AM,00:17,TVH (Transvaginal hysterectomy),No,No,1,1,Left
17,8:37:11 AM,8:38:21 AM,01:10,TVH (Transvaginal hysterectomy),No,No,1,1,Left
21,8:38:21 AM,8:38:22 AM,00:01,TVH (Transvaginal hysterectomy),No,No,1,1,Left
17,8:38:22 AM,8:38:34 AM,00:12,TVH (Transvaginal hysterectomy),No,No,1,1,Left
18,8:38:34 AM,8:38:58 AM,00:24,TVH (Transvaginal hysterectomy),No,No,1,1,Left
17,8:38:58 AM,8:39:23 AM,00:25,TVH (Transvaginal hysterectomy),No,No,1,1,Left
18,8:39:23 AM,8:39:29 AM,00:06,TVH (Transvaginal hysterectomy),No,No,1,1,Left
17,8:39:29 AM,8:40:22 AM,00:53,TVH (Transvaginal hysterectomy),No,No,1,1,Left
1,8:40:22 AM,8:41:27 AM,01:05,TVH (Transvaginal hysterectomy),No,No,1,1,Left
17,8:41:27 AM,8:41:29 AM,00:02,TVH (Transvaginal hysterectomy),No,No,1,1,Left
1,8:41:29 AM,8:41:34 AM,00:05,TVH (Transvaginal hysterectomy),No,No,1,1,Left
17,8:41:34 AM,8:41:49 AM,00:15,TVH (Transvaginal hysterectomy),No,No,1,1,Left
21,8:41:49 AM,8:41:56 AM,00:07,TVH (Transvaginal hysterectomy),No,No,1,1,Left
17,8:41:56 AM,8:42:01 AM,00:05,TVH (Transvaginal hysterectomy),No,No,1,1,Left
18,8:42:01 AM,8:42:05 AM,00:04,TVH (Transvaginal hysterectomy),No,No,1,1,Left
17,8:42:05 AM,8:42:26 AM,00:21,TVH (Transvaginal hysterectomy),No,No,1,1,Left
18,8:42:26 AM,8:42:35 AM,00:09,TVH (Transvaginal hysterectomy),No,No,1,1,Left
17,8:42:35 AM,8:43:07 AM,00:32,TVH (Transvaginal hysterectomy),No,No,1,1,Left
21,8:43:07 AM,8:43:09 AM,00:02,TVH (Transvaginal hysterectomy),No,No,1,1,Left
22,8:43:09 AM,8:43:15 AM,00:06,TVH (Transvaginal hysterectomy),No,No,1,1,Left
21,8:43:15 AM,8:43:27 AM,00:12,TVH (Transvaginal hysterectomy),No,No,1,1,Left
17,8:43:27 AM,8:43:29 AM,00:02,TVH (Transvaginal hysterectomy),No,No,1,1,Left
18,8:43:29 AM,8:43:43 AM,00:14,TVH (Transvaginal hysterectomy),No,No,1,1,Left
17,8:43:43 AM,8:44:06 AM,00:23,TVH (Transvaginal hysterectomy),No,No,1,1,Left
1,8:44:06 AM,8:44:06 AM,00:00,TVH (Transvaginal hysterectomy),No,No,1,1,Left
17,8:44:50 AM,8:45:33 AM,00:43,BSO (Biateral salpingo-oophrectomy),No,No,2,2,Left
1,8:45:33 AM,8:45:37 AM,00:04,BSO (Biateral salpingo-oophrectomy),No,No,2,2,Left
17,8:45:37 AM,8:45:58 AM,00:21,BSO (Biateral salpingo-oophrectomy),No,No,2,2,Left
21,8:45:58 AM,8:46:02 AM,00:04,BSO (Biateral salpingo-oophrectomy),No,No,2,2,Left
17,8:46:02 AM,8:46:05 AM,00:03,BSO (Biateral salpingo-oophrectomy),No,No,2,2,Left
1,8:46:05 AM,8:46:08 AM,00:03,BSO (Biateral salpingo-oophrectomy),No,No,2,2,Left
9,8:46:08 AM,8:46:11 AM,00:03,BSO (Biateral salpingo-oophrectomy),No,No,2,2,Left
1,8:46:11 AM,8:46:12 AM,00:01,BSO (Biateral salpingo-oophrectomy),No,No,2,2,Left
17,8:46:12 AM,8:46:19 AM,00:07,BSO (Biateral salpingo-oophrectomy),No,No,2,2,Left
18,8:46:19 AM,8:46:21 AM,00:02,BSO (Biateral salpingo-oophrectomy),No,No,2,2,Left
17,8:46:21 AM,8:46:25 AM,00:04,BSO (Biateral salpingo-oophrectomy),No,No,2,2,Left
25,8:46:25 AM,8:46:34 AM,00:09,BSO (Biateral salpingo-oophrectomy),No,No,2,2,Left
17,8:46:34 AM,8:47:02 AM,00:28,BSO (Biateral salpingo-oophrectomy),No,No,2,2,Left
1,8:47:02 AM,8:47:38 AM,00:36,BSO (Biateral salpingo-oophrectomy),No,No,2,2,Left
17,8:48:35 AM,8:49:15 AM,00:40,BSO (Biateral salpingo-oophrectomy),No,No,3,3,Left
18,8:49:15 AM,8:49:19 AM,00:04,BSO (Biateral salpingo-oophrectomy),No,No,3,3,Left
17,8:49:19 AM,8:50:52 AM,01:33,BSO (Biateral salpingo-oophrectomy),No,No,3,3,Left
18,8:50:52 AM,8:50:54 AM,00:02,BSO (Biateral salpingo-oophrectomy),No,No,4,3,Left
20,8:50:54 AM,8:50:55 AM,00:01,BSO (Biateral salpingo-oophrectomy),No,No,4,3,Left
18,8:50:55 AM,8:50:56 AM,00:01,BSO (Biateral salpingo-oophrectomy),No,No,4,3,Left
17,8:50:56 AM,8:53:55 AM,02:59,BSO (Biateral salpingo-oophrectomy),No,No,4,3,Left
25,8:53:55 AM,8:54:01 AM,00:06,BSO (Biateral salpingo-oophrectomy),No,No,4,3,Left
17,8:54:01 AM,8:54:22 AM,00:21,BSO (Biateral salpingo-oophrectomy),No,No,4,3,Left
18,8:54:22 AM,8:54:24 AM,00:02,BSO (Biateral salpingo-oophrectomy),No,No,4,3,Left
17,8:54:24 AM,8:54:42 AM,00:18,BSO (Biateral salpingo-oophrectomy),No,No,4,3,Left
1,8:54:42 AM,8:55:02 AM,00:20,BSO (Biateral salpingo-oophrectomy),No,No,4,3,Left
17,8:55:02 AM,8:55:02 AM,00:00,BSO (Biateral salpingo-oophrectomy),No,No,4,3,Left
1,8:55:02 AM,8:55:23 AM,00:21,BSO (Biateral salpingo-oophrectomy),No,No,4,3,Left
17,8:55:23 AM,8:55:31 AM,00:08,BSO (Biateral salpingo-oophrectomy),No,No,4,3,Left
1,8:55:31 AM,8:55:58 AM,00:27,BSO (Biateral salpingo-oophrectomy),No,No,4,3,Left
17,8:55:58 AM,8:55:59 AM,00:01,BSO (Biateral salpingo-oophrectomy),No,No,4,3,Left
25,8:55:59 AM,8:56:06 AM,00:07,BSO (Biateral salpingo-oophrectomy),No,No,4,3,Left
17,8:56:06 AM,8:56:20 AM,00:14,BSO (Biateral salpingo-oophrectomy),No,No,4,3,Left
18,8:56:20 AM,8:56:27 AM,00:07,BSO (Biateral salpingo-oophrectomy),No,No,4,3,Left
17,8:56:27 AM,8:56:38 AM,00:11,BSO (Biateral salpingo-oophrectomy),No,No,4,3,Left
18,8:56:38 AM,8:56:55 AM,00:17,BSO (Biateral salpingo-oophrectomy),No,No,4,3,Left
17,8:56:55 AM,8:56:56 AM,00:01,BSO (Biateral salpingo-oophrectomy),No,No,4,3,Left
18,8:56:56 AM,8:56:57 AM,00:01,BSO (Biateral salpingo-oophrectomy),No,No,4,3,Left
17,8:56:57 AM,8:57:04 AM,00:07,BSO (Biateral salpingo-oophrectomy),No,No,4,3,Left
18,8:57:04 AM,8:57:15 AM,00:11,BSO (Biateral salpingo-oophrectomy),No,No,4,3,Left
17,8:57:15 AM,8:57:34 AM,00:19,BSO (Biateral salpingo-oophrectomy),No,No,4,3,Left
18,8:57:34 AM,8:57:40 AM,00:06,BSO (Biateral salpingo-oophrectomy),No,No,4,3,Left
17,8:57:40 AM,8:58:02 AM,00:22,BSO (Biateral salpingo-oophrectomy),No,No,4,3,Left
1,8:58:02 AM,8:58:07 AM,00:05,BSO (Biateral salpingo-oophrectomy),No,No,4,3,Left
17,8:58:07 AM,8:58:15 AM,00:08,BSO (Biateral salpingo-oophrectomy),No,No,4,3,Left
18,8:58:15 AM,8:58:22 AM,00:07,BSO (Biateral salpingo-oophrectomy),No,No,4,3,Left
17,8:58:22 AM,8:58:33 AM,00:11,BSO (Biateral salpingo-oophrectomy),No,No,4,3,Left
18,8:58:33 AM,8:58:35 AM,00:02,BSO (Biateral salpingo-oophrectomy),No,No,4,3,Left
17,8:58:35 AM,8:58:45 AM,00:10,BSO (Biateral salpingo-oophrectomy),No,No,4,3,Left
1,8:58:45 AM,8:58:45 AM,00:00,BSO (Biateral salpingo-oophrectomy),No,No,4,3,Left
17,8:58:45 AM,8:58:53 AM,00:08,BSO (Biateral salpingo-oophrectomy),No,No,4,3,Left
21,8:58:53 AM,8:59:01 AM,00:08,BSO (Biateral salpingo-oophrectomy),No,No,4,3,Left
5,8:59:01 AM,8:59:02 AM,00:01,BSO (Biateral salpingo-oophrectomy),No,No,4,3,Left
1,8:59:02 AM,8:59:07 AM,00:05,BSO (Biateral salpingo-oophrectomy),No,No,4,3,Left
17,8:59:07 AM,8:59:12 AM,00:05,BSO (Biateral salpingo-oophrectomy),No,No,4,3,Left
21,8:59:12 AM,8:59:13 AM,00:01,BSO (Biateral salpingo-oophrectomy),No,No,4,3,Left
17,8:59:13 AM,8:59:28 AM,00:15,BSO (Biateral salpingo-oophrectomy),No,No,4,3,Left
1,8:59:28 AM,8:59:34 AM,00:06,BSO (Biateral salpingo-oophrectomy),No,No,4,3,Left
17,8:59:34 AM,9:00:06 AM,00:32,BSO (Biateral salpingo-oophrectomy),No,No,4,3,Left
18,9:00:06 AM,9:00:12 AM,00:06,BSO (Biateral salpingo-oophrectomy),No,No,4,3,Left
17,9:00:12 AM,9:00:16 AM,00:04,BSO (Biateral salpingo-oophrectomy),No,No,4,3,Left
18,9:00:16 AM,9:00:18 AM,00:02,BSO (Biateral salpingo-oophrectomy),No,No,4,3,Left
17,9:00:18 AM,9:00:38 AM,00:20,BSO (Biateral salpingo-oophrectomy),No,No,4,3,Left
1,9:00:38 AM,9:00:42 AM,00:04,BSO (Biateral salpingo-oophrectomy),No,No,4,3,Left
17,9:00:42 AM,9:00:54 AM,00:12,BSO (Biateral salpingo-oophrectomy),No,No,4,3,Left
1,9:00:54 AM,9:00:54 AM,00:00,BSO (Biateral salpingo-oophrectomy),No,No,4,3,Left
17,9:01:43 AM,9:01:49 AM,00:06,USLS (Uterosacral ligament suspension),No,No,5,4,Left
1,9:01:49 AM,9:01:51 AM,00:02,USLS (Uterosacral ligament suspension),No,No,5,4,Left
3,9:01:51 AM,9:01:52 AM,00:01,USLS (Uterosacral ligament suspension),No,No,5,4,Left
1,9:01:52 AM,9:01:53 AM,00:01,USLS (Uterosacral ligament suspension),No,No,5,4,Left
17,9:01:53 AM,9:02:53 AM,01:00,USLS (Uterosacral ligament suspension),No,No,5,4,Left
1,9:02:53 AM,9:03:16 AM,00:23,USLS (Uterosacral ligament suspension),No,No,7,4,Left
17,9:03:16 AM,9:03:25 AM,00:09,USLS (Uterosacral ligament suspension),No,No,7,4,Left
1,9:03:25 AM,9:03:34 AM,00:09,USLS (Uterosacral ligament suspension),No,No,7,4,Left
17,9:03:34 AM,9:03:48 AM,00:14,USLS (Uterosacral ligament suspension),No,No,7,4,Left
1,9:03:48 AM,9:04:15 AM,00:27,USLS (Uterosacral ligament suspension),No,No,9,4,Left
17,9:04:15 AM,9:07:23 AM,03:08,USLS (Uterosacral ligament suspension),No,No,9,4,Left
19,9:07:23 AM,9:07:24 AM,00:01,USLS (Uterosacral ligament suspension),No,No,9,4,Left
20,9:07:24 AM,9:07:40 AM,00:16,USLS (Uterosacral ligament suspension),No,No,9,4,Left
18,9:07:40 AM,9:07:41 AM,00:01,USLS (Uterosacral ligament suspension),No,No,9,4,Center
17,9:07:41 AM,9:08:47 AM,01:06,USLS (Uterosacral ligament suspension),No,No,9,4,Center
1,9:08:47 AM,9:08:55 AM,00:08,USLS (Uterosacral ligament suspension),No,No,9,4,Left
17,9:08:55 AM,9:09:16 AM,00:21,USLS (Uterosacral ligament suspension),No,No,9,4,Left
1,9:09:16 AM,9:09:40 AM,00:24,USLS (Uterosacral ligament suspension),No,No,9,4,Left
17,9:09:40 AM,9:09:42 AM,00:02,USLS (Uterosacral ligament suspension),No,No,9,4,Left
1,9:09:42 AM,9:10:54 AM,01:12,USLS (Uterosacral ligament suspension),No,No,9,4,Left
17,9:10:54 AM,9:10:55 AM,00:01,USLS (Uterosacral ligament suspension),No,No,9,4,Left
1,9:10:55 AM,9:11:49 AM,00:54,USLS (Uterosacral ligament suspension),No,No,9,4,Left
17,9:11:49 AM,9:11:52 AM,00:03,USLS (Uterosacral ligament suspension),No,No,9,4,Left
1,9:11:52 AM,9:12:35 AM,00:43,USLS (Uterosacral ligament suspension),No,No,9,4,Left
17,9:12:35 AM,9:13:50 AM,01:15,USLS (Uterosacral ligament suspension),No,No,9,4,Left
1,9:13:50 AM,9:14:00 AM,00:10,USLS (Uterosacral ligament suspension),No,No,9,4,Left
17,9:14:00 AM,9:14:01 AM,00:01,USLS (Uterosacral ligament suspension),No,No,9,4,Left
1,9:14:01 AM,9:14:23 AM,00:22,USLS (Uterosacral ligament suspension),No,No,9,4,Left
2,9:14:23 AM,9:14:31 AM,00:08,USLS (Uterosacral ligament suspension),No,No,9,4,Left
1,9:14:31 AM,9:14:46 AM,00:15,USLS (Uterosacral ligament suspension),No,No,9,4,Left
9,9:14:46 AM,9:14:53 AM,00:07,USLS (Uterosacral ligament suspension),No,No,9,4,Left
1,9:14:53 AM,9:16:11 AM,01:18,USLS (Uterosacral ligament suspension),No,No,9,4,Left
5,9:16:11 AM,9:16:15 AM,00:04,USLS (Uterosacral ligament suspension),No,No,9,4,Left
21,9:16:15 AM,9:16:17 AM,00:02,USLS (Uterosacral ligament suspension),No,No,9,4,Left
5,9:16:17 AM,9:16:19 AM,00:02,USLS (Uterosacral ligament suspension),No,No,9,4,Left
1,9:16:19 AM,9:17:21 AM,01:02,USLS (Uterosacral ligament suspension),No,No,9,4,Left
3,9:17:21 AM,9:17:23 AM,00:02,USLS (Uterosacral ligament suspension),No,No,9,4,Left
19,9:17:23 AM,9:17:26 AM,00:03,USLS (Uterosacral ligament suspension),No,No,9,4,Left
17,9:17:26 AM,9:20:39 AM,03:13,USLS (Uterosacral ligament suspension),No,No,9,4,Left
21,9:20:39 AM,9:21:19 AM,00:40,USLS (Uterosacral ligament suspension),No,No,9,4,Left
22,9:21:19 AM,9:22:22 AM,01:03,USLS (Uterosacral ligament suspension),No,No,9,4,Left
24,9:22:22 AM,9:22:25 AM,00:03,USLS (Uterosacral ligament suspension),No,No,9,4,Left
22,9:22:25 AM,9:22:26 AM,00:01,USLS (Uterosacral ligament suspension),No,No,9,4,Left
18,9:22:26 AM,9:22:27 AM,00:01,USLS (Uterosacral ligament suspension),No,No,9,4,Left
17,9:22:27 AM,9:22:35 AM,00:08,USLS (Uterosacral ligament suspension),No,No,9,4,Left
1,9:22:35 AM,9:22:53 AM,00:18,USLS (Uterosacral ligament suspension),No,No,9,4,Left
17,9:22:53 AM,9:22:54 AM,00:01,USLS (Uterosacral ligament suspension),No,No,9,4,Left
18,9:22:54 AM,9:23:11 AM,00:17,USLS (Uterosacral ligament suspension),No,No,9,4,Left
17,9:23:11 AM,9:24:24 AM,01:13,USLS (Uterosacral ligament suspension),No,No,9,4,Left
1,9:24:24 AM,9:24:29 AM,00:05,USLS (Uterosacral ligament suspension),No,No,9,4,Left
2,9:24:29 AM,9:24:38 AM,00:09,USLS (Uterosacral ligament suspension),No,No,9,4,Left
1,9:24:38 AM,9:24:57 AM,00:19,USLS (Uterosacral ligament suspension),No,No,9,4,Left
17,9:26:10 AM,9:27:07 AM,00:57,AR (Anterior repair),No,No,10,5,Left
1,9:27:07 AM,9:27:23 AM,00:16,AR (Anterior repair),No,No,10,5,Left
17,9:27:23 AM,9:27:56 AM,00:33,AR (Anterior repair),No,No,10,5,Left
18,9:27:56 AM,9:28:14 AM,00:18,AR (Anterior repair),No,No,10,5,Left
22,9:28:14 AM,9:28:14 AM,00:00,AR (Anterior repair),No,No,10,5,Left
21,9:28:14 AM,9:29:05 AM,00:51,AR (Anterior repair),No,No,10,5,Left
22,9:29:05 AM,9:29:14 AM,00:09,AR (Anterior repair),No,No,10,5,Left
21,9:29:14 AM,9:29:24 AM,00:10,AR (Anterior repair),No,No,10,5,Left
22,9:29:24 AM,9:30:24 AM,01:00,AR (Anterior repair),No,No,10,5,Left
18,9:30:24 AM,9:30:45 AM,00:21,AR (Anterior repair),No,No,10,5,Left
2,9:30:45 AM,9:30:58 AM,00:13,AR (Anterior repair),No,No,10,5,Left
6,9:30:58 AM,9:30:59 AM,00:01,AR (Anterior repair),No,No,10,5,Left
22,9:30:59 AM,9:31:03 AM,00:04,AR (Anterior repair),No,No,10,5,Left
21,9:31:03 AM,9:31:07 AM,00:04,AR (Anterior repair),No,No,10,5,Left
17,9:31:07 AM,9:31:08 AM,00:01,AR (Anterior repair),No,No,10,5,Left
18,9:31:08 AM,9:31:11 AM,00:03,AR (Anterior repair),No,No,10,5,Left
17,9:31:11 AM,9:32:01 AM,00:50,AR (Anterior repair),No,No,10,5,Left
18,9:32:01 AM,9:32:08 AM,00:07,AR (Anterior repair),No,No,10,5,Left
22,9:32:08 AM,9:32:14 AM,00:06,AR (Anterior repair),No,No,10,5,Left
30,9:32:14 AM,9:33:30 AM,01:16,AR (Anterior repair),No,No,10,5,Left
22,9:33:30 AM,9:34:21 AM,00:51,AR (Anterior repair),No,No,10,5,Left
18,9:34:21 AM,9:35:10 AM,00:49,AR (Anterior repair),No,No,10,5,Left
17,9:35:10 AM,9:35:30 AM,00:20,AR (Anterior repair),No,No,10,5,Left
21,9:35:30 AM,9:35:31 AM,00:01,AR (Anterior repair),No,No,10,5,Left
22,9:35:31 AM,9:36:07 AM,00:36,AR (Anterior repair),No,No,10,5,Left
21,9:36:07 AM,9:36:08 AM,00:01,AR (Anterior repair),No,No,10,5,Left
17,9:36:08 AM,9:36:10 AM,00:02,AR (Anterior repair),No,No,10,5,Left
18,9:36:10 AM,9:36:37 AM,00:27,AR (Anterior repair),No,No,10,5,Left
17,9:36:37 AM,9:38:00 AM,01:23,AR (Anterior repair),No,No,10,5,Left
18,9:38:00 AM,9:38:24 AM,00:24,AR (Anterior repair),No,No,10,5,Left
17,9:38:24 AM,9:39:55 AM,01:31,AR (Anterior repair),No,No,10,5,Left
18,9:39:55 AM,9:41:41 AM,01:46,AR (Anterior repair),No,No,10,5,Left
17,9:41:41 AM,9:41:45 AM,00:04,AR (Anterior repair),No,No,10,5,Left
25,9:41:45 AM,9:41:47 AM,00:02,AR (Anterior repair),No,No,10,5,Left
17,9:41:47 AM,9:43:03 AM,01:16,AR (Anterior repair),No,No,10,5,Left
1,9:43:03 AM,9:43:33 AM,00:30,AR (Anterior repair),No,No,10,5,Left
17,9:43:33 AM,9:46:09 AM,02:36,AR (Anterior repair),No,No,10,5,Left
1,9:46:09 AM,9:46:28 AM,00:19,AR (Anterior repair),No,No,10,5,Left
17,9:47:20 AM,9:47:22 AM,00:02,USLS (Uterosacral ligament suspension),No,No,11,6,Left
18,9:47:22 AM,9:48:15 AM,00:53,USLS (Uterosacral ligament suspension),No,No,11,6,Left
17,9:48:15 AM,9:48:16 AM,00:01,USLS (Uterosacral ligament suspension),No,No,11,6,Left
1,9:48:16 AM,9:48:46 AM,00:30,USLS (Uterosacral ligament suspension),No,No,11,6,Left
17,9:48:46 AM,9:48:52 AM,00:06,USLS (Uterosacral ligament suspension),No,No,11,6,Left
1,9:48:52 AM,9:48:56 AM,00:04,USLS (Uterosacral ligament suspension),No,No,11,6,Left
2,9:48:56 AM,9:49:04 AM,00:08,USLS (Uterosacral ligament suspension),No,No,11,6,Left
1,9:49:04 AM,9:49:06 AM,00:02,USLS (Uterosacral ligament suspension),No,No,11,6,Left
17,9:49:06 AM,9:49:19 AM,00:13,USLS (Uterosacral ligament suspension),No,No,11,6,Left
18,9:49:19 AM,9:49:21 AM,00:02,USLS (Uterosacral ligament suspension),No,No,11,6,Left
17,9:49:21 AM,9:50:26 AM,01:05,USLS (Uterosacral ligament suspension),No,No,11,6,Left
1,9:50:26 AM,9:50:29 AM,00:03,USLS (Uterosacral ligament suspension),No,No,11,6,Left
17,9:50:29 AM,9:50:32 AM,00:03,USLS (Uterosacral ligament suspension),No,No,11,6,Left
18,9:50:32 AM,9:50:49 AM,00:17,USLS (Uterosacral ligament suspension),No,No,11,6,Left
17,9:50:49 AM,9:50:54 AM,00:05,USLS (Uterosacral ligament suspension),No,No,11,6,Left
18,9:50:54 AM,9:51:06 AM,00:12,USLS (Uterosacral ligament suspension),No,No,11,6,Left
17,9:51:06 AM,9:52:26 AM,01:20,USLS (Uterosacral ligament suspension),No,No,11,6,Left
18,9:52:26 AM,9:52:56 AM,00:30,USLS (Uterosacral ligament suspension),No,No,11,6,Left
17,9:52:56 AM,9:54:16 AM,01:20,USLS (Uterosacral ligament suspension),No,No,11,6,Left
25,9:54:16 AM,9:54:16 AM,00:00,USLS (Uterosacral ligament suspension),No,No,11,6,Left
26,9:54:16 AM,9:54:20 AM,00:04,USLS (Uterosacral ligament suspension),No,No,11,6,Left
18,9:54:20 AM,9:54:43 AM,00:23,USLS (Uterosacral ligament suspension),No,No,11,6,Left
2,9:54:43 AM,9:54:44 AM,00:01,USLS (Uterosacral ligament suspension),No,No,11,6,Left
1,9:54:44 AM,9:55:27 AM,00:43,USLS (Uterosacral ligament suspension),No,No,11,6,Left
17,9:55:27 AM,9:55:44 AM,00:17,USLS (Uterosacral ligament suspension),No,No,11,6,Left
1,9:55:44 AM,9:55:56 AM,00:12,USLS (Uterosacral ligament suspension),No,No,11,6,Left
17,9:55:56 AM,9:56:46 AM,00:50,USLS (Uterosacral ligament suspension),No,No,11,6,Left
1,9:56:46 AM,10:00:18 AM,03:32,USLS (Uterosacral ligament suspension),No,No,11,6,Left
2,10:08:48 AM,10:09:20 AM,00:32,TVH (Transvaginal hysterectomy),No,No,14,9,Left
1,10:09:20 AM,10:09:23 AM,00:03,TVH (Transvaginal hysterectomy),No,No,14,9,Left
2,10:09:23 AM,10:09:44 AM,00:21,TVH (Transvaginal hysterectomy),No,No,14,9,Left
10,10:09:44 AM,10:09:48 AM,00:04,TVH (Transvaginal hysterectomy),No,No,14,9,Left
2,10:09:48 AM,10:10:32 AM,00:44,TVH (Transvaginal hysterectomy),No,No,14,9,Left
1,10:10:32 AM,10:10:38 AM,00:06,TVH (Transvaginal hysterectomy),No,No,15,9,Left
17,10:10:38 AM,10:10:41 AM,00:03,TVH (Transvaginal hysterectomy),No,No,15,9,Left
18,10:10:41 AM,10:10:45 AM,00:04,TVH (Transvaginal hysterectomy),No,No,15,9,Left
17,10:10:45 AM,10:10:47 AM,00:02,TVH (Transvaginal hysterectomy),No,No,15,9,Left
1,10:10:47 AM,10:11:30 AM,00:43,TVH (Transvaginal hysterectomy),No,No,15,9,Left
2,10:11:30 AM,10:11:32 AM,00:02,TVH (Transvaginal hysterectomy),No,No,15,9,Left
1,10:11:32 AM,10:11:37 AM,00:05,TVH (Transvaginal hysterectomy),No,No,15,9,Left
17,10:11:37 AM,10:13:19 AM,01:42,TVH (Transvaginal hysterectomy),No,No,15,9,Left
18,10:13:19 AM,10:13:27 AM,00:08,TVH (Transvaginal hysterectomy),No,No,15,9,Left
17,10:13:27 AM,10:14:23 AM,00:56,TVH (Transvaginal hysterectomy),No,No,15,9,Left
1,10:14:23 AM,10:15:40 AM,01:17,TVH (Transvaginal hysterectomy),No,No,15,9,Left
17,10:15:40 AM,10:15:45 AM,00:05,TVH (Transvaginal hysterectomy),No,No,15,9,Left
18,10:15:45 AM,10:15:46 AM,00:01,TVH (Transvaginal hysterectomy),No,No,15,9,Left
17,10:15:46 AM,10:16:36 AM,00:50,TVH (Transvaginal hysterectomy),No,No,15,9,Left
18,10:16:36 AM,10:17:02 AM,00:26,TVH (Transvaginal hysterectomy),No,No,15,9,Left
17,10:17:02 AM,10:17:05 AM,00:03,TVH (Transvaginal hysterectomy),No,No,15,9,Left
19,10:17:05 AM,10:17:07 AM,00:02,TVH (Transvaginal hysterectomy),No,No,15,9,Left
17,10:17:07 AM,10:17:08 AM,00:01,TVH (Transvaginal hysterectomy),No,No,15,9,Left
18,10:17:08 AM,10:17:23 AM,00:15,TVH (Transvaginal hysterectomy),No,No,15,9,Left
17,10:17:23 AM,10:17:24 AM,00:01,TVH (Transvaginal hysterectomy),No,No,15,9,Left
1,10:17:24 AM,10:18:11 AM,00:47,TVH (Transvaginal hysterectomy),No,No,15,9,Left
17,10:18:11 AM,10:18:12 AM,00:01,TVH (Transvaginal hysterectomy),No,No,15,9,Left
1,10:18:12 AM,10:18:24 AM,00:12,TVH (Transvaginal hysterectomy),No,No,15,9,Left
17,10:18:24 AM,10:18:44 AM,00:20,TVH (Transvaginal hysterectomy),No,No,15,9,Left
1,10:18:44 AM,10:18:55 AM,00:11,TVH (Transvaginal hysterectomy),No,No,15,9,Left
2,10:20:22 AM,10:20:31 AM,00:09,PR (Posterior repair),No,No,16,10,Left
18,10:20:31 AM,10:20:34 AM,00:03,PR (Posterior repair),No,No,16,10,Left
17,10:20:34 AM,10:22:13 AM,01:39,PR (Posterior repair),No,No,16,10,Left
18,10:22:13 AM,10:22:22 AM,00:09,PR (Posterior repair),No,No,16,10,Left
17,10:22:22 AM,10:22:24 AM,00:02,PR (Posterior repair),No,No,16,10,Left
18,10:22:24 AM,10:22:25 AM,00:01,PR (Posterior repair),No,No,16,10,Left
2,10:22:25 AM,10:22:27 AM,00:02,PR (Posterior repair),No,No,16,10,Left
18,10:22:27 AM,10:22:43 AM,00:16,PR (Posterior repair),No,No,16,10,Left
17,10:22:43 AM,10:23:01 AM,00:18,PR (Posterior repair),No,No,16,10,Left
1,10:23:01 AM,10:23:15 AM,00:14,PR (Posterior repair),No,No,16,10,Left
2,10:23:15 AM,10:23:27 AM,00:12,PR (Posterior repair),No,No,16,10,Left
1,10:23:27 AM,10:23:31 AM,00:04,PR (Posterior repair),No,No,16,10,Left
2,10:23:31 AM,10:23:33 AM,00:02,PR (Posterior repair),No,No,16,10,Left
18,10:23:33 AM,10:23:36 AM,00:03,PR (Posterior repair),No,No,16,10,Left
2,10:23:36 AM,10:23:36 AM,00:00,PR (Posterior repair),No,No,16,10,Left
18,10:23:36 AM,10:23:37 AM,00:01,PR (Posterior repair),No,No,16,10,Left
2,10:23:37 AM,10:23:39 AM,00:02,PR (Posterior repair),No,No,16,10,Left
1,10:23:39 AM,10:23:43 AM,00:04,PR (Posterior repair),No,No,16,10,Left
2,10:23:43 AM,10:23:56 AM,00:13,PR (Posterior repair),No,No,16,10,Left
1,10:23:56 AM,10:24:04 AM,00:08,PR (Posterior repair),No,No,16,10,Left
17,10:24:04 AM,10:24:25 AM,00:21,PR (Posterior repair),No,No,16,10,Left
18,10:24:25 AM,10:24:28 AM,00:03,PR (Posterior repair),No,No,16,10,Left
17,10:24:28 AM,10:24:39 AM,00:11,PR (Posterior repair),No,No,16,10,Left
18,10:24:39 AM,10:24:53 AM,00:14,PR (Posterior repair),No,No,16,10,Left
2,10:24:53 AM,10:24:59 AM,00:06,PR (Posterior repair),No,No,16,10,Left
18,10:24:59 AM,10:25:53 AM,00:54,PR (Posterior repair),No,No,16,10,Left
17,10:25:53 AM,10:26:05 AM,00:12,PR (Posterior repair),No,No,16,10,Left
18,10:26:05 AM,10:26:16 AM,00:11,PR (Posterior repair),No,No,16,10,Left
17,10:26:16 AM,10:26:46 AM,00:30,PR (Posterior repair),No,No,16,10,Left
18,10:26:46 AM,10:27:52 AM,01:06,PR (Posterior repair),No,No,16,10,Left
17,10:27:52 AM,10:27:57 AM,00:05,PR (Posterior repair),No,No,16,10,Left
18,10:27:57 AM,10:28:34 AM,00:37,PR (Posterior repair),No,No,16,10,Left
17,10:28:34 AM,10:28:39 AM,00:05,PR (Posterior repair),No,No,16,10,Left
18,10:28:39 AM,10:29:54 AM,01:15,PR (Posterior repair),No,No,16,10,Left
17,10:29:54 AM,10:29:57 AM,00:03,PR (Posterior repair),No,No,16,10,Left
18,10:29:57 AM,10:30:12 AM,00:15,PR (Posterior repair),No,No,16,10,Left
2,10:30:12 AM,10:30:16 AM,00:04,PR (Posterior repair),No,No,16,10,Left
18,10:30:16 AM,10:30:19 AM,00:03,PR (Posterior repair),No,No,16,10,Left
17,10:30:19 AM,10:30:31 AM,00:12,PR (Posterior repair),No,No,16,10,Left
18,10:30:31 AM,10:31:00 AM,00:29,PR (Posterior repair),No,No,16,10,Left
17,10:31:00 AM,10:31:15 AM,00:15,PR (Posterior repair),No,No,16,10,Left
18,10:31:15 AM,10:34:07 AM,02:52,PR (Posterior repair),No,No,16,10,Left
17,10:34:07 AM,10:34:20 AM,00:13,PR (Posterior repair),No,No,16,10,Left
18,10:34:20 AM,10:34:56 AM,00:36,PR (Posterior repair),No,No,16,10,Left
17,10:34:56 AM,10:35:31 AM,00:35,PR (Posterior repair),No,No,16,10,Left
18,10:35:31 AM,10:36:26 AM,00:55,PR (Posterior repair),No,No,16,10,Left
17,10:36:26 AM,10:37:11 AM,00:45,PR (Posterior repair),No,No,16,10,Left
18,10:37:11 AM,10:37:13 AM,00:02,PR (Posterior repair),No,No,16,10,Left
2,10:37:13 AM,10:37:25 AM,00:12,PR (Posterior repair),No,No,16,10,Left
18,10:37:25 AM,10:37:44 AM,00:19,PR (Posterior repair),No,No,16,10,Left
17,10:37:44 AM,10:37:52 AM,00:08,PR (Posterior repair),No,No,16,10,Left
18,10:37:52 AM,10:38:00 AM,00:08,PR (Posterior repair),No,No,16,10,Left
17,10:38:00 AM,10:39:27 AM,01:27,PR (Posterior repair),No,No,16,10,Left
18,10:39:27 AM,10:40:27 AM,01:00,PR (Posterior repair),No,No,16,10,Left
22,10:40:27 AM,10:40:34 AM,00:07,PR (Posterior repair),No,No,16,10,Left
18,10:40:34 AM,10:40:37 AM,00:03,PR (Posterior repair),No,No,16,10,Left
17,10:40:37 AM,10:40:43 AM,00:06,PR (Posterior repair),No,No,16,10,Left
25,10:40:43 AM,10:40:44 AM,00:01,PR (Posterior repair),No,No,16,10,Left
17,10:40:44 AM,10:41:08 AM,00:24,PR (Posterior repair),No,No,16,10,Left
18,10:41:08 AM,10:42:47 AM,01:39,PR (Posterior repair),No,No,16,10,Left
17,10:42:47 AM,10:42:50 AM,00:03,PR (Posterior repair),No,No,16,10,Left
18,10:42:50 AM,10:43:00 AM,00:10,PR (Posterior repair),No,No,16,10,Left
17,10:43:00 AM,10:43:01 AM,00:01,PR (Posterior repair),No,No,16,10,Left
1,10:43:01 AM,10:43:13 AM,00:12,PR (Posterior repair),No,No,16,10,Left
17,10:43:13 AM,10:43:24 AM,00:11,PR (Posterior repair),No,No,16,10,Left
1,10:43:24 AM,10:44:11 AM,00:47,PR (Posterior repair),No,No,16,10,Left
2,10:44:11 AM,10:44:18 AM,00:07,PR (Posterior repair),No,No,16,10,Left
1,10:44:18 AM,10:44:28 AM,00:10,PR (Posterior repair),No,No,16,10,Left
17,10:44:28 AM,10:44:32 AM,00:04,PR (Posterior repair),No,No,16,10,Left
1,10:44:32 AM,10:44:59 AM,00:27,PR (Posterior repair),No,No,16,10,Left
2,10:44:59 AM,10:45:33 AM,00:34,PR (Posterior repair),No,No,16,10,Left
1,10:45:33 AM,10:47:01 AM,01:28,PR (Posterior repair),No,No,17,10,Left
2,10:47:01 AM,10:47:06 AM,00:05,PR (Posterior repair),No,No,17,10,Left
1,10:47:06 AM,10:47:54 AM,00:48,PR (Posterior repair),No,No,17,10,Left
