Posture Code,Start ,End,Duration,Task Code,Stool Usage,Sitting,Bed Code,Patient Code,Location,,,,,
1,9:08:34 AM,9:09:07 AM,00:33,TVH (Transvaginal hysterectomy),No,No,1,1,Right,0,0,0,0,0
5,9:09:07 AM,9:09:25 AM,00:18,TVH (Transvaginal hysterectomy),No,No,1,1,Right,0,1,0,0,0
6,9:09:25 AM,9:09:37 AM,00:12,TVH (Transvaginal hysterectomy),No,No,1,1,Right,0,1,1,0,0
2,9:09:37 AM,9:09:38 AM,00:01,TVH (Transvaginal hysterectomy),No,No,1,1,Right,0,0,1,0,0
1,9:09:38 AM,9:09:51 AM,00:13,TVH (Transvaginal hysterectomy),No,No,1,1,Right,0,0,0,0,0
2,9:09:51 AM,9:09:58 AM,00:07,TVH (Transvaginal hysterectomy),No,No,1,1,Right,0,0,1,0,0
6,9:09:58 AM,9:10:03 AM,00:05,TVH (Transvaginal hysterectomy),No,No,1,1,Right,0,1,1,0,0
2,9:10:03 AM,9:10:04 AM,00:01,TVH (Transvaginal hysterectomy),No,No,1,1,Right,0,0,1,0,0
1,9:10:04 AM,9:10:20 AM,00:16,TVH (Transvaginal hysterectomy),No,No,1,1,Right,0,0,0,0,0
2,9:10:20 AM,9:10:24 AM,00:04,TVH (Transvaginal hysterectomy),No,No,1,1,Right,0,0,1,0,0
6,9:10:24 AM,9:10:36 AM,00:12,TVH (Transvaginal hysterectomy),No,No,1,1,Right,0,1,1,0,0
2,9:10:36 AM,9:10:37 AM,00:01,TVH (Transvaginal hysterectomy),No,No,1,1,Right,0,0,1,0,0
1,9:10:37 AM,9:11:17 AM,00:40,TVH (Transvaginal hysterectomy),No,No,1,1,Right,0,0,0,0,0
5,9:11:17 AM,9:11:24 AM,00:07,TVH (Transvaginal hysterectomy),No,No,1,1,Right,0,1,0,0,0
6,9:11:24 AM,9:11:28 AM,00:04,TVH (Transvaginal hysterectomy),No,No,1,1,Right,0,1,1,0,0
2,9:11:28 AM,9:11:50 AM,00:22,TVH (Transvaginal hysterectomy),No,No,1,1,Right,0,0,1,0,0
1,9:11:50 AM,9:12:35 AM,00:45,TVH (Transvaginal hysterectomy),No,No,1,1,Right,0,0,0,0,0
2,9:12:35 AM,9:12:54 AM,00:19,TVH (Transvaginal hysterectomy),No,No,1,1,Right,0,0,1,0,0
1,9:12:54 AM,9:13:04 AM,00:10,TVH (Transvaginal hysterectomy),No,No,1,1,Right,0,0,0,0,0
5,9:13:04 AM,9:13:22 AM,00:18,TVH (Transvaginal hysterectomy),No,No,1,1,Right,0,1,0,0,0
1,9:13:22 AM,9:13:28 AM,00:06,TVH (Transvaginal hysterectomy),No,No,1,1,Right,0,0,0,0,0
2,9:13:28 AM,9:14:32 AM,01:04,TVH (Transvaginal hysterectomy),No,No,1,1,Right,0,0,1,0,0
1,9:14:32 AM,9:14:39 AM,00:07,TVH (Transvaginal hysterectomy),No,No,1,1,Right,0,0,0,0,0
5,9:14:39 AM,9:14:54 AM,00:15,TVH (Transvaginal hysterectomy),No,No,1,1,Right,0,1,0,0,0
1,9:14:54 AM,9:14:57 AM,00:03,TVH (Transvaginal hysterectomy),No,No,1,1,Right,0,0,0,0,0
2,9:14:57 AM,9:15:01 AM,00:04,TVH (Transvaginal hysterectomy),No,No,1,1,Right,0,0,1,0,0
1,9:15:01 AM,9:16:10 AM,01:09,TVH (Transvaginal hysterectomy),No,No,1,1,Right,0,0,0,0,0
2,9:16:10 AM,9:16:44 AM,00:34,TVH (Transvaginal hysterectomy),No,No,1,1,Right,0,0,1,0,0
1,9:16:44 AM,9:16:47 AM,00:03,TVH (Transvaginal hysterectomy),No,No,1,1,Right,0,0,0,0,0
5,9:16:47 AM,9:16:56 AM,00:09,TVH (Transvaginal hysterectomy),No,No,1,1,Right,0,1,0,0,0
1,9:16:56 AM,9:16:59 AM,00:03,TVH (Transvaginal hysterectomy),No,No,1,1,Right,0,0,0,0,0
5,9:16:59 AM,9:17:07 AM,00:08,TVH (Transvaginal hysterectomy),No,No,1,1,Right,0,1,0,0,0
1,9:17:07 AM,9:17:13 AM,00:06,TVH (Transvaginal hysterectomy),No,No,1,1,Right,0,0,0,0,0
5,9:17:13 AM,9:17:19 AM,00:06,TVH (Transvaginal hysterectomy),No,No,1,1,Right,0,1,0,0,0
1,9:17:19 AM,9:18:36 AM,01:17,TVH (Transvaginal hysterectomy),No,No,1,1,Right,0,0,0,0,0
5,9:18:36 AM,9:18:48 AM,00:12,TVH (Transvaginal hysterectomy),No,No,1,1,Right,0,1,0,0,0
6,9:18:48 AM,9:18:54 AM,00:06,TVH (Transvaginal hysterectomy),No,No,1,1,Right,0,1,1,0,0
2,9:18:54 AM,9:20:06 AM,01:12,TVH (Transvaginal hysterectomy),No,No,1,1,Right,0,0,1,0,0
1,9:20:06 AM,9:20:15 AM,00:09,TVH (Transvaginal hysterectomy),No,No,1,1,Right,0,0,0,0,0
5,9:20:15 AM,9:20:19 AM,00:04,TVH (Transvaginal hysterectomy),No,No,1,1,Right,0,1,0,0,0
1,9:20:19 AM,9:20:24 AM,00:05,TVH (Transvaginal hysterectomy),No,No,1,1,Right,0,0,0,0,0
2,9:20:24 AM,9:21:01 AM,00:37,TVH (Transvaginal hysterectomy),No,No,1,1,Right,0,0,1,0,0
6,9:21:01 AM,9:21:40 AM,00:39,TVH (Transvaginal hysterectomy),No,No,1,1,Right,0,1,1,0,0
5,9:21:40 AM,9:21:40 AM,00:00,TVH (Transvaginal hysterectomy),No,No,1,1,Right,0,1,0,0,0
1,9:21:40 AM,9:21:42 AM,00:02,TVH (Transvaginal hysterectomy),No,No,1,1,Right,0,0,0,0,0
2,9:21:42 AM,9:22:34 AM,00:52,TVH (Transvaginal hysterectomy),No,No,1,1,Right,0,0,1,0,0
1,9:22:34 AM,9:22:53 AM,00:19,TVH (Transvaginal hysterectomy),No,No,1,1,Right,0,0,0,0,0
5,9:22:53 AM,9:22:55 AM,00:02,TVH (Transvaginal hysterectomy),No,No,1,1,Right,0,1,0,0,0
6,9:22:55 AM,9:23:16 AM,00:21,TVH (Transvaginal hysterectomy),No,No,1,1,Right,0,1,1,0,0
2,9:23:16 AM,9:23:17 AM,00:01,TVH (Transvaginal hysterectomy),No,No,1,1,Right,0,0,1,0,0
6,9:23:17 AM,9:23:22 AM,00:05,TVH (Transvaginal hysterectomy),No,No,1,1,Right,0,1,1,0,0
2,9:23:22 AM,9:23:55 AM,00:33,TVH (Transvaginal hysterectomy),No,No,1,1,Right,0,0,1,0,0
6,9:23:55 AM,9:24:23 AM,00:28,TVH (Transvaginal hysterectomy),No,No,1,1,Right,0,1,1,0,0
5,9:24:23 AM,9:24:32 AM,00:09,TVH (Transvaginal hysterectomy),No,No,1,1,Right,0,1,0,0,0
1,9:24:32 AM,9:24:53 AM,00:21,TVH (Transvaginal hysterectomy),No,No,1,1,Right,0,0,0,0,0
5,9:24:53 AM,9:24:57 AM,00:04,TVH (Transvaginal hysterectomy),No,No,1,1,Right,0,1,0,0,0
1,9:24:57 AM,9:25:15 AM,00:18,TVH (Transvaginal hysterectomy),No,No,1,1,Right,0,0,0,0,0
5,9:25:15 AM,9:25:23 AM,00:08,TVH (Transvaginal hysterectomy),No,No,1,1,Right,0,1,0,0,0
1,9:25:23 AM,9:25:30 AM,00:07,TVH (Transvaginal hysterectomy),No,No,1,1,Right,0,0,0,0,0
5,9:25:30 AM,9:25:37 AM,00:07,TVH (Transvaginal hysterectomy),No,No,1,1,Right,0,1,0,0,0
1,9:25:37 AM,9:25:44 AM,00:07,TVH (Transvaginal hysterectomy),No,No,1,1,Right,0,0,0,0,0
5,9:25:44 AM,9:25:53 AM,00:09,TVH (Transvaginal hysterectomy),No,No,1,1,Right,0,1,0,0,0
1,9:25:53 AM,9:26:01 AM,00:08,TVH (Transvaginal hysterectomy),No,No,1,1,Right,0,0,0,0,0
5,9:26:01 AM,9:26:04 AM,00:03,TVH (Transvaginal hysterectomy),No,No,1,1,Right,0,1,0,0,0
1,9:26:04 AM,9:26:14 AM,00:10,TVH (Transvaginal hysterectomy),No,No,1,1,Right,0,0,0,0,0
9,9:26:14 AM,9:26:21 AM,00:07,TVH (Transvaginal hysterectomy),No,No,1,1,Right,0,0,0,0,1
13,9:26:21 AM,9:26:23 AM,00:02,TVH (Transvaginal hysterectomy),No,No,1,1,Right,0,1,0,0,1
14,9:26:23 AM,9:26:36 AM,00:13,TVH (Transvaginal hysterectomy),No,No,1,1,Right,0,1,1,0,1
6,9:26:36 AM,9:26:57 AM,00:21,TVH (Transvaginal hysterectomy),No,No,1,1,Right,0,1,1,0,0
14,9:26:57 AM,9:27:02 AM,00:05,TVH (Transvaginal hysterectomy),No,No,1,1,Right,0,1,1,0,1
6,9:27:02 AM,9:27:05 AM,00:03,TVH (Transvaginal hysterectomy),No,No,1,1,Right,0,1,1,0,0
2,9:27:05 AM,9:27:20 AM,00:15,TVH (Transvaginal hysterectomy),No,No,1,1,Right,0,0,1,0,0
6,9:27:20 AM,9:27:34 AM,00:14,TVH (Transvaginal hysterectomy),No,No,1,1,Right,0,1,1,0,0
2,9:27:34 AM,9:27:36 AM,00:02,TVH (Transvaginal hysterectomy),No,No,1,1,Right,0,0,1,0,0
1,9:27:36 AM,9:27:47 AM,00:11,TVH (Transvaginal hysterectomy),No,No,1,1,Right,0,0,0,0,0
9,9:27:47 AM,9:27:57 AM,00:10,TVH (Transvaginal hysterectomy),No,No,1,1,Right,0,0,0,0,1
10,9:27:57 AM,9:27:58 AM,00:01,TVH (Transvaginal hysterectomy),No,No,1,1,Right,0,0,1,0,1
14,9:27:58 AM,9:28:02 AM,00:04,TVH (Transvaginal hysterectomy),No,No,1,1,Right,0,1,1,0,1
10,9:28:02 AM,9:28:04 AM,00:02,TVH (Transvaginal hysterectomy),No,No,1,1,Right,0,0,1,0,1
2,9:28:04 AM,9:28:06 AM,00:02,TVH (Transvaginal hysterectomy),No,No,1,1,Right,0,0,1,0,0
1,9:28:06 AM,9:28:10 AM,00:04,TVH (Transvaginal hysterectomy),No,No,1,1,Right,0,0,0,0,0
2,9:28:10 AM,9:28:12 AM,00:02,TVH (Transvaginal hysterectomy),No,No,1,1,Right,0,0,1,0,0
6,9:28:12 AM,9:28:14 AM,00:02,TVH (Transvaginal hysterectomy),No,No,1,1,Right,0,1,1,0,0
14,9:28:14 AM,9:28:22 AM,00:08,TVH (Transvaginal hysterectomy),No,No,1,1,Right,0,1,1,0,1
10,9:28:22 AM,9:28:30 AM,00:08,TVH (Transvaginal hysterectomy),No,No,1,1,Right,0,0,1,0,1
2,9:28:30 AM,9:28:56 AM,00:26,TVH (Transvaginal hysterectomy),No,No,1,1,Right,0,0,1,0,0
6,9:28:56 AM,9:29:00 AM,00:04,TVH (Transvaginal hysterectomy),No,No,1,1,Right,0,1,1,0,0
5,9:29:00 AM,9:29:02 AM,00:02,TVH (Transvaginal hysterectomy),No,No,1,1,Right,0,1,0,0,0
1,9:29:02 AM,9:29:04 AM,00:02,TVH (Transvaginal hysterectomy),No,No,1,1,Right,0,0,0,0,0
2,9:29:04 AM,9:29:07 AM,00:03,TVH (Transvaginal hysterectomy),No,No,1,1,Right,0,0,1,0,0
1,9:29:07 AM,9:29:09 AM,00:02,TVH (Transvaginal hysterectomy),No,No,1,1,Right,0,0,0,0,0
2,9:29:09 AM,9:29:29 AM,00:20,TVH (Transvaginal hysterectomy),No,No,1,1,Right,0,0,1,0,0
10,9:29:29 AM,9:29:35 AM,00:06,TVH (Transvaginal hysterectomy),No,No,1,1,Right,0,0,1,0,1
2,9:29:35 AM,9:29:44 AM,00:09,TVH (Transvaginal hysterectomy),No,No,1,1,Right,0,0,1,0,0
6,9:29:44 AM,9:29:49 AM,00:05,TVH (Transvaginal hysterectomy),No,No,1,1,Right,0,1,1,0,0
2,9:29:49 AM,9:29:55 AM,00:06,TVH (Transvaginal hysterectomy),No,No,1,1,Right,0,0,1,0,0
6,9:29:55 AM,9:30:02 AM,00:07,TVH (Transvaginal hysterectomy),No,No,1,1,Right,0,1,1,0,0
2,9:30:02 AM,9:30:03 AM,00:01,TVH (Transvaginal hysterectomy),No,No,1,1,Right,0,0,1,0,0
6,9:30:03 AM,9:30:14 AM,00:11,TVH (Transvaginal hysterectomy),No,No,1,1,Right,0,1,1,0,0
5,9:30:14 AM,9:30:17 AM,00:03,TVH (Transvaginal hysterectomy),No,No,1,1,Right,0,1,0,0,0
1,9:30:17 AM,9:30:28 AM,00:11,TVH (Transvaginal hysterectomy),No,No,1,1,Right,0,0,0,0,0
5,9:30:28 AM,9:30:31 AM,00:03,TVH (Transvaginal hysterectomy),No,No,1,1,Right,0,1,0,0,0
1,9:30:31 AM,9:30:44 AM,00:13,TVH (Transvaginal hysterectomy),No,No,1,1,Right,0,0,0,0,0
2,9:30:44 AM,9:30:46 AM,00:02,TVH (Transvaginal hysterectomy),No,No,1,1,Right,0,0,1,0,0
6,9:30:46 AM,9:31:04 AM,00:18,TVH (Transvaginal hysterectomy),No,No,1,1,Right,0,1,1,0,0
2,9:31:04 AM,9:31:15 AM,00:11,TVH (Transvaginal hysterectomy),No,No,1,1,Right,0,0,1,0,0
6,9:31:15 AM,9:31:28 AM,00:13,TVH (Transvaginal hysterectomy),No,No,1,1,Right,0,1,1,0,0
14,9:31:28 AM,9:31:44 AM,00:16,TVH (Transvaginal hysterectomy),No,No,1,1,Right,0,1,1,0,1
10,9:31:44 AM,9:31:47 AM,00:03,TVH (Transvaginal hysterectomy),No,No,1,1,Right,0,0,1,0,1
9,9:31:47 AM,9:31:54 AM,00:07,TVH (Transvaginal hysterectomy),No,No,1,1,Right,0,0,0,0,1
1,9:31:54 AM,9:32:01 AM,00:07,TVH (Transvaginal hysterectomy),No,No,1,1,Right,0,0,0,0,0
5,9:32:01 AM,9:32:07 AM,00:06,TVH (Transvaginal hysterectomy),No,No,1,1,Right,0,1,0,0,0
13,9:32:07 AM,9:32:15 AM,00:08,TVH (Transvaginal hysterectomy),No,No,1,1,Right,0,1,0,0,1
14,9:32:15 AM,9:32:17 AM,00:02,TVH (Transvaginal hysterectomy),No,No,1,1,Right,0,1,1,0,1
10,9:32:17 AM,9:32:21 AM,00:04,TVH (Transvaginal hysterectomy),No,No,1,1,Right,0,0,1,0,1
2,9:32:21 AM,9:32:23 AM,00:02,TVH (Transvaginal hysterectomy),No,No,1,1,Right,0,0,1,0,0
1,9:32:23 AM,9:32:32 AM,00:09,TVH (Transvaginal hysterectomy),No,No,1,1,Right,0,0,0,0,0
5,9:32:32 AM,9:32:34 AM,00:02,TVH (Transvaginal hysterectomy),No,No,1,1,Right,0,1,0,0,0
6,9:32:34 AM,9:32:36 AM,00:02,TVH (Transvaginal hysterectomy),No,No,1,1,Right,0,1,1,0,0
14,9:32:36 AM,9:32:46 AM,00:10,TVH (Transvaginal hysterectomy),No,No,1,1,Right,0,1,1,0,1
6,9:32:46 AM,9:33:20 AM,00:34,TVH (Transvaginal hysterectomy),No,No,1,1,Right,0,1,1,0,0
2,9:33:20 AM,9:33:36 AM,00:16,TVH (Transvaginal hysterectomy),No,No,2,1,Right,0,0,1,0,0
6,9:33:36 AM,9:33:39 AM,00:03,TVH (Transvaginal hysterectomy),No,No,2,1,Right,0,1,1,0,0
14,9:33:39 AM,9:33:44 AM,00:05,TVH (Transvaginal hysterectomy),No,No,2,1,Right,0,1,1,0,1
6,9:33:44 AM,9:33:49 AM,00:05,TVH (Transvaginal hysterectomy),No,No,2,1,Right,0,1,1,0,0
2,9:33:49 AM,9:33:50 AM,00:01,TVH (Transvaginal hysterectomy),No,No,2,1,Right,0,0,1,0,0
1,9:33:50 AM,9:33:52 AM,00:02,TVH (Transvaginal hysterectomy),No,No,2,1,Right,0,0,0,0,0
2,9:33:52 AM,9:33:53 AM,00:01,TVH (Transvaginal hysterectomy),No,No,2,1,Right,0,0,1,0,0
6,9:33:53 AM,9:34:02 AM,00:09,TVH (Transvaginal hysterectomy),No,No,2,1,Right,0,1,1,0,0
2,9:34:02 AM,9:34:12 AM,00:10,TVH (Transvaginal hysterectomy),No,No,2,1,Right,0,0,1,0,0
6,9:34:12 AM,9:34:14 AM,00:02,TVH (Transvaginal hysterectomy),No,No,2,1,Right,0,1,1,0,0
14,9:34:14 AM,9:34:26 AM,00:12,TVH (Transvaginal hysterectomy),No,No,2,1,Right,0,1,1,0,1
6,9:34:26 AM,9:34:28 AM,00:02,TVH (Transvaginal hysterectomy),No,No,2,1,Right,0,1,1,0,0
2,9:34:28 AM,9:34:43 AM,00:15,TVH (Transvaginal hysterectomy),No,No,2,1,Right,0,0,1,0,0
6,9:34:43 AM,9:35:22 AM,00:39,TVH (Transvaginal hysterectomy),No,No,2,1,Right,0,1,1,0,0
8,9:35:22 AM,9:35:30 AM,00:08,TVH (Transvaginal hysterectomy),No,No,2,1,Right,1,1,1,0,0
6,9:35:30 AM,9:35:32 AM,00:02,TVH (Transvaginal hysterectomy),No,No,2,1,Right,0,1,1,0,0
2,9:35:32 AM,9:35:44 AM,00:12,TVH (Transvaginal hysterectomy),No,No,2,1,Right,0,0,1,0,0
1,9:35:44 AM,9:35:48 AM,00:04,TVH (Transvaginal hysterectomy),No,No,2,1,Right,0,0,0,0,0
2,9:35:48 AM,9:35:56 AM,00:08,TVH (Transvaginal hysterectomy),No,No,2,1,Right,0,0,1,0,0
6,9:35:56 AM,9:35:59 AM,00:03,TVH (Transvaginal hysterectomy),No,No,2,1,Right,0,1,1,0,0
14,9:35:59 AM,9:36:01 AM,00:02,TVH (Transvaginal hysterectomy),No,No,2,1,Right,0,1,1,0,1
6,9:36:01 AM,9:36:05 AM,00:04,TVH (Transvaginal hysterectomy),No,No,2,1,Right,0,1,1,0,0
2,9:36:05 AM,9:36:06 AM,00:01,TVH (Transvaginal hysterectomy),No,No,2,1,Right,0,0,1,0,0
1,9:36:06 AM,9:36:24 AM,00:18,TVH (Transvaginal hysterectomy),No,No,2,1,Right,0,0,0,0,0
5,9:36:24 AM,9:36:27 AM,00:03,TVH (Transvaginal hysterectomy),No,No,2,1,Right,0,1,0,0,0
1,9:36:27 AM,9:36:31 AM,00:04,TVH (Transvaginal hysterectomy),No,No,2,1,Right,0,0,0,0,0
2,9:36:31 AM,9:36:32 AM,00:01,TVH (Transvaginal hysterectomy),No,No,2,1,Right,0,0,1,0,0
1,9:36:32 AM,9:36:32 AM,00:00,TVH (Transvaginal hysterectomy),No,No,2,1,Right,0,0,0,0,0
2,9:36:32 AM,9:36:46 AM,00:14,TVH (Transvaginal hysterectomy),No,No,2,1,Right,0,0,1,0,0
6,9:36:46 AM,9:36:53 AM,00:07,TVH (Transvaginal hysterectomy),No,No,2,1,Right,0,1,1,0,0
14,9:36:53 AM,9:36:54 AM,00:01,TVH (Transvaginal hysterectomy),No,No,2,1,Right,0,1,1,0,1
6,9:36:54 AM,9:37:08 AM,00:14,TVH (Transvaginal hysterectomy),No,No,2,1,Right,0,1,1,0,0
2,9:37:08 AM,9:37:22 AM,00:14,TVH (Transvaginal hysterectomy),No,No,2,1,Right,0,0,1,0,0
1,9:37:22 AM,9:37:22 AM,00:00,TVH (Transvaginal hysterectomy),No,No,2,1,Right,0,0,0,0,0
2,9:53:23 AM,9:54:00 AM,00:37,AR (Anterior repair),No,No,6,5,Right,,,,,
1,9:54:00 AM,9:55:21 AM,01:21,AR (Anterior repair),No,No,6,5,Right,,,,,
2,9:55:21 AM,9:55:29 AM,00:08,AR (Anterior repair),No,No,6,5,Right,,,,,
1,9:55:29 AM,9:55:40 AM,00:11,AR (Anterior repair),No,No,6,5,Right,,,,,
2,9:55:40 AM,9:55:41 AM,00:01,AR (Anterior repair),No,No,6,5,Right,,,,,
18,9:55:41 AM,9:55:43 AM,00:02,AR (Anterior repair),No,No,6,5,Right,,,,,
2,9:55:43 AM,9:55:44 AM,00:01,AR (Anterior repair),No,No,6,5,Right,,,,,
6,9:55:44 AM,9:56:03 AM,00:19,AR (Anterior repair),No,No,6,5,Right,,,,,
2,9:56:03 AM,9:56:20 AM,00:17,AR (Anterior repair),No,No,6,5,Right,,,,,
6,9:56:20 AM,9:56:36 AM,00:16,AR (Anterior repair),No,No,6,5,Right,,,,,
2,9:56:36 AM,9:56:46 AM,00:10,AR (Anterior repair),No,No,6,5,Right,,,,,
1,9:56:46 AM,9:56:51 AM,00:05,AR (Anterior repair),No,No,6,5,Right,,,,,
5,9:56:51 AM,9:56:52 AM,00:01,AR (Anterior repair),No,No,6,5,Right,,,,,
6,9:56:52 AM,9:57:21 AM,00:29,AR (Anterior repair),No,No,6,5,Right,,,,,
2,9:57:21 AM,9:57:29 AM,00:08,AR (Anterior repair),No,No,6,5,Right,,,,,
1,9:57:29 AM,9:57:32 AM,00:03,AR (Anterior repair),No,No,6,5,Right,,,,,
2,9:57:32 AM,9:58:17 AM,00:45,AR (Anterior repair),No,No,6,5,Right,,,,,
1,9:58:17 AM,9:58:25 AM,00:08,AR (Anterior repair),No,No,6,5,Right,,,,,
2,9:58:25 AM,10:00:12 AM,01:47,AR (Anterior repair),No,No,6,5,Right,,,,,
6,10:00:12 AM,10:00:18 AM,00:06,AR (Anterior repair),No,No,6,5,Right,,,,,
2,10:00:18 AM,10:00:38 AM,00:20,AR (Anterior repair),No,No,6,5,Right,,,,,
6,10:00:38 AM,10:01:20 AM,00:42,AR (Anterior repair),No,No,6,5,Right,,,,,
2,10:01:20 AM,10:01:21 AM,00:01,AR (Anterior repair),No,No,6,5,Right,,,,,
1,10:01:21 AM,10:01:29 AM,00:08,AR (Anterior repair),No,No,6,5,Right,,,,,
5,10:01:29 AM,10:01:31 AM,00:02,AR (Anterior repair),No,No,6,5,Right,,,,,
6,10:01:31 AM,10:01:50 AM,00:19,AR (Anterior repair),No,No,6,5,Right,,,,,
2,10:01:50 AM,10:02:32 AM,00:42,AR (Anterior repair),No,No,6,5,Right,,,,,
1,10:02:32 AM,10:02:36 AM,00:04,AR (Anterior repair),No,No,6,5,Right,,,,,
2,10:02:36 AM,10:03:03 AM,00:27,AR (Anterior repair),No,No,6,5,Right,,,,,
1,10:03:03 AM,10:03:16 AM,00:13,AR (Anterior repair),No,No,6,5,Right,,,,,
2,10:03:16 AM,10:03:44 AM,00:28,AR (Anterior repair),No,No,6,5,Right,,,,,
6,10:03:44 AM,10:04:15 AM,00:31,AR (Anterior repair),No,No,6,5,Right,,,,,
2,10:04:15 AM,10:04:28 AM,00:13,AR (Anterior repair),No,No,6,5,Right,,,,,
1,10:04:28 AM,10:04:36 AM,00:08,AR (Anterior repair),No,No,6,5,Right,,,,,
2,10:04:36 AM,10:04:39 AM,00:03,AR (Anterior repair),No,No,6,5,Right,,,,,
1,10:04:39 AM,10:04:53 AM,00:14,AR (Anterior repair),No,No,6,5,Right,,,,,
17,10:04:53 AM,10:04:55 AM,00:02,AR (Anterior repair),No,No,6,5,Right,,,,,
1,10:04:55 AM,10:05:09 AM,00:14,AR (Anterior repair),No,No,6,5,Right,,,,,
5,10:06:40 AM,10:06:53 AM,00:13,Cysto (Cystoscopy),No,No,7,6,Right,,,,,
1,10:06:53 AM,10:08:11 AM,01:18,Cysto (Cystoscopy),No,No,7,6,Right,,,,,
17,10:10:04 AM,10:10:07 AM,00:03,AR (Anterior repair),No,No,8,7,Right,,,,,
18,10:10:07 AM,10:10:09 AM,00:02,AR (Anterior repair),No,No,8,7,Right,,,,,
2,10:10:09 AM,10:10:11 AM,00:02,AR (Anterior repair),No,No,8,7,Right,,,,,
1,10:10:11 AM,10:10:15 AM,00:04,AR (Anterior repair),No,No,8,7,Right,,,,,
5,10:10:15 AM,10:10:17 AM,00:02,AR (Anterior repair),No,No,8,7,Right,,,,,
6,10:10:17 AM,10:10:30 AM,00:13,AR (Anterior repair),No,No,8,7,Right,,,,,
2,10:10:30 AM,10:10:32 AM,00:02,AR (Anterior repair),No,No,8,7,Right,,,,,
1,10:10:32 AM,10:10:57 AM,00:25,AR (Anterior repair),No,No,8,7,Right,,,,,
2,10:10:57 AM,10:11:03 AM,00:06,AR (Anterior repair),No,No,8,7,Right,,,,,
6,10:11:03 AM,10:11:06 AM,00:03,AR (Anterior repair),No,No,8,7,Right,,,,,
5,10:11:06 AM,10:11:17 AM,00:11,AR (Anterior repair),No,No,8,7,Right,,,,,
1,10:11:17 AM,10:11:20 AM,00:03,AR (Anterior repair),No,No,8,7,Right,,,,,
2,10:11:20 AM,10:11:28 AM,00:08,AR (Anterior repair),No,No,8,7,Right,,,,,
1,10:11:28 AM,10:11:36 AM,00:08,AR (Anterior repair),No,No,8,7,Right,,,,,
5,10:11:36 AM,10:11:38 AM,00:02,AR (Anterior repair),No,No,8,7,Right,,,,,
21,10:11:38 AM,10:11:41 AM,00:03,AR (Anterior repair),No,No,8,7,Right,,,,,
17,10:11:41 AM,10:11:43 AM,00:02,AR (Anterior repair),No,No,8,7,Right,,,,,
1,10:11:43 AM,10:11:59 AM,00:16,AR (Anterior repair),No,No,8,7,Right,,,,,
5,10:11:59 AM,10:12:05 AM,00:06,AR (Anterior repair),No,No,8,7,Right,,,,,
6,10:12:05 AM,10:12:31 AM,00:26,AR (Anterior repair),No,No,8,7,Right,,,,,
2,10:12:31 AM,10:12:32 AM,00:01,AR (Anterior repair),No,No,8,7,Right,,,,,
10,10:12:32 AM,10:12:40 AM,00:08,AR (Anterior repair),No,No,8,7,Right,,,,,
2,10:12:40 AM,10:13:23 AM,00:43,AR (Anterior repair),No,No,8,7,Right,,,,,
6,10:13:23 AM,10:13:29 AM,00:06,AR (Anterior repair),No,No,9,7,Right,,,,,
2,10:13:29 AM,10:13:33 AM,00:04,AR (Anterior repair),No,No,9,7,Right,,,,,
1,10:13:33 AM,10:13:48 AM,00:15,AR (Anterior repair),No,No,9,7,Right,,,,,
2,10:14:32 AM,10:14:52 AM,00:20,USLS (Uterosacral ligament suspension),No,No,10,8,Right,,,,,
1,10:14:52 AM,10:14:59 AM,00:07,USLS (Uterosacral ligament suspension),No,No,10,8,Right,,,,,
17,10:14:59 AM,10:15:02 AM,00:03,USLS (Uterosacral ligament suspension),No,No,10,8,Right,,,,,
1,10:15:02 AM,10:15:12 AM,00:10,USLS (Uterosacral ligament suspension),No,No,10,8,Right,,,,,
17,10:15:12 AM,10:15:12 AM,00:00,USLS (Uterosacral ligament suspension),No,No,10,8,Right,,,,,
1,10:15:12 AM,10:15:20 AM,00:08,USLS (Uterosacral ligament suspension),No,No,10,8,Right,,,,,
2,10:15:20 AM,10:15:22 AM,00:02,USLS (Uterosacral ligament suspension),No,No,10,8,Right,,,,,
1,10:15:22 AM,10:15:28 AM,00:06,USLS (Uterosacral ligament suspension),No,No,10,8,Right,,,,,
2,10:15:28 AM,10:15:30 AM,00:02,USLS (Uterosacral ligament suspension),No,No,10,8,Right,,,,,
6,10:15:30 AM,10:15:50 AM,00:20,USLS (Uterosacral ligament suspension),No,No,10,8,Right,,,,,
2,10:15:50 AM,10:15:50 AM,00:00,USLS (Uterosacral ligament suspension),No,No,10,8,Right,,,,,
1,10:15:50 AM,10:15:53 AM,00:03,USLS (Uterosacral ligament suspension),No,No,10,8,Right,,,,,
5,10:15:53 AM,10:15:54 AM,00:01,USLS (Uterosacral ligament suspension),No,No,10,8,Right,,,,,
6,10:15:54 AM,10:16:19 AM,00:25,USLS (Uterosacral ligament suspension),No,No,10,8,Right,,,,,
2,10:16:19 AM,10:16:19 AM,00:00,USLS (Uterosacral ligament suspension),No,No,10,8,Right,,,,,
1,10:16:19 AM,10:17:06 AM,00:47,USLS (Uterosacral ligament suspension),No,No,10,8,Right,,,,,
5,10:17:06 AM,10:17:19 AM,00:13,USLS (Uterosacral ligament suspension),No,No,10,8,Right,,,,,
1,10:17:19 AM,10:17:21 AM,00:02,USLS (Uterosacral ligament suspension),No,No,10,8,Right,,,,,
2,10:17:21 AM,10:17:43 AM,00:22,USLS (Uterosacral ligament suspension),No,No,10,8,Right,,,,,
6,10:17:43 AM,10:17:45 AM,00:02,USLS (Uterosacral ligament suspension),No,No,10,8,Right,,,,,
2,10:17:45 AM,10:17:48 AM,00:03,USLS (Uterosacral ligament suspension),No,No,10,8,Right,,,,,
18,10:17:48 AM,10:17:53 AM,00:05,USLS (Uterosacral ligament suspension),No,No,10,8,Right,,,,,
2,10:17:53 AM,10:17:55 AM,00:02,USLS (Uterosacral ligament suspension),No,No,10,8,Right,,,,,
6,10:17:55 AM,10:18:08 AM,00:13,USLS (Uterosacral ligament suspension),No,No,10,8,Right,,,,,
5,10:18:08 AM,10:18:13 AM,00:05,USLS (Uterosacral ligament suspension),No,No,10,8,Right,,,,,
1,10:18:13 AM,10:18:29 AM,00:16,USLS (Uterosacral ligament suspension),No,No,10,8,Right,,,,,
5,10:18:29 AM,10:18:34 AM,00:05,USLS (Uterosacral ligament suspension),No,No,10,8,Right,,,,,
6,10:18:34 AM,10:18:37 AM,00:03,USLS (Uterosacral ligament suspension),No,No,10,8,Right,,,,,
2,10:18:37 AM,10:18:48 AM,00:11,USLS (Uterosacral ligament suspension),No,No,10,8,Right,,,,,
1,10:18:48 AM,10:19:05 AM,00:17,USLS (Uterosacral ligament suspension),No,No,10,8,Right,,,,,
2,10:19:05 AM,10:19:19 AM,00:14,USLS (Uterosacral ligament suspension),No,No,10,8,Right,,,,,
18,10:19:19 AM,10:19:21 AM,00:02,USLS (Uterosacral ligament suspension),No,No,10,8,Right,,,,,
2,10:19:21 AM,10:19:28 AM,00:07,USLS (Uterosacral ligament suspension),No,No,10,8,Right,,,,,
6,10:19:28 AM,10:19:57 AM,00:29,USLS (Uterosacral ligament suspension),No,No,10,8,Right,,,,,
2,10:19:57 AM,10:20:14 AM,00:17,USLS (Uterosacral ligament suspension),No,No,10,8,Right,,,,,
1,10:20:14 AM,10:20:17 AM,00:03,USLS (Uterosacral ligament suspension),No,No,10,8,Right,,,,,
2,10:20:17 AM,10:20:28 AM,00:11,USLS (Uterosacral ligament suspension),No,No,10,8,Right,,,,,
1,10:20:28 AM,10:20:35 AM,00:07,USLS (Uterosacral ligament suspension),No,No,10,8,Right,,,,,
2,10:20:35 AM,10:21:40 AM,01:05,USLS (Uterosacral ligament suspension),No,No,10,8,Right,,,,,
1,10:21:40 AM,10:21:53 AM,00:13,USLS (Uterosacral ligament suspension),No,No,10,8,Right,,,,,
2,10:21:53 AM,10:22:25 AM,00:32,USLS (Uterosacral ligament suspension),No,No,10,8,Right,,,,,
1,10:22:25 AM,10:22:35 AM,00:10,USLS (Uterosacral ligament suspension),No,No,10,8,Right,,,,,
2,10:22:35 AM,10:23:10 AM,00:35,USLS (Uterosacral ligament suspension),No,No,10,8,Right,,,,,
6,10:23:10 AM,10:23:18 AM,00:08,USLS (Uterosacral ligament suspension),No,No,10,8,Right,,,,,
2,10:23:18 AM,10:24:04 AM,00:46,USLS (Uterosacral ligament suspension),No,No,10,8,Right,,,,,
6,10:24:04 AM,10:24:13 AM,00:09,USLS (Uterosacral ligament suspension),No,No,10,8,Right,,,,,
2,10:24:13 AM,10:24:20 AM,00:07,USLS (Uterosacral ligament suspension),No,No,10,8,Right,,,,,
6,10:24:20 AM,10:24:23 AM,00:03,USLS (Uterosacral ligament suspension),No,No,10,8,Right,,,,,
2,10:24:23 AM,10:24:37 AM,00:14,USLS (Uterosacral ligament suspension),No,No,10,8,Right,,,,,
1,10:24:37 AM,10:24:39 AM,00:02,USLS (Uterosacral ligament suspension),No,No,10,8,Right,,,,,
2,10:24:39 AM,10:24:52 AM,00:13,USLS (Uterosacral ligament suspension),No,No,10,8,Right,,,,,
1,10:24:52 AM,10:25:01 AM,00:09,USLS (Uterosacral ligament suspension),No,No,10,8,Right,,,,,
2,10:25:01 AM,10:26:11 AM,01:10,USLS (Uterosacral ligament suspension),No,No,10,8,Right,,,,,
6,10:26:11 AM,10:26:16 AM,00:05,USLS (Uterosacral ligament suspension),No,No,10,8,Right,,,,,
14,10:26:16 AM,10:26:17 AM,00:01,USLS (Uterosacral ligament suspension),No,No,10,8,Right,,,,,
6,10:26:17 AM,10:26:20 AM,00:03,USLS (Uterosacral ligament suspension),No,No,10,8,Right,,,,,
2,10:26:20 AM,10:26:25 AM,00:05,USLS (Uterosacral ligament suspension),No,No,10,8,Right,,,,,
10,10:26:25 AM,10:26:31 AM,00:06,USLS (Uterosacral ligament suspension),No,No,10,8,Right,,,,,
2,10:26:31 AM,10:27:37 AM,01:06,USLS (Uterosacral ligament suspension),No,No,10,8,Right,,,,,
1,10:27:37 AM,10:27:39 AM,00:02,USLS (Uterosacral ligament suspension),No,No,10,8,Right,,,,,
2,10:27:39 AM,10:27:48 AM,00:09,USLS (Uterosacral ligament suspension),No,No,10,8,Right,,,,,
1,10:27:48 AM,10:27:57 AM,00:09,USLS (Uterosacral ligament suspension),No,No,10,8,Right,,,,,
2,10:27:57 AM,10:28:02 AM,00:05,USLS (Uterosacral ligament suspension),No,No,10,8,Right,,,,,
1,10:28:02 AM,10:28:05 AM,00:03,USLS (Uterosacral ligament suspension),No,No,10,8,Right,,,,,
2,10:28:05 AM,10:28:37 AM,00:32,USLS (Uterosacral ligament suspension),No,No,10,8,Right,,,,,
1,10:28:37 AM,10:29:00 AM,00:23,USLS (Uterosacral ligament suspension),No,No,10,8,Right,,,,,
2,10:29:00 AM,10:29:15 AM,00:15,USLS (Uterosacral ligament suspension),No,No,10,8,Right,,,,,
1,10:29:15 AM,10:29:17 AM,00:02,USLS (Uterosacral ligament suspension),No,No,10,8,Right,,,,,
2,10:29:17 AM,10:29:55 AM,00:38,USLS (Uterosacral ligament suspension),No,No,10,8,Right,,,,,
6,10:29:55 AM,10:30:07 AM,00:12,USLS (Uterosacral ligament suspension),No,No,10,8,Right,,,,,
2,10:30:07 AM,10:30:54 AM,00:47,USLS (Uterosacral ligament suspension),No,No,10,8,Right,,,,,
6,10:30:54 AM,10:31:06 AM,00:12,USLS (Uterosacral ligament suspension),No,No,11,8,Right,,,,,
2,10:31:06 AM,10:32:25 AM,01:19,USLS (Uterosacral ligament suspension),No,No,11,8,Right,,,,,
1,10:32:25 AM,10:33:06 AM,00:41,USLS (Uterosacral ligament suspension),No,No,12,8,Right,,,,,
2,10:33:06 AM,10:34:08 AM,01:02,USLS (Uterosacral ligament suspension),No,No,12,8,Right,,,,,
6,10:34:08 AM,10:34:23 AM,00:15,USLS (Uterosacral ligament suspension),No,No,12,8,Right,,,,,
2,10:34:23 AM,10:34:43 AM,00:20,USLS (Uterosacral ligament suspension),No,No,12,8,Right,,,,,
1,10:34:43 AM,10:36:26 AM,01:43,USLS (Uterosacral ligament suspension),No,No,12,8,Right,,,,,
2,10:36:26 AM,10:36:40 AM,00:14,USLS (Uterosacral ligament suspension),No,No,12,8,Right,,,,,
1,10:36:40 AM,10:36:44 AM,00:04,USLS (Uterosacral ligament suspension),No,No,12,8,Right,,,,,
2,10:38:06 AM,10:38:24 AM,00:18,Cysto (Cystoscopy),No,No,13,9,Right,,,,,
1,10:38:24 AM,10:41:45 AM,03:21,Cysto (Cystoscopy),No,No,13,9,Right,,,,,
2,10:43:22 AM,10:43:49 AM,00:27,USLS (Uterosacral ligament suspension),No,No,14,10,Right,,,,,
1,10:43:49 AM,10:43:57 AM,00:08,USLS (Uterosacral ligament suspension),No,No,14,10,Right,,,,,
2,10:43:57 AM,10:44:34 AM,00:37,USLS (Uterosacral ligament suspension),No,No,14,10,Right,,,,,
6,10:44:34 AM,10:45:23 AM,00:49,USLS (Uterosacral ligament suspension),No,No,14,10,Right,,,,,
14,10:45:23 AM,10:45:33 AM,00:10,USLS (Uterosacral ligament suspension),No,No,14,10,Right,,,,,
6,10:45:33 AM,10:45:42 AM,00:09,USLS (Uterosacral ligament suspension),No,No,14,10,Right,,,,,
2,10:45:42 AM,10:46:38 AM,00:56,USLS (Uterosacral ligament suspension),No,No,14,10,Right,,,,,
1,10:46:38 AM,10:47:01 AM,00:23,USLS (Uterosacral ligament suspension),No,No,15,10,Right,,,,,
2,10:47:01 AM,10:47:12 AM,00:11,USLS (Uterosacral ligament suspension),No,No,15,10,Right,,,,,
1,10:47:12 AM,10:47:15 AM,00:03,USLS (Uterosacral ligament suspension),No,No,15,10,Right,,,,,
2,10:47:15 AM,10:47:42 AM,00:27,USLS (Uterosacral ligament suspension),No,No,15,10,Right,,,,,
1,10:47:42 AM,10:48:48 AM,01:06,USLS (Uterosacral ligament suspension),No,No,15,10,Right,,,,,
2,10:48:48 AM,10:49:02 AM,00:14,USLS (Uterosacral ligament suspension),No,No,15,10,Right,,,,,
1,10:49:02 AM,10:49:30 AM,00:28,USLS (Uterosacral ligament suspension),No,No,15,10,Right,,,,,
5,10:51:13 AM,10:51:49 AM,00:36,Sling (Midurethral synthetic sling),No,No,16,11,Right,,,,,
1,10:51:49 AM,10:52:18 AM,00:29,Sling (Midurethral synthetic sling),No,No,17,11,Right,,,,,
2,10:52:18 AM,10:52:22 AM,00:04,Sling (Midurethral synthetic sling),No,No,17,11,Center,,,,,
10,10:52:22 AM,10:52:24 AM,00:02,Sling (Midurethral synthetic sling),No,No,17,11,Center,,,,,
2,10:52:24 AM,10:52:37 AM,00:13,Sling (Midurethral synthetic sling),No,No,17,11,Center,,,,,
10,10:52:37 AM,10:52:42 AM,00:05,Sling (Midurethral synthetic sling),No,No,17,11,Center,,,,,
2,10:52:42 AM,10:52:44 AM,00:02,Sling (Midurethral synthetic sling),No,No,17,11,Center,,,,,
1,10:52:44 AM,10:52:53 AM,00:09,Sling (Midurethral synthetic sling),No,No,17,11,Center,,,,,
9,10:52:53 AM,10:52:55 AM,00:02,Sling (Midurethral synthetic sling),No,No,17,11,Center,,,,,
1,10:52:55 AM,10:53:00 AM,00:05,Sling (Midurethral synthetic sling),No,No,17,11,Center,,,,,
5,10:53:00 AM,10:53:27 AM,00:27,Sling (Midurethral synthetic sling),No,No,17,11,Center,,,,,
1,10:53:27 AM,10:53:34 AM,00:07,Sling (Midurethral synthetic sling),No,No,18,11,Right,,,,,
2,10:53:34 AM,10:54:11 AM,00:37,Sling (Midurethral synthetic sling),No,No,18,11,Right,,,,,
6,10:54:11 AM,10:54:57 AM,00:46,Sling (Midurethral synthetic sling),No,No,18,11,Right,,,,,
2,10:54:57 AM,10:55:19 AM,00:22,Sling (Midurethral synthetic sling),No,No,18,11,Right,,,,,
6,10:55:19 AM,10:55:39 AM,00:20,Sling (Midurethral synthetic sling),No,No,18,11,Right,,,,,
2,10:55:39 AM,10:55:41 AM,00:02,Sling (Midurethral synthetic sling),No,No,18,11,Right,,,,,
4,10:55:41 AM,10:55:47 AM,00:06,Sling (Midurethral synthetic sling),No,No,18,11,Right,,,,,
2,10:55:47 AM,10:55:55 AM,00:08,Sling (Midurethral synthetic sling),No,No,18,11,Right,,,,,
6,10:55:55 AM,10:56:04 AM,00:09,Sling (Midurethral synthetic sling),No,No,18,11,Right,,,,,
2,10:56:04 AM,10:56:09 AM,00:05,Sling (Midurethral synthetic sling),No,No,18,11,Right,,,,,
6,10:56:09 AM,10:56:16 AM,00:07,Sling (Midurethral synthetic sling),No,No,18,11,Right,,,,,
2,10:56:16 AM,10:56:17 AM,00:01,Sling (Midurethral synthetic sling),No,No,18,11,Right,,,,,
6,10:56:17 AM,10:56:36 AM,00:19,Sling (Midurethral synthetic sling),No,No,18,11,Right,,,,,
2,10:56:36 AM,10:56:57 AM,00:21,Sling (Midurethral synthetic sling),No,No,18,11,Right,,,,,
6,10:56:57 AM,10:57:26 AM,00:29,Sling (Midurethral synthetic sling),No,No,18,11,Right,,,,,
2,10:57:26 AM,10:57:33 AM,00:07,Sling (Midurethral synthetic sling),No,No,18,11,Right,,,,,
1,10:57:33 AM,10:58:09 AM,00:36,Sling (Midurethral synthetic sling),No,No,18,11,Right,,,,,
2,10:58:09 AM,10:58:35 AM,00:26,Sling (Midurethral synthetic sling),No,No,18,11,Right,,,,,
6,10:58:35 AM,10:59:13 AM,00:38,Sling (Midurethral synthetic sling),No,No,18,11,Right,,,,,
2,10:59:13 AM,11:00:58 AM,01:45,Sling (Midurethral synthetic sling),No,No,18,11,Right,,,,,
1,11:00:58 AM,11:01:06 AM,00:08,Sling (Midurethral synthetic sling),No,No,18,11,Right,,,,,
2,11:01:06 AM,11:01:33 AM,00:27,Sling (Midurethral synthetic sling),No,No,18,11,Right,,,,,
1,11:01:33 AM,11:01:49 AM,00:16,Sling (Midurethral synthetic sling),No,No,18,11,Right,,,,,
2,11:01:49 AM,11:01:59 AM,00:10,Sling (Midurethral synthetic sling),No,No,18,11,Right,,,,,
6,11:01:59 AM,11:02:04 AM,00:05,Sling (Midurethral synthetic sling),No,No,18,11,Right,,,,,
2,11:02:04 AM,11:02:14 AM,00:10,Sling (Midurethral synthetic sling),No,No,18,11,Right,,,,,
1,11:02:14 AM,11:02:55 AM,00:41,Sling (Midurethral synthetic sling),No,No,18,11,Right,,,,,
2,11:02:55 AM,11:03:04 AM,00:09,Sling (Midurethral synthetic sling),No,No,19,11,Right,,,,,
4,11:03:04 AM,11:03:07 AM,00:03,Sling (Midurethral synthetic sling),No,No,19,11,Right,,,,,
2,11:03:07 AM,11:03:11 AM,00:04,Sling (Midurethral synthetic sling),No,No,19,11,Right,,,,,
6,11:03:11 AM,11:03:18 AM,00:07,Sling (Midurethral synthetic sling),No,No,19,11,Right,,,,,
2,11:03:18 AM,11:03:20 AM,00:02,Sling (Midurethral synthetic sling),No,No,19,11,Right,,,,,
18,11:03:20 AM,11:03:25 AM,00:05,Sling (Midurethral synthetic sling),No,No,19,11,Right,,,,,
2,11:03:25 AM,11:03:59 AM,00:34,Sling (Midurethral synthetic sling),No,No,19,11,Right,,,,,
1,11:03:59 AM,11:04:29 AM,00:30,Sling (Midurethral synthetic sling),No,No,19,11,Right,,,,,
2,11:04:29 AM,11:04:45 AM,00:16,Sling (Midurethral synthetic sling),No,No,19,11,Right,,,,,
1,11:04:45 AM,11:04:52 AM,00:07,Sling (Midurethral synthetic sling),No,No,19,11,Right,,,,,
2,11:04:52 AM,11:05:28 AM,00:36,Sling (Midurethral synthetic sling),No,No,19,11,Right,,,,,
1,11:05:28 AM,11:05:43 AM,00:15,Sling (Midurethral synthetic sling),No,No,19,11,Right,,,,,
2,11:05:43 AM,11:05:54 AM,00:11,Sling (Midurethral synthetic sling),No,No,19,11,Right,,,,,
10,11:05:54 AM,11:05:59 AM,00:05,Sling (Midurethral synthetic sling),No,No,19,11,Right,,,,,
2,11:05:59 AM,11:06:00 AM,00:01,Sling (Midurethral synthetic sling),No,No,19,11,Right,,,,,
1,11:06:00 AM,11:06:08 AM,00:08,Sling (Midurethral synthetic sling),No,No,19,11,Right,,,,,
2,11:06:52 AM,11:07:03 AM,00:11,Cysto (Cystoscopy),No,No,20,12,Right,,,,,
1,11:07:03 AM,11:07:12 AM,00:09,Cysto (Cystoscopy),No,No,20,12,Right,,,,,
2,11:07:12 AM,11:07:50 AM,00:38,Cysto (Cystoscopy),No,No,20,12,Right,,,,,
1,11:07:50 AM,11:08:21 AM,00:31,Cysto (Cystoscopy),No,No,20,12,Right,,,,,
2,11:09:19 AM,11:10:14 AM,00:55,Sling (Midurethral synthetic sling),No,No,21,13,Right,,,,,
1,11:10:14 AM,11:10:25 AM,00:11,Sling (Midurethral synthetic sling),No,No,22,13,Right,,,,,
2,11:10:25 AM,11:11:05 AM,00:40,Sling (Midurethral synthetic sling),No,No,22,13,Right,,,,,
1,11:11:05 AM,11:11:09 AM,00:04,Sling (Midurethral synthetic sling),No,No,22,13,Right,,,,,
2,11:11:09 AM,11:11:39 AM,00:30,Sling (Midurethral synthetic sling),No,No,22,13,Right,,,,,
1,11:11:39 AM,11:11:47 AM,00:08,Sling (Midurethral synthetic sling),No,No,22,13,Right,,,,,
2,11:11:47 AM,11:11:54 AM,00:07,Sling (Midurethral synthetic sling),No,No,22,13,Right,,,,,
1,11:11:54 AM,11:12:05 AM,00:11,Sling (Midurethral synthetic sling),No,No,22,13,Right,,,,,
2,11:12:05 AM,11:12:36 AM,00:31,Sling (Midurethral synthetic sling),No,No,22,13,Right,,,,,
1,11:12:36 AM,11:12:51 AM,00:15,Sling (Midurethral synthetic sling),No,No,22,13,Right,,,,,
2,11:14:44 AM,11:14:57 AM,00:13,PR (Posterior repair),No,No,23,14,Right,,,,,
6,11:14:57 AM,11:16:04 AM,01:07,PR (Posterior repair),No,No,23,14,Right,,,,,
8,11:16:04 AM,11:16:04 AM,00:00,PR (Posterior repair),No,No,23,14,Right,,,,,
4,11:16:04 AM,11:16:29 AM,00:25,PR (Posterior repair),No,No,23,14,Right,,,,,
2,11:16:29 AM,11:16:37 AM,00:08,PR (Posterior repair),No,No,23,14,Right,,,,,
1,11:16:37 AM,11:16:41 AM,00:04,PR (Posterior repair),No,No,23,14,Right,,,,,
2,11:16:41 AM,11:17:32 AM,00:51,PR (Posterior repair),No,No,23,14,Right,,,,,
4,11:17:32 AM,11:17:45 AM,00:13,PR (Posterior repair),No,No,23,14,Right,,,,,
8,11:17:45 AM,11:17:46 AM,00:01,PR (Posterior repair),No,No,23,14,Right,,,,,
6,11:17:46 AM,11:18:44 AM,00:58,PR (Posterior repair),No,No,23,14,Right,,,,,
2,11:18:44 AM,11:18:46 AM,00:02,PR (Posterior repair),No,No,23,14,Right,,,,,
4,11:18:46 AM,11:18:54 AM,00:08,PR (Posterior repair),No,No,23,14,Right,,,,,
8,11:18:54 AM,11:18:55 AM,00:01,PR (Posterior repair),No,No,23,14,Right,,,,,
6,11:18:55 AM,11:19:19 AM,00:24,PR (Posterior repair),No,No,23,14,Right,,,,,
8,11:19:19 AM,11:19:20 AM,00:01,PR (Posterior repair),No,No,23,14,Right,,,,,
4,11:19:20 AM,11:19:29 AM,00:09,PR (Posterior repair),No,No,23,14,Right,,,,,
20,11:19:29 AM,11:19:31 AM,00:02,PR (Posterior repair),No,No,23,14,Right,,,,,
18,11:19:31 AM,11:19:34 AM,00:03,PR (Posterior repair),No,No,23,14,Right,,,,,
2,11:19:34 AM,11:19:35 AM,00:01,PR (Posterior repair),No,No,23,14,Right,,,,,
6,11:19:35 AM,11:19:46 AM,00:11,PR (Posterior repair),No,No,23,14,Right,,,,,
2,11:19:46 AM,11:21:30 AM,01:44,PR (Posterior repair),No,No,23,14,Right,,,,,
18,11:21:30 AM,11:21:32 AM,00:02,PR (Posterior repair),No,No,23,14,Right,,,,,
2,11:21:32 AM,11:22:50 AM,01:18,PR (Posterior repair),No,No,23,14,Right,,,,,
4,11:22:50 AM,11:22:57 AM,00:07,PR (Posterior repair),No,No,23,14,Right,,,,,
20,11:22:57 AM,11:22:58 AM,00:01,PR (Posterior repair),No,No,23,14,Right,,,,,
18,11:22:58 AM,11:23:07 AM,00:09,PR (Posterior repair),No,No,23,14,Right,,,,,
20,11:23:07 AM,11:23:11 AM,00:04,PR (Posterior repair),No,No,23,14,Right,,,,,
4,11:23:11 AM,11:23:31 AM,00:20,PR (Posterior repair),No,No,23,14,Right,,,,,
2,11:23:31 AM,11:23:47 AM,00:16,PR (Posterior repair),No,No,23,14,Right,,,,,
1,11:23:47 AM,11:23:48 AM,00:01,PR (Posterior repair),No,No,23,14,Right,,,,,
17,11:23:48 AM,11:23:49 AM,00:01,PR (Posterior repair),No,No,23,14,Right,,,,,
1,11:23:49 AM,11:23:51 AM,00:02,PR (Posterior repair),No,No,23,14,Right,,,,,
2,11:23:51 AM,11:24:27 AM,00:36,PR (Posterior repair),No,No,23,14,Right,,,,,
4,11:24:27 AM,11:25:17 AM,00:50,PR (Posterior repair),No,No,23,14,Right,,,,,
8,11:25:17 AM,11:25:18 AM,00:01,PR (Posterior repair),No,No,23,14,Right,,,,,
4,11:25:18 AM,11:25:19 AM,00:01,PR (Posterior repair),No,No,23,14,Right,,,,,
2,11:25:19 AM,11:27:14 AM,01:55,PR (Posterior repair),No,No,23,14,Right,,,,,
18,11:27:14 AM,11:27:31 AM,00:17,PR (Posterior repair),No,No,23,14,Right,,,,,
2,11:27:31 AM,11:28:06 AM,00:35,PR (Posterior repair),No,No,23,14,Right,,,,,
1,11:28:06 AM,11:28:11 AM,00:05,PR (Posterior repair),No,No,23,14,Right,,,,,
17,11:28:11 AM,11:28:13 AM,00:02,PR (Posterior repair),No,No,23,14,Right,,,,,
18,11:28:13 AM,11:28:14 AM,00:01,PR (Posterior repair),No,No,23,14,Right,,,,,
2,11:28:14 AM,11:28:15 AM,00:01,PR (Posterior repair),No,No,23,14,Right,,,,,
4,11:28:15 AM,11:28:17 AM,00:02,PR (Posterior repair),No,No,23,14,Right,,,,,
20,11:28:17 AM,11:28:20 AM,00:03,PR (Posterior repair),No,No,23,14,Right,,,,,
18,11:28:20 AM,11:28:24 AM,00:04,PR (Posterior repair),No,No,23,14,Right,,,,,
2,11:28:24 AM,11:29:27 AM,01:03,PR (Posterior repair),No,No,23,14,Right,,,,,
18,11:29:27 AM,11:29:28 AM,00:01,PR (Posterior repair),No,No,23,14,Right,,,,,
17,11:29:28 AM,11:29:29 AM,00:01,PR (Posterior repair),No,No,23,14,Right,,,,,
1,11:29:29 AM,11:29:32 AM,00:03,PR (Posterior repair),No,No,23,14,Right,,,,,
2,11:29:32 AM,11:29:40 AM,00:08,PR (Posterior repair),No,No,23,14,Right,,,,,
18,11:29:40 AM,11:29:42 AM,00:02,PR (Posterior repair),No,No,23,14,Right,,,,,
17,11:29:42 AM,11:29:44 AM,00:02,PR (Posterior repair),No,No,23,14,Right,,,,,
1,11:29:44 AM,11:29:46 AM,00:02,PR (Posterior repair),No,No,23,14,Right,,,,,
17,11:29:46 AM,11:29:48 AM,00:02,PR (Posterior repair),No,No,23,14,Right,,,,,
1,11:29:48 AM,11:29:50 AM,00:02,PR (Posterior repair),No,No,23,14,Right,,,,,
2,11:29:50 AM,11:30:41 AM,00:51,PR (Posterior repair),No,No,23,14,Right,,,,,
4,11:30:41 AM,11:31:24 AM,00:43,PR (Posterior repair),No,No,23,14,Right,,,,,
2,11:31:24 AM,11:31:58 AM,00:34,PR (Posterior repair),No,No,23,14,Right,,,,,
1,11:31:58 AM,11:32:08 AM,00:10,PR (Posterior repair),No,No,23,14,Right,,,,,
2,11:32:08 AM,11:32:30 AM,00:22,PR (Posterior repair),No,No,23,14,Right,,,,,
1,11:32:30 AM,11:33:16 AM,00:46,PR (Posterior repair),No,No,23,14,Right,,,,,
