Posture Code,Start ,End,Duration,Task Code,Stool Usage,Sitting,Bed Code,Patient Code,Location
1,8:14:13 AM,8:15:06 AM,00:53,TVH (Transvaginal hysterectomy),No,No,1,1,Right
2,8:15:06 AM,8:15:15 AM,00:09,TVH (Transvaginal hysterectomy),No,No,2,1,Right
1,8:15:15 AM,8:15:33 AM,00:18,TVH (Transvaginal hysterectomy),No,No,2,1,Right
2,8:15:33 AM,8:15:54 AM,00:21,TVH (Transvaginal hysterectomy),No,No,2,1,Right
1,8:15:54 AM,8:17:44 AM,01:50,TVH (Transvaginal hysterectomy),No,No,2,1,Right
2,8:17:44 AM,8:17:52 AM,00:08,TVH (Transvaginal hysterectomy),No,No,2,1,Right
1,8:17:52 AM,8:17:54 AM,00:02,TVH (Transvaginal hysterectomy),No,No,2,1,Right
2,8:17:54 AM,8:17:56 AM,00:02,TVH (Transvaginal hysterectomy),No,No,2,1,Right
1,8:17:56 AM,8:17:57 AM,00:01,TVH (Transvaginal hysterectomy),No,No,2,1,Right
2,8:17:57 AM,8:18:06 AM,00:09,TVH (Transvaginal hysterectomy),No,No,2,1,Right
1,8:18:06 AM,8:18:22 AM,00:16,TVH (Transvaginal hysterectomy),No,No,2,1,Right
2,8:18:22 AM,8:18:30 AM,00:08,TVH (Transvaginal hysterectomy),No,No,2,1,Right
1,8:18:30 AM,8:19:20 AM,00:50,TVH (Transvaginal hysterectomy),No,No,2,1,Right
2,8:19:20 AM,8:19:22 AM,00:02,TVH (Transvaginal hysterectomy),No,No,2,1,Right
1,8:19:22 AM,8:20:30 AM,01:08,TVH (Transvaginal hysterectomy),No,No,2,1,Right
2,8:20:30 AM,8:20:32 AM,00:02,TVH (Transvaginal hysterectomy),No,No,2,1,Right
1,8:20:32 AM,8:20:38 AM,00:06,TVH (Transvaginal hysterectomy),No,No,2,1,Right
2,8:20:38 AM,8:20:43 AM,00:05,TVH (Transvaginal hysterectomy),No,No,2,1,Right
1,8:20:43 AM,8:21:00 AM,00:17,TVH (Transvaginal hysterectomy),No,No,2,1,Right
9,8:21:00 AM,8:21:18 AM,00:18,TVH (Transvaginal hysterectomy),No,No,2,1,Right
10,8:21:18 AM,8:21:23 AM,00:05,TVH (Transvaginal hysterectomy),No,No,2,1,Right
9,8:21:23 AM,8:23:45 AM,02:22,TVH (Transvaginal hysterectomy),No,No,2,1,Right
25,8:23:45 AM,8:23:57 AM,00:12,TVH (Transvaginal hysterectomy),No,No,2,1,Right
9,8:23:57 AM,8:27:42 AM,03:45,TVH (Transvaginal hysterectomy),No,No,2,1,Right
10,8:27:42 AM,8:27:44 AM,00:02,TVH (Transvaginal hysterectomy),No,No,2,1,Right
9,8:27:44 AM,8:27:46 AM,00:02,TVH (Transvaginal hysterectomy),No,No,2,1,Right
1,8:27:46 AM,8:27:52 AM,00:06,TVH (Transvaginal hysterectomy),No,No,2,1,Right
2,8:27:52 AM,8:28:28 AM,00:36,TVH (Transvaginal hysterectomy),No,No,2,1,Right
1,8:28:28 AM,8:28:38 AM,00:10,TVH (Transvaginal hysterectomy),No,No,2,1,Right
2,8:28:38 AM,8:28:40 AM,00:02,TVH (Transvaginal hysterectomy),No,No,2,1,Right
1,8:28:40 AM,8:28:47 AM,00:07,TVH (Transvaginal hysterectomy),No,No,2,1,Right
2,8:28:47 AM,8:28:52 AM,00:05,TVH (Transvaginal hysterectomy),No,No,2,1,Right
1,8:28:52 AM,8:29:15 AM,00:23,TVH (Transvaginal hysterectomy),No,No,2,1,Right
2,8:29:15 AM,8:29:18 AM,00:03,TVH (Transvaginal hysterectomy),No,No,2,1,Right
10,8:29:18 AM,8:29:23 AM,00:05,TVH (Transvaginal hysterectomy),No,No,2,1,Right
9,8:29:23 AM,8:31:01 AM,01:38,TVH (Transvaginal hysterectomy),No,No,2,1,Right
10,8:31:01 AM,8:31:04 AM,00:03,TVH (Transvaginal hysterectomy),No,No,2,1,Right
2,8:31:04 AM,8:31:06 AM,00:02,TVH (Transvaginal hysterectomy),No,No,2,1,Right
1,8:31:06 AM,8:31:21 AM,00:15,TVH (Transvaginal hysterectomy),No,No,2,1,Right
2,8:31:21 AM,8:31:42 AM,00:21,TVH (Transvaginal hysterectomy),No,No,2,1,Right
1,8:31:42 AM,8:32:47 AM,01:05,TVH (Transvaginal hysterectomy),No,No,2,1,Right
9,8:32:47 AM,8:32:51 AM,00:04,TVH (Transvaginal hysterectomy),No,No,2,1,Right
10,8:32:51 AM,8:32:55 AM,00:04,TVH (Transvaginal hysterectomy),No,No,2,1,Right
9,8:32:55 AM,8:37:07 AM,04:12,TVH (Transvaginal hysterectomy),No,No,2,1,Right
1,8:37:07 AM,8:37:16 AM,00:09,TVH (Transvaginal hysterectomy),No,No,2,1,Right
2,8:37:16 AM,8:37:39 AM,00:23,TVH (Transvaginal hysterectomy),No,No,2,1,Right
1,8:37:39 AM,8:40:31 AM,02:52,TVH (Transvaginal hysterectomy),No,No,2,1,Right
9,8:40:31 AM,8:43:13 AM,02:42,TVH (Transvaginal hysterectomy),No,No,2,1,Right
10,8:43:13 AM,8:43:14 AM,00:01,TVH (Transvaginal hysterectomy),No,No,2,1,Right
9,8:43:14 AM,8:43:44 AM,00:30,TVH (Transvaginal hysterectomy),No,No,2,1,Right
1,8:43:44 AM,8:43:44 AM,00:00,TVH (Transvaginal hysterectomy),No,No,2,1,Right
2,8:44:44 AM,8:44:50 AM,00:06,Bilateral salpingectomy,No,No,3,2,Right
6,8:44:50 AM,8:44:57 AM,00:07,Bilateral salpingectomy,No,No,3,2,Right
2,8:44:57 AM,8:45:00 AM,00:03,Bilateral salpingectomy,No,No,3,2,Right
1,8:45:00 AM,8:45:09 AM,00:09,Bilateral salpingectomy,No,No,3,2,Right
2,8:45:09 AM,8:45:17 AM,00:08,Bilateral salpingectomy,No,No,3,2,Right
1,8:45:17 AM,8:45:58 AM,00:41,Bilateral salpingectomy,No,No,3,2,Right
2,8:45:58 AM,8:46:07 AM,00:09,Bilateral salpingectomy,No,No,3,2,Right
1,8:46:07 AM,8:46:46 AM,00:39,Bilateral salpingectomy,No,No,3,2,Right
2,8:46:46 AM,8:46:46 AM,00:00,Bilateral salpingectomy,No,No,3,2,Right
1,8:46:46 AM,8:46:47 AM,00:01,Bilateral salpingectomy,No,No,3,2,Right
2,8:46:47 AM,8:46:55 AM,00:08,Bilateral salpingectomy,No,No,3,2,Right
10,8:46:55 AM,8:46:56 AM,00:01,Bilateral salpingectomy,No,No,3,2,Right
9,8:46:56 AM,8:47:41 AM,00:45,Bilateral salpingectomy,No,No,3,2,Right
10,8:47:41 AM,8:47:45 AM,00:04,Bilateral salpingectomy,No,No,3,2,Right
9,8:47:45 AM,8:49:01 AM,01:16,Bilateral salpingectomy,No,No,3,2,Right
10,8:49:01 AM,8:49:02 AM,00:01,Bilateral salpingectomy,No,No,3,2,Right
9,8:49:02 AM,8:49:07 AM,00:05,Bilateral salpingectomy,No,No,3,2,Right
10,8:49:07 AM,8:49:09 AM,00:02,Bilateral salpingectomy,No,No,3,2,Right
9,8:49:09 AM,8:50:12 AM,01:03,Bilateral salpingectomy,No,No,3,2,Right
10,8:50:12 AM,8:50:13 AM,00:01,Bilateral salpingectomy,No,No,3,2,Right
9,8:50:13 AM,8:50:13 AM,00:00,Bilateral salpingectomy,No,No,3,2,Right
10,8:50:13 AM,8:50:15 AM,00:02,Bilateral salpingectomy,No,No,3,2,Right
9,8:50:15 AM,8:51:11 AM,00:56,Bilateral salpingectomy,No,No,3,2,Right
10,8:51:11 AM,8:51:21 AM,00:10,Bilateral salpingectomy,No,No,3,2,Right
9,8:51:21 AM,8:53:08 AM,01:47,Bilateral salpingectomy,No,No,3,2,Right
10,8:53:08 AM,8:53:13 AM,00:05,Bilateral salpingectomy,No,No,3,2,Right
9,8:53:13 AM,8:53:49 AM,00:36,Bilateral salpingectomy,No,No,3,2,Right
10,8:53:49 AM,8:53:50 AM,00:01,Bilateral salpingectomy,No,No,3,2,Right
9,8:53:50 AM,8:54:50 AM,01:00,Bilateral salpingectomy,No,No,3,2,Right
25,8:54:50 AM,8:55:03 AM,00:13,Bilateral salpingectomy,No,No,3,2,Right
9,8:55:03 AM,8:55:07 AM,00:04,Bilateral salpingectomy,No,No,3,2,Right
10,8:55:07 AM,8:55:08 AM,00:01,Bilateral salpingectomy,No,No,3,2,Right
9,8:55:08 AM,8:55:50 AM,00:42,Bilateral salpingectomy,No,No,3,2,Right
1,8:55:50 AM,8:55:58 AM,00:08,Bilateral salpingectomy,No,No,3,2,Right
9,8:56:44 AM,8:58:19 AM,01:35,USLS (Uterosacral ligament suspension),No,No,4,3,Right
10,8:58:19 AM,8:58:21 AM,00:02,USLS (Uterosacral ligament suspension),No,No,4,3,Right
9,8:58:21 AM,8:59:00 AM,00:39,USLS (Uterosacral ligament suspension),No,No,4,3,Right
10,8:59:00 AM,8:59:01 AM,00:01,USLS (Uterosacral ligament suspension),No,No,4,3,Right
9,8:59:01 AM,8:59:15 AM,00:14,USLS (Uterosacral ligament suspension),No,No,4,3,Right
1,8:59:15 AM,9:03:14 AM,03:59,USLS (Uterosacral ligament suspension),No,No,4,3,Right
2,9:03:14 AM,9:03:23 AM,00:09,USLS (Uterosacral ligament suspension),No,No,4,3,Right
1,9:03:23 AM,9:04:29 AM,01:06,USLS (Uterosacral ligament suspension),No,No,4,3,Right
2,9:04:29 AM,9:04:34 AM,00:05,USLS (Uterosacral ligament suspension),No,No,4,3,Right
1,9:04:34 AM,9:04:46 AM,00:12,USLS (Uterosacral ligament suspension),No,No,4,3,Right
2,9:04:46 AM,9:04:47 AM,00:01,USLS (Uterosacral ligament suspension),No,No,4,3,Right
1,9:04:47 AM,9:04:57 AM,00:10,USLS (Uterosacral ligament suspension),No,No,4,3,Right
2,9:04:57 AM,9:05:16 AM,00:19,USLS (Uterosacral ligament suspension),No,No,4,3,Right
1,9:05:16 AM,9:06:00 AM,00:44,USLS (Uterosacral ligament suspension),No,No,4,3,Right
2,9:06:00 AM,9:06:07 AM,00:07,USLS (Uterosacral ligament suspension),No,No,4,3,Right
1,9:06:07 AM,9:06:39 AM,00:32,USLS (Uterosacral ligament suspension),No,No,4,3,Right
2,9:06:39 AM,9:06:48 AM,00:09,USLS (Uterosacral ligament suspension),No,No,4,3,Right
1,9:06:48 AM,9:08:26 AM,01:38,USLS (Uterosacral ligament suspension),No,No,4,3,Right
9,9:08:26 AM,9:08:28 AM,00:02,USLS (Uterosacral ligament suspension),No,No,4,3,Right
10,9:08:28 AM,9:08:40 AM,00:12,USLS (Uterosacral ligament suspension),No,No,4,3,Right
9,9:08:40 AM,9:10:44 AM,02:04,USLS (Uterosacral ligament suspension),No,No,4,3,Right
10,9:10:44 AM,9:10:46 AM,00:02,USLS (Uterosacral ligament suspension),No,No,4,3,Right
9,9:10:46 AM,9:11:03 AM,00:17,USLS (Uterosacral ligament suspension),No,No,4,3,Right
10,9:11:03 AM,9:11:06 AM,00:03,USLS (Uterosacral ligament suspension),No,No,4,3,Right
9,9:11:06 AM,9:12:15 AM,01:09,USLS (Uterosacral ligament suspension),No,No,4,3,Right
10,9:12:15 AM,9:12:18 AM,00:03,USLS (Uterosacral ligament suspension),No,No,4,3,Right
9,9:12:18 AM,9:12:29 AM,00:11,USLS (Uterosacral ligament suspension),No,No,4,3,Right
10,9:12:29 AM,9:12:31 AM,00:02,USLS (Uterosacral ligament suspension),No,No,4,3,Right
9,9:12:31 AM,9:12:45 AM,00:14,USLS (Uterosacral ligament suspension),No,No,4,3,Right
10,9:12:45 AM,9:12:47 AM,00:02,USLS (Uterosacral ligament suspension),No,No,4,3,Right
9,9:12:47 AM,9:13:48 AM,01:01,USLS (Uterosacral ligament suspension),No,No,4,3,Right
10,9:13:48 AM,9:14:19 AM,00:31,USLS (Uterosacral ligament suspension),No,No,4,3,Right
9,9:14:19 AM,9:15:32 AM,01:13,USLS (Uterosacral ligament suspension),No,No,4,3,Right
10,9:15:32 AM,9:15:34 AM,00:02,USLS (Uterosacral ligament suspension),No,No,4,3,Right
9,9:15:34 AM,9:16:39 AM,01:05,USLS (Uterosacral ligament suspension),No,No,4,3,Right
10,9:16:39 AM,9:16:45 AM,00:06,USLS (Uterosacral ligament suspension),No,No,4,3,Right
9,9:16:45 AM,9:18:28 AM,01:43,USLS (Uterosacral ligament suspension),No,No,4,3,Right
1,9:18:28 AM,9:18:56 AM,00:28,USLS (Uterosacral ligament suspension),No,No,4,3,Right
9,9:21:40 AM,9:21:52 AM,00:12,AR (Anterior repair),No,No,5,4,Right
1,9:21:52 AM,9:23:57 AM,02:05,AR (Anterior repair),No,No,5,4,Right
2,9:23:57 AM,9:24:22 AM,00:25,AR (Anterior repair),No,No,5,4,Right
1,9:24:22 AM,9:25:29 AM,01:07,AR (Anterior repair),No,No,5,4,Right
9,9:25:29 AM,9:25:32 AM,00:03,AR (Anterior repair),No,No,5,4,Right
10,9:25:32 AM,9:25:37 AM,00:05,AR (Anterior repair),No,No,5,4,Right
9,9:25:37 AM,9:26:23 AM,00:46,AR (Anterior repair),No,No,5,4,Right
10,9:26:23 AM,9:26:40 AM,00:17,AR (Anterior repair),No,No,5,4,Right
9,9:26:40 AM,9:26:49 AM,00:09,AR (Anterior repair),No,No,5,4,Right
10,9:26:49 AM,9:27:28 AM,00:39,AR (Anterior repair),No,No,5,4,Right
9,9:27:28 AM,9:27:37 AM,00:09,AR (Anterior repair),No,No,5,4,Right
10,9:27:37 AM,9:27:42 AM,00:05,AR (Anterior repair),No,No,5,4,Right
9,9:27:42 AM,9:27:44 AM,00:02,AR (Anterior repair),No,No,5,4,Right
10,9:27:44 AM,9:27:47 AM,00:03,AR (Anterior repair),No,No,5,4,Right
9,9:27:47 AM,9:27:50 AM,00:03,AR (Anterior repair),No,No,5,4,Right
10,9:27:50 AM,9:27:52 AM,00:02,AR (Anterior repair),No,No,5,4,Right
9,9:27:52 AM,9:28:16 AM,00:24,AR (Anterior repair),No,No,5,4,Right
10,9:28:16 AM,9:28:19 AM,00:03,AR (Anterior repair),No,No,5,4,Right
9,9:28:19 AM,9:28:26 AM,00:07,AR (Anterior repair),No,No,5,4,Right
10,9:28:26 AM,9:28:29 AM,00:03,AR (Anterior repair),No,No,5,4,Right
9,9:28:29 AM,9:29:26 AM,00:57,AR (Anterior repair),No,No,5,4,Right
1,9:29:26 AM,9:30:17 AM,00:51,AR (Anterior repair),No,No,5,4,Right
2,9:30:17 AM,9:30:46 AM,00:29,AR (Anterior repair),No,No,5,4,Right
1,9:30:46 AM,9:36:40 AM,05:54,AR (Anterior repair),No,No,5,4,Right
9,9:36:40 AM,9:36:42 AM,00:02,AR (Anterior repair),No,No,5,4,Right
10,9:36:42 AM,9:38:33 AM,01:51,AR (Anterior repair),No,No,5,4,Right
9,9:38:33 AM,9:38:51 AM,00:18,AR (Anterior repair),No,No,5,4,Right
1,9:38:51 AM,9:38:51 AM,00:00,AR (Anterior repair),No,No,5,4,Right
2,9:39:38 AM,9:39:41 AM,00:03,USLS (Uterosacral ligament suspension),No,No,6,5,Right
10,9:39:41 AM,9:39:46 AM,00:05,USLS (Uterosacral ligament suspension),No,No,6,5,Right
9,9:39:46 AM,9:40:49 AM,01:03,USLS (Uterosacral ligament suspension),No,No,6,5,Right
1,9:40:49 AM,9:41:40 AM,00:51,USLS (Uterosacral ligament suspension),No,No,6,5,Right
2,9:41:40 AM,9:41:44 AM,00:04,USLS (Uterosacral ligament suspension),No,No,6,5,Right
1,9:41:44 AM,9:42:06 AM,00:22,USLS (Uterosacral ligament suspension),No,No,6,5,Right
9,9:42:06 AM,9:47:21 AM,05:15,USLS (Uterosacral ligament suspension),No,No,6,5,Right
10,9:47:21 AM,9:47:22 AM,00:01,USLS (Uterosacral ligament suspension),No,No,6,5,Right
9,9:47:22 AM,9:49:15 AM,01:53,USLS (Uterosacral ligament suspension),No,No,6,5,Right
10,9:49:15 AM,9:49:19 AM,00:04,USLS (Uterosacral ligament suspension),No,No,6,5,Right
9,9:49:19 AM,9:50:39 AM,01:20,USLS (Uterosacral ligament suspension),No,No,6,5,Right
10,9:50:39 AM,9:50:41 AM,00:02,USLS (Uterosacral ligament suspension),No,No,6,5,Right
9,9:50:41 AM,9:53:24 AM,02:43,USLS (Uterosacral ligament suspension),No,No,6,5,Right
1,9:53:24 AM,9:53:58 AM,00:34,USLS (Uterosacral ligament suspension),No,No,6,5,Right
2,9:53:58 AM,9:54:01 AM,00:03,USLS (Uterosacral ligament suspension),No,No,6,5,Right
10,9:54:01 AM,9:54:03 AM,00:02,USLS (Uterosacral ligament suspension),No,No,6,5,Right
9,9:54:03 AM,9:59:50 AM,05:47,USLS (Uterosacral ligament suspension),No,No,6,5,Right
1,9:59:50 AM,10:00:41 AM,00:51,USLS (Uterosacral ligament suspension),No,No,6,5,Right
2,10:00:41 AM,10:00:52 AM,00:11,USLS (Uterosacral ligament suspension),No,No,6,5,Right
1,10:00:52 AM,10:01:51 AM,00:59,USLS (Uterosacral ligament suspension),No,No,6,5,Right
9,10:12:08 AM,10:13:44 AM,01:36,TVH (Transvaginal hysterectomy),No,No,9,9,Right
10,10:13:44 AM,10:13:49 AM,00:05,TVH (Transvaginal hysterectomy),No,No,9,9,Right
9,10:13:49 AM,10:15:19 AM,01:30,TVH (Transvaginal hysterectomy),No,No,9,9,Right
1,10:15:19 AM,10:16:33 AM,01:14,TVH (Transvaginal hysterectomy),No,No,9,9,Right
9,10:18:17 AM,10:20:51 AM,02:34,PR (Posterior repair),No,No,11,10,Right
1,10:20:51 AM,10:24:59 AM,04:08,PR (Posterior repair),No,No,11,10,Right
2,10:24:59 AM,10:25:01 AM,00:02,PR (Posterior repair),No,No,11,10,Right
1,10:25:01 AM,10:28:31 AM,03:30,PR (Posterior repair),No,No,11,10,Right
2,10:28:31 AM,10:28:39 AM,00:08,PR (Posterior repair),No,No,11,10,Right
1,10:28:39 AM,10:33:30 AM,04:51,PR (Posterior repair),No,No,11,10,Right
2,10:33:30 AM,10:34:41 AM,01:11,PR (Posterior repair),No,No,11,10,Right
1,10:34:41 AM,10:34:51 AM,00:10,PR (Posterior repair),No,No,11,10,Right
2,10:34:51 AM,10:35:13 AM,00:22,PR (Posterior repair),No,No,11,10,Right
1,10:35:13 AM,10:41:49 AM,06:36,PR (Posterior repair),No,No,11,10,Right
