Posture Code,Start ,End,Duration,Task Code,Stool Usage,Sitting,Bed Code,Patient Code,Location
1,9:08:26 AM,9:08:53 AM,00:27,TVH (Transvaginal hysterectomy),Yes,No,1,1,Right
9,9:08:53 AM,9:08:59 AM,00:06,TVH (Transvaginal hysterectomy),Yes,No,1,1,Right
1,9:08:59 AM,9:09:14 AM,00:15,TVH (Transvaginal hysterectomy),Yes,No,1,1,Right
9,9:09:14 AM,9:09:47 AM,00:33,TVH (Transvaginal hysterectomy),Yes,No,1,1,Right
1,9:09:47 AM,9:10:16 AM,00:29,TVH (Transvaginal hysterectomy),Yes,No,1,1,Right
2,9:10:16 AM,9:11:35 AM,01:19,TVH (Transvaginal hysterectomy),No,No,1,1,Right
10,9:11:35 AM,9:11:44 AM,00:09,TVH (Transvaginal hysterectomy),No,No,1,1,Right
12,9:11:44 AM,9:11:57 AM,00:13,TVH (Transvaginal hysterectomy),No,No,1,1,Right
4,9:11:57 AM,9:11:58 AM,00:01,TVH (Transvaginal hysterectomy),No,No,1,1,Right
2,9:11:58 AM,9:12:21 AM,00:23,TVH (Transvaginal hysterectomy),No,No,1,1,Right
1,9:12:21 AM,9:12:25 AM,00:04,TVH (Transvaginal hysterectomy),No,No,1,1,Right
3,9:12:25 AM,9:12:28 AM,00:03,TVH (Transvaginal hysterectomy),No,No,1,1,Right
1,9:12:28 AM,9:12:32 AM,00:04,TVH (Transvaginal hysterectomy),No,No,1,1,Right
2,9:12:32 AM,9:12:57 AM,00:25,TVH (Transvaginal hysterectomy),No,No,1,1,Right
1,9:12:57 AM,9:13:01 AM,00:04,TVH (Transvaginal hysterectomy),No,No,1,1,Right
17,9:13:01 AM,9:13:02 AM,00:01,TVH (Transvaginal hysterectomy),No,No,1,1,Right
1,9:13:02 AM,9:13:05 AM,00:03,TVH (Transvaginal hysterectomy),No,No,1,1,Right
17,9:13:05 AM,9:13:06 AM,00:01,TVH (Transvaginal hysterectomy),No,No,1,1,Right
25,9:13:06 AM,9:13:07 AM,00:01,TVH (Transvaginal hysterectomy),No,No,1,1,Right
9,9:13:07 AM,9:13:18 AM,00:11,TVH (Transvaginal hysterectomy),No,No,1,1,Right
1,9:13:18 AM,9:13:20 AM,00:02,TVH (Transvaginal hysterectomy),No,No,1,1,Right
2,9:13:20 AM,9:14:17 AM,00:57,TVH (Transvaginal hysterectomy),No,No,1,1,Right
10,9:14:17 AM,9:14:21 AM,00:04,TVH (Transvaginal hysterectomy),No,No,1,1,Right
9,9:14:21 AM,9:14:27 AM,00:06,TVH (Transvaginal hysterectomy),No,No,1,1,Right
1,9:14:27 AM,9:15:19 AM,00:52,TVH (Transvaginal hysterectomy),No,No,1,1,Right
9,9:15:19 AM,9:15:21 AM,00:02,TVH (Transvaginal hysterectomy),Yes,No,1,1,Right
10,9:15:21 AM,9:15:54 AM,00:33,TVH (Transvaginal hysterectomy),Yes,No,1,1,Right
2,9:15:54 AM,9:16:09 AM,00:15,TVH (Transvaginal hysterectomy),Yes,No,1,1,Right
10,9:16:09 AM,9:16:45 AM,00:36,TVH (Transvaginal hysterectomy),Yes,No,1,1,Right
2,9:16:45 AM,9:18:27 AM,01:42,TVH (Transvaginal hysterectomy),Yes,No,1,1,Right
18,9:18:27 AM,9:18:29 AM,00:02,TVH (Transvaginal hysterectomy),Yes,No,1,1,Right
2,9:18:29 AM,9:18:30 AM,00:01,TVH (Transvaginal hysterectomy),Yes,No,1,1,Right
4,9:18:30 AM,9:18:36 AM,00:06,TVH (Transvaginal hysterectomy),Yes,No,1,1,Right
2,9:18:36 AM,9:18:56 AM,00:20,TVH (Transvaginal hysterectomy),Yes,No,1,1,Right
18,9:18:56 AM,9:19:01 AM,00:05,TVH (Transvaginal hysterectomy),Yes,No,1,1,Right
17,9:19:01 AM,9:19:04 AM,00:03,TVH (Transvaginal hysterectomy),Yes,No,1,1,Right
1,9:19:04 AM,9:19:53 AM,00:49,TVH (Transvaginal hysterectomy),Yes,No,1,1,Right
2,9:19:53 AM,9:20:45 AM,00:52,TVH (Transvaginal hysterectomy),Yes,No,1,1,Right
1,9:20:45 AM,9:20:48 AM,00:03,TVH (Transvaginal hysterectomy),Yes,No,1,1,Right
2,9:20:48 AM,9:20:50 AM,00:02,TVH (Transvaginal hysterectomy),Yes,No,1,1,Right
1,9:20:50 AM,9:21:11 AM,00:21,TVH (Transvaginal hysterectomy),Yes,No,1,1,Right
2,9:21:11 AM,9:21:42 AM,00:31,TVH (Transvaginal hysterectomy),Yes,No,1,1,Right
1,9:21:42 AM,9:21:51 AM,00:09,TVH (Transvaginal hysterectomy),Yes,No,1,1,Right
9,9:21:51 AM,9:21:53 AM,00:02,TVH (Transvaginal hysterectomy),Yes,No,1,1,Right
1,9:21:53 AM,9:21:54 AM,00:01,TVH (Transvaginal hysterectomy),Yes,No,1,1,Right
17,9:21:54 AM,9:21:58 AM,00:04,TVH (Transvaginal hysterectomy),Yes,No,1,1,Right
1,9:21:58 AM,9:22:07 AM,00:09,TVH (Transvaginal hysterectomy),Yes,No,1,1,Right
5,9:22:07 AM,9:22:14 AM,00:07,TVH (Transvaginal hysterectomy),Yes,No,1,1,Right
1,9:22:14 AM,9:22:37 AM,00:23,TVH (Transvaginal hysterectomy),Yes,No,1,1,Right
2,9:22:37 AM,9:22:57 AM,00:20,TVH (Transvaginal hysterectomy),Yes,No,1,1,Right
1,9:22:57 AM,9:23:45 AM,00:48,TVH (Transvaginal hysterectomy),Yes,No,1,1,Right
2,9:23:45 AM,9:24:56 AM,01:11,TVH (Transvaginal hysterectomy),Yes,No,1,1,Right
4,9:24:56 AM,9:24:56 AM,00:00,TVH (Transvaginal hysterectomy),Yes,No,1,1,Right
2,9:24:56 AM,9:25:52 AM,00:56,TVH (Transvaginal hysterectomy),Yes,No,1,1,Right
1,9:25:52 AM,9:26:23 AM,00:31,TVH (Transvaginal hysterectomy),Yes,No,1,1,Right
2,9:26:23 AM,9:26:39 AM,00:16,TVH (Transvaginal hysterectomy),Yes,No,1,1,Right
1,9:26:39 AM,9:26:41 AM,00:02,TVH (Transvaginal hysterectomy),Yes,No,1,1,Right
17,9:26:41 AM,9:26:41 AM,00:00,TVH (Transvaginal hysterectomy),Yes,No,1,1,Right
1,9:26:41 AM,9:26:42 AM,00:01,TVH (Transvaginal hysterectomy),Yes,No,1,1,Right
9,9:26:42 AM,9:26:44 AM,00:02,TVH (Transvaginal hysterectomy),Yes,No,1,1,Right
1,9:26:44 AM,9:26:47 AM,00:03,TVH (Transvaginal hysterectomy),Yes,No,1,1,Right
2,9:26:47 AM,9:27:50 AM,01:03,TVH (Transvaginal hysterectomy),Yes,No,1,1,Right
10,9:27:50 AM,9:27:52 AM,00:02,TVH (Transvaginal hysterectomy),Yes,No,1,1,Right
2,9:27:52 AM,9:28:03 AM,00:11,TVH (Transvaginal hysterectomy),Yes,No,1,1,Right
10,9:28:03 AM,9:28:22 AM,00:19,TVH (Transvaginal hysterectomy),Yes,No,1,1,Right
2,9:28:22 AM,9:28:26 AM,00:04,TVH (Transvaginal hysterectomy),Yes,No,1,1,Right
1,9:28:26 AM,9:28:31 AM,00:05,TVH (Transvaginal hysterectomy),Yes,No,1,1,Right
9,9:28:31 AM,9:29:00 AM,00:29,TVH (Transvaginal hysterectomy),Yes,No,1,1,Right
10,9:29:00 AM,9:29:14 AM,00:14,TVH (Transvaginal hysterectomy),Yes,No,1,1,Right
2,9:29:14 AM,9:29:49 AM,00:35,TVH (Transvaginal hysterectomy),Yes,No,1,1,Right
10,9:29:49 AM,9:30:25 AM,00:36,TVH (Transvaginal hysterectomy),Yes,No,1,1,Right
9,9:30:25 AM,9:30:33 AM,00:08,TVH (Transvaginal hysterectomy),Yes,No,1,1,Right
1,9:30:33 AM,9:30:34 AM,00:01,TVH (Transvaginal hysterectomy),Yes,No,1,1,Right
9,9:30:34 AM,9:30:39 AM,00:05,TVH (Transvaginal hysterectomy),Yes,No,1,1,Right
1,9:30:39 AM,9:30:45 AM,00:06,TVH (Transvaginal hysterectomy),Yes,No,1,1,Right
2,9:30:45 AM,9:30:46 AM,00:01,TVH (Transvaginal hysterectomy),Yes,No,1,1,Right
10,9:30:46 AM,9:30:49 AM,00:03,TVH (Transvaginal hysterectomy),Yes,No,1,1,Right
14,9:30:49 AM,9:30:53 AM,00:04,TVH (Transvaginal hysterectomy),Yes,No,1,1,Right
10,9:30:53 AM,9:31:52 AM,00:59,TVH (Transvaginal hysterectomy),Yes,No,1,1,Right
9,9:31:52 AM,9:32:06 AM,00:14,TVH (Transvaginal hysterectomy),Yes,No,1,1,Right
10,9:32:06 AM,9:32:12 AM,00:06,TVH (Transvaginal hysterectomy),Yes,No,1,1,Right
26,9:32:12 AM,9:32:47 AM,00:35,TVH (Transvaginal hysterectomy),Yes,No,1,1,Right
10,9:32:47 AM,9:32:51 AM,00:04,TVH (Transvaginal hysterectomy),Yes,No,1,1,Right
2,9:32:51 AM,9:33:13 AM,00:22,TVH (Transvaginal hysterectomy),Yes,No,1,1,Right
10,9:33:13 AM,9:33:24 AM,00:11,TVH (Transvaginal hysterectomy),Yes,No,1,1,Right
26,9:33:24 AM,9:33:26 AM,00:02,TVH (Transvaginal hysterectomy),Yes,No,1,1,Right
10,9:33:26 AM,9:33:35 AM,00:09,TVH (Transvaginal hysterectomy),Yes,No,1,1,Right
2,9:33:35 AM,9:33:58 AM,00:23,TVH (Transvaginal hysterectomy),Yes,No,1,1,Right
1,9:33:58 AM,9:34:04 AM,00:06,TVH (Transvaginal hysterectomy),Yes,No,1,1,Right
5,9:35:23 AM,9:35:26 AM,00:03,BSO (Biateral salpingo-oophrectomy),Yes,No,2,2,Right
1,9:35:26 AM,9:35:44 AM,00:18,BSO (Biateral salpingo-oophrectomy),Yes,No,2,2,Right
3,9:35:44 AM,9:35:46 AM,00:02,BSO (Biateral salpingo-oophrectomy),Yes,No,2,2,Right
1,9:35:46 AM,9:35:47 AM,00:01,BSO (Biateral salpingo-oophrectomy),Yes,No,2,2,Right
2,9:35:47 AM,9:36:01 AM,00:14,BSO (Biateral salpingo-oophrectomy),Yes,No,2,2,Right
1,9:36:01 AM,9:36:45 AM,00:44,BSO (Biateral salpingo-oophrectomy),Yes,No,2,2,Right
2,9:36:45 AM,9:36:56 AM,00:11,BSO (Biateral salpingo-oophrectomy),Yes,No,2,2,Right
1,9:36:56 AM,9:37:22 AM,00:26,BSO (Biateral salpingo-oophrectomy),Yes,No,2,2,Right
2,9:37:22 AM,9:37:43 AM,00:21,BSO (Biateral salpingo-oophrectomy),Yes,No,2,2,Right
6,9:37:43 AM,9:37:46 AM,00:03,BSO (Biateral salpingo-oophrectomy),Yes,No,2,2,Right
2,9:37:46 AM,9:38:05 AM,00:19,BSO (Biateral salpingo-oophrectomy),Yes,No,2,2,Right
4,9:38:05 AM,9:38:07 AM,00:02,BSO (Biateral salpingo-oophrectomy),Yes,No,2,2,Right
2,9:38:07 AM,9:38:12 AM,00:05,BSO (Biateral salpingo-oophrectomy),Yes,No,2,2,Right
1,9:38:12 AM,9:38:39 AM,00:27,BSO (Biateral salpingo-oophrectomy),Yes,No,2,2,Right
2,9:38:39 AM,9:38:52 AM,00:13,BSO (Biateral salpingo-oophrectomy),Yes,No,2,2,Right
6,9:38:52 AM,9:39:00 AM,00:08,BSO (Biateral salpingo-oophrectomy),Yes,No,2,2,Right
2,9:39:00 AM,9:39:01 AM,00:01,BSO (Biateral salpingo-oophrectomy),Yes,No,2,2,Right
1,9:39:01 AM,9:39:03 AM,00:02,BSO (Biateral salpingo-oophrectomy),Yes,No,2,2,Right
17,9:39:03 AM,9:39:11 AM,00:08,BSO (Biateral salpingo-oophrectomy),Yes,No,2,2,Right
1,9:39:11 AM,9:39:48 AM,00:37,BSO (Biateral salpingo-oophrectomy),Yes,No,2,2,Right
2,9:39:48 AM,9:39:50 AM,00:02,BSO (Biateral salpingo-oophrectomy),Yes,No,2,2,Right
1,9:39:50 AM,9:39:53 AM,00:03,BSO (Biateral salpingo-oophrectomy),Yes,No,2,2,Right
2,9:39:53 AM,9:39:54 AM,00:01,BSO (Biateral salpingo-oophrectomy),Yes,No,2,2,Right
6,9:39:54 AM,9:39:57 AM,00:03,BSO (Biateral salpingo-oophrectomy),Yes,No,2,2,Right
2,9:39:57 AM,9:40:03 AM,00:06,BSO (Biateral salpingo-oophrectomy),Yes,No,2,2,Right
1,9:40:03 AM,9:40:06 AM,00:03,BSO (Biateral salpingo-oophrectomy),Yes,No,2,2,Right
2,9:40:06 AM,9:40:08 AM,00:02,BSO (Biateral salpingo-oophrectomy),Yes,No,2,2,Right
18,9:40:08 AM,9:40:09 AM,00:01,BSO (Biateral salpingo-oophrectomy),Yes,No,2,2,Right
17,9:40:09 AM,9:40:12 AM,00:03,BSO (Biateral salpingo-oophrectomy),Yes,No,2,2,Right
18,9:40:12 AM,9:40:18 AM,00:06,BSO (Biateral salpingo-oophrectomy),Yes,No,2,2,Right
2,9:40:18 AM,9:40:43 AM,00:25,BSO (Biateral salpingo-oophrectomy),Yes,No,2,2,Right
1,9:40:43 AM,9:40:53 AM,00:10,BSO (Biateral salpingo-oophrectomy),Yes,No,2,2,Right
2,9:40:53 AM,9:40:56 AM,00:03,BSO (Biateral salpingo-oophrectomy),Yes,No,2,2,Right
4,9:40:56 AM,9:41:02 AM,00:06,BSO (Biateral salpingo-oophrectomy),Yes,No,2,2,Right
3,9:41:02 AM,9:41:03 AM,00:01,BSO (Biateral salpingo-oophrectomy),Yes,No,2,2,Right
1,9:41:03 AM,9:41:11 AM,00:08,BSO (Biateral salpingo-oophrectomy),Yes,No,2,2,Right
17,9:41:11 AM,9:41:25 AM,00:14,BSO (Biateral salpingo-oophrectomy),Yes,No,2,2,Right
18,9:41:25 AM,9:41:26 AM,00:01,BSO (Biateral salpingo-oophrectomy),Yes,No,2,2,Right
2,9:41:26 AM,9:41:33 AM,00:07,BSO (Biateral salpingo-oophrectomy),Yes,No,2,2,Right
1,9:41:33 AM,9:42:18 AM,00:45,BSO (Biateral salpingo-oophrectomy),Yes,No,2,2,Right
2,9:42:18 AM,9:42:29 AM,00:11,BSO (Biateral salpingo-oophrectomy),Yes,No,2,2,Right
18,9:42:29 AM,9:42:30 AM,00:01,BSO (Biateral salpingo-oophrectomy),Yes,No,2,2,Right
17,9:42:30 AM,9:42:32 AM,00:02,BSO (Biateral salpingo-oophrectomy),Yes,No,2,2,Right
1,9:42:32 AM,9:43:02 AM,00:30,BSO (Biateral salpingo-oophrectomy),Yes,No,2,2,Right
5,9:43:02 AM,9:43:04 AM,00:02,BSO (Biateral salpingo-oophrectomy),Yes,No,2,2,Right
6,9:43:04 AM,9:43:07 AM,00:03,BSO (Biateral salpingo-oophrectomy),Yes,No,2,2,Right
14,9:43:07 AM,9:43:44 AM,00:37,BSO (Biateral salpingo-oophrectomy),Yes,No,2,2,Right
13,9:43:44 AM,9:43:44 AM,00:00,BSO (Biateral salpingo-oophrectomy),Yes,No,2,2,Right
5,9:43:44 AM,9:43:45 AM,00:01,BSO (Biateral salpingo-oophrectomy),Yes,No,2,2,Right
1,9:43:45 AM,9:43:47 AM,00:02,BSO (Biateral salpingo-oophrectomy),Yes,No,2,2,Right
2,9:49:26 AM,9:49:47 AM,00:21,Cysto (Cystoscopy),No,No,3,3,Right
1,9:49:47 AM,9:50:08 AM,00:21,Cysto (Cystoscopy),No,No,3,3,Right
2,9:51:31 AM,9:52:21 AM,00:50,blader repair,No,No,4,4,Right
18,9:52:21 AM,9:52:24 AM,00:03,blader repair,No,No,4,4,Right
2,9:52:24 AM,9:52:27 AM,00:03,blader repair,No,No,4,4,Right
1,9:52:27 AM,9:52:36 AM,00:09,blader repair,No,No,4,4,Right
17,9:52:36 AM,9:52:37 AM,00:01,blader repair,No,No,4,4,Right
1,9:52:37 AM,9:52:40 AM,00:03,blader repair,No,No,4,4,Right
2,9:52:40 AM,9:52:59 AM,00:19,blader repair,No,No,4,4,Right
1,9:52:59 AM,9:53:23 AM,00:24,blader repair,No,No,4,4,Right
2,9:53:23 AM,9:53:44 AM,00:21,blader repair,No,No,4,4,Right
18,9:53:44 AM,9:53:57 AM,00:13,blader repair,No,No,4,4,Right
2,9:53:57 AM,9:54:17 AM,00:20,blader repair,No,No,4,4,Right
1,9:54:17 AM,9:54:53 AM,00:36,blader repair,No,No,4,4,Right
17,9:54:53 AM,9:54:57 AM,00:04,blader repair,No,No,4,4,Right
1,9:54:57 AM,9:55:32 AM,00:35,blader repair,No,No,4,4,Right
5,9:55:32 AM,9:55:36 AM,00:04,blader repair,No,No,4,4,Right
1,9:55:36 AM,9:55:37 AM,00:01,blader repair,No,No,4,4,Right
2,9:55:37 AM,9:55:53 AM,00:16,blader repair,No,No,4,4,Right
18,9:55:53 AM,9:55:54 AM,00:01,blader repair,No,No,4,4,Right
17,9:55:54 AM,9:55:57 AM,00:03,blader repair,No,No,4,4,Right
1,9:55:57 AM,9:56:53 AM,00:56,blader repair,No,No,4,4,Right
17,9:56:53 AM,9:57:02 AM,00:09,blader repair,No,No,5,4,Right
1,9:57:02 AM,9:57:22 AM,00:20,blader repair,No,No,5,4,Right
9,9:57:22 AM,9:57:28 AM,00:06,blader repair,No,No,5,4,Right
25,9:57:28 AM,9:57:33 AM,00:05,blader repair,No,No,5,4,Right
9,9:57:33 AM,9:57:43 AM,00:10,blader repair,No,No,5,4,Right
10,9:57:43 AM,9:58:23 AM,00:40,blader repair,No,No,5,4,Right
9,9:58:23 AM,9:58:23 AM,00:00,blader repair,No,No,5,4,Right
1,9:58:23 AM,10:00:11 AM,01:48,blader repair,No,No,5,4,Right
2,10:00:11 AM,10:00:16 AM,00:05,blader repair,No,No,5,4,Right
1,10:00:16 AM,10:00:27 AM,00:11,blader repair,No,No,5,4,Right
2,10:00:27 AM,10:01:08 AM,00:41,blader repair,No,No,5,4,Right
1,10:01:08 AM,10:02:10 AM,01:02,blader repair,No,No,5,4,Right
2,10:07:12 AM,10:07:21 AM,00:09,Total colpocleisis,Yes,No,8,6,Right
1,10:07:21 AM,10:07:32 AM,00:11,Total colpocleisis,Yes,No,8,6,Right
2,10:07:32 AM,10:08:06 AM,00:34,Total colpocleisis,Yes,No,8,6,Right
18,10:08:06 AM,10:08:07 AM,00:01,Total colpocleisis,Yes,No,8,6,Right
2,10:08:07 AM,10:09:06 AM,00:59,Total colpocleisis,Yes,No,8,6,Right
1,10:09:06 AM,10:09:27 AM,00:21,Total colpocleisis,Yes,No,8,6,Right
2,10:09:27 AM,10:09:35 AM,00:08,Total colpocleisis,Yes,No,8,6,Right
1,10:09:35 AM,10:09:50 AM,00:15,Total colpocleisis,Yes,No,8,6,Right
2,10:09:50 AM,10:09:53 AM,00:03,Total colpocleisis,Yes,No,8,6,Right
1,10:09:53 AM,10:10:10 AM,00:17,Total colpocleisis,Yes,No,8,6,Right
2,10:10:10 AM,10:10:47 AM,00:37,Total colpocleisis,Yes,No,8,6,Right
1,10:10:47 AM,10:10:51 AM,00:04,Total colpocleisis,Yes,No,8,6,Right
2,10:10:51 AM,10:11:01 AM,00:10,Total colpocleisis,Yes,No,8,6,Right
1,10:11:01 AM,10:11:19 AM,00:18,Total colpocleisis,Yes,No,8,6,Right
17,10:11:19 AM,10:11:20 AM,00:01,Total colpocleisis,Yes,No,8,6,Right
25,10:11:20 AM,10:11:21 AM,00:01,Total colpocleisis,Yes,No,8,6,Right
17,10:11:21 AM,10:11:22 AM,00:01,Total colpocleisis,Yes,No,8,6,Right
1,10:11:22 AM,10:11:28 AM,00:06,Total colpocleisis,Yes,No,8,6,Right
17,10:11:28 AM,10:11:47 AM,00:19,Total colpocleisis,Yes,No,8,6,Right
18,10:11:47 AM,10:12:00 AM,00:13,Total colpocleisis,Yes,No,8,6,Right
17,10:12:00 AM,10:12:01 AM,00:01,Total colpocleisis,Yes,No,8,6,Right
1,10:12:01 AM,10:13:55 AM,01:54,Total colpocleisis,Yes,No,8,6,Right
2,10:13:55 AM,10:14:23 AM,00:28,Total colpocleisis,Yes,No,8,6,Right
1,10:14:23 AM,10:14:44 AM,00:21,Total colpocleisis,Yes,No,8,6,Right
2,10:14:44 AM,10:14:51 AM,00:07,Total colpocleisis,Yes,No,8,6,Right
4,10:14:51 AM,10:14:54 AM,00:03,Total colpocleisis,Yes,No,8,6,Right
2,10:14:54 AM,10:14:55 AM,00:01,Total colpocleisis,Yes,No,8,6,Right
1,10:14:55 AM,10:16:48 AM,01:53,Total colpocleisis,Yes,No,8,6,Right
2,10:16:48 AM,10:16:51 AM,00:03,Total colpocleisis,Yes,No,8,6,Right
1,10:16:51 AM,10:18:22 AM,01:31,Total colpocleisis,Yes,No,8,6,Right
2,10:18:22 AM,10:18:37 AM,00:15,Total colpocleisis,Yes,No,8,6,Right
1,10:18:37 AM,10:18:42 AM,00:05,Total colpocleisis,Yes,No,8,6,Right
2,10:18:42 AM,10:19:16 AM,00:34,Total colpocleisis,Yes,No,8,6,Right
1,10:19:16 AM,10:19:25 AM,00:09,Total colpocleisis,Yes,No,8,6,Right
2,10:19:25 AM,10:20:10 AM,00:45,Total colpocleisis,Yes,No,8,6,Right
1,10:20:10 AM,10:20:17 AM,00:07,Total colpocleisis,Yes,No,8,6,Right
17,10:20:17 AM,10:20:18 AM,00:01,Total colpocleisis,Yes,No,8,6,Right
25,10:20:18 AM,10:20:18 AM,00:00,Total colpocleisis,Yes,No,8,6,Right
9,10:20:18 AM,10:20:19 AM,00:01,Total colpocleisis,Yes,No,8,6,Right
1,10:20:19 AM,10:20:45 AM,00:26,Total colpocleisis,Yes,No,8,6,Right
2,10:20:45 AM,10:22:29 AM,01:44,Total colpocleisis,Yes,No,8,6,Right
1,10:22:29 AM,10:24:58 AM,02:29,Total colpocleisis,Yes,No,8,6,Right
2,10:24:58 AM,10:25:25 AM,00:27,Total colpocleisis,Yes,No,8,6,Right
10,10:25:25 AM,10:25:51 AM,00:26,Total colpocleisis,Yes,No,8,6,Right
2,10:25:51 AM,10:25:52 AM,00:01,Total colpocleisis,Yes,No,8,6,Right
18,10:25:52 AM,10:25:54 AM,00:02,Total colpocleisis,Yes,No,8,6,Right
2,10:25:54 AM,10:25:54 AM,00:00,Total colpocleisis,Yes,No,8,6,Right
1,10:25:54 AM,10:25:55 AM,00:01,Total colpocleisis,Yes,No,8,6,Right
2,10:25:55 AM,10:25:58 AM,00:03,Total colpocleisis,Yes,No,8,6,Right
4,10:25:58 AM,10:26:01 AM,00:03,Total colpocleisis,Yes,No,8,6,Right
2,10:26:01 AM,10:26:52 AM,00:51,Total colpocleisis,Yes,No,8,6,Right
1,10:26:52 AM,10:26:59 AM,00:07,Total colpocleisis,Yes,No,8,6,Right
2,10:26:59 AM,10:27:34 AM,00:35,Total colpocleisis,Yes,No,8,6,Right
4,10:27:34 AM,10:27:36 AM,00:02,Total colpocleisis,Yes,No,8,6,Right
2,10:27:36 AM,10:27:43 AM,00:07,Total colpocleisis,Yes,No,8,6,Right
10,10:27:43 AM,10:29:25 AM,01:42,Total colpocleisis,Yes,No,8,6,Right
26,10:29:25 AM,10:29:29 AM,00:04,Total colpocleisis,Yes,No,8,6,Right
18,10:29:29 AM,10:29:40 AM,00:11,Total colpocleisis,Yes,No,8,6,Right
2,10:29:40 AM,10:29:42 AM,00:02,Total colpocleisis,Yes,No,8,6,Right
4,10:29:42 AM,10:29:46 AM,00:04,Total colpocleisis,Yes,No,8,6,Right
2,10:29:46 AM,10:34:12 AM,04:26,Total colpocleisis,Yes,No,8,6,Right
10,10:34:12 AM,10:37:03 AM,02:51,Total colpocleisis,Yes,No,8,6,Right
9,10:37:03 AM,10:37:04 AM,00:01,Total colpocleisis,Yes,No,8,6,Right
1,10:37:04 AM,10:37:05 AM,00:01,Total colpocleisis,Yes,No,8,6,Right
9,10:37:05 AM,10:37:06 AM,00:01,Total colpocleisis,Yes,No,8,6,Right
10,10:37:06 AM,10:37:10 AM,00:04,Total colpocleisis,Yes,No,8,6,Right
26,10:37:10 AM,10:37:44 AM,00:34,Total colpocleisis,Yes,No,8,6,Right
10,10:37:44 AM,10:37:47 AM,00:03,Total colpocleisis,Yes,No,8,6,Right
2,10:37:47 AM,10:44:15 AM,06:28,Total colpocleisis,Yes,No,8,6,Right
1,10:44:15 AM,10:44:20 AM,00:05,Total colpocleisis,Yes,No,8,6,Right
2,10:44:20 AM,10:44:46 AM,00:26,Total colpocleisis,Yes,No,8,6,Right
18,10:44:46 AM,10:44:47 AM,00:01,Total colpocleisis,Yes,No,8,6,Right
26,10:44:47 AM,10:44:48 AM,00:01,Total colpocleisis,Yes,No,8,6,Right
10,10:44:48 AM,10:44:49 AM,00:01,Total colpocleisis,Yes,No,8,6,Right
2,10:44:49 AM,10:44:50 AM,00:01,Total colpocleisis,Yes,No,8,6,Right
1,10:44:50 AM,10:44:51 AM,00:01,Total colpocleisis,Yes,No,8,6,Right
2,10:44:51 AM,10:45:40 AM,00:49,Total colpocleisis,Yes,No,8,6,Right
1,10:45:40 AM,10:45:45 AM,00:05,Total colpocleisis,Yes,No,8,6,Right
2,10:45:45 AM,10:46:09 AM,00:24,Total colpocleisis,Yes,No,8,6,Right
1,10:46:09 AM,10:46:20 AM,00:11,Total colpocleisis,Yes,No,8,6,Right
2,10:46:20 AM,10:46:37 AM,00:17,Total colpocleisis,Yes,No,8,6,Right
1,10:46:37 AM,10:46:50 AM,00:13,Total colpocleisis,Yes,No,8,6,Right
2,10:46:50 AM,10:49:23 AM,02:33,Total colpocleisis,Yes,No,8,6,Right
1,10:49:23 AM,10:49:25 AM,00:02,Total colpocleisis,Yes,No,10,6,Right
2,10:49:25 AM,10:49:25 AM,00:00,Total colpocleisis,Yes,No,10,6,Right
1,10:49:25 AM,10:49:35 AM,00:10,Total colpocleisis,Yes,No,10,6,Right
2,10:49:35 AM,10:50:21 AM,00:46,Total colpocleisis,Yes,No,10,6,Right
1,10:50:21 AM,10:50:36 AM,00:15,Total colpocleisis,Yes,No,10,6,Right
2,10:50:36 AM,10:51:00 AM,00:24,Total colpocleisis,Yes,No,10,6,Right
1,10:51:00 AM,10:51:46 AM,00:46,Total colpocleisis,Yes,No,10,6,Right
2,10:51:46 AM,10:52:56 AM,01:10,Total colpocleisis,Yes,No,10,6,Right
1,10:52:56 AM,10:52:59 AM,00:03,Total colpocleisis,Yes,No,10,6,Right
2,10:52:59 AM,10:53:10 AM,00:11,Total colpocleisis,Yes,No,10,6,Right
1,10:53:10 AM,10:54:09 AM,00:59,Total colpocleisis,Yes,No,10,6,Right
2,10:54:09 AM,10:56:49 AM,02:40,Total colpocleisis,Yes,No,11,6,Right
10,10:56:49 AM,11:00:07 AM,03:18,Total colpocleisis,Yes,No,11,6,Right
2,11:00:07 AM,11:00:09 AM,00:02,Total colpocleisis,Yes,No,11,6,Right
1,11:00:09 AM,11:00:30 AM,00:21,Total colpocleisis,Yes,No,11,6,Right
9,11:00:30 AM,11:00:32 AM,00:02,Total colpocleisis,Yes,No,11,6,Right
1,11:00:32 AM,11:00:35 AM,00:03,Total colpocleisis,Yes,No,11,6,Right
9,11:00:35 AM,11:00:43 AM,00:08,Total colpocleisis,Yes,No,11,6,Right
10,11:00:43 AM,11:00:46 AM,00:03,Total colpocleisis,Yes,No,11,6,Right
2,11:00:46 AM,11:01:12 AM,00:26,Total colpocleisis,Yes,No,11,6,Right
10,11:01:12 AM,11:01:19 AM,00:07,Total colpocleisis,Yes,No,11,6,Right
2,11:01:19 AM,11:01:54 AM,00:35,Total colpocleisis,Yes,No,11,6,Right
10,11:01:54 AM,11:02:24 AM,00:30,Total colpocleisis,Yes,No,11,6,Right
2,11:02:24 AM,11:02:26 AM,00:02,Total colpocleisis,Yes,No,11,6,Right
10,11:02:26 AM,11:02:29 AM,00:03,Total colpocleisis,Yes,No,11,6,Right
12,11:02:29 AM,11:02:31 AM,00:02,Total colpocleisis,Yes,No,11,6,Right
10,11:02:31 AM,11:02:33 AM,00:02,Total colpocleisis,Yes,No,11,6,Right
2,11:02:33 AM,11:06:32 AM,03:59,Total colpocleisis,Yes,No,11,6,Right
10,11:06:32 AM,11:07:37 AM,01:05,Total colpocleisis,Yes,No,11,6,Right
2,11:07:37 AM,11:08:16 AM,00:39,Total colpocleisis,Yes,No,12,6,Right
18,11:08:16 AM,11:08:25 AM,00:09,Total colpocleisis,Yes,No,12,6,Right
2,11:08:25 AM,11:08:29 AM,00:04,Total colpocleisis,Yes,No,12,6,Right
1,11:08:29 AM,11:08:34 AM,00:05,Total colpocleisis,Yes,No,12,6,Right
2,11:08:34 AM,11:08:50 AM,00:16,Total colpocleisis,Yes,No,12,6,Right
10,11:08:50 AM,11:08:55 AM,00:05,Total colpocleisis,Yes,No,12,6,Right
2,11:08:55 AM,11:09:26 AM,00:31,Total colpocleisis,Yes,No,12,6,Right
1,11:09:26 AM,11:09:26 AM,00:00,Total colpocleisis,Yes,No,12,6,Right
2,11:10:27 AM,11:11:00 AM,00:33,Cysto (Cystoscopy),No,No,13,7,Right
1,11:11:00 AM,11:11:43 AM,00:43,Cysto (Cystoscopy),No,No,13,7,Right
2,11:11:43 AM,11:13:03 AM,01:20,Cysto (Cystoscopy),Yes,No,13,7,Right
1,11:13:03 AM,11:13:03 AM,00:00,Cysto (Cystoscopy),Yes,No,14,7,Right
2,11:14:33 AM,11:18:56 AM,04:23,Total colpocleisis,No,No,15,8,Right
1,11:18:56 AM,11:18:56 AM,00:00,Total colpocleisis,No,No,15,8,Right
2,11:20:10 AM,11:22:18 AM,02:08,PR (Posterior repair),No,No,16,9,Right
10,11:22:18 AM,11:22:19 AM,00:01,PR (Posterior repair),No,No,16,9,Right
2,11:22:19 AM,11:22:23 AM,00:04,PR (Posterior repair),No,No,16,9,Right
10,11:22:23 AM,11:22:30 AM,00:07,PR (Posterior repair),No,No,16,9,Right
2,11:22:30 AM,11:25:20 AM,02:50,PR (Posterior repair),No,No,16,9,Right
10,11:25:20 AM,11:28:33 AM,03:13,PR (Posterior repair),No,No,16,9,Right
2,11:28:33 AM,11:30:45 AM,02:12,PR (Posterior repair),No,No,16,9,Right
18,11:30:45 AM,11:30:51 AM,00:06,PR (Posterior repair),No,No,16,9,Right
2,11:30:51 AM,11:31:05 AM,00:14,PR (Posterior repair),No,No,16,9,Right
1,11:31:05 AM,11:31:06 AM,00:01,PR (Posterior repair),Yes,No,16,9,Right
2,11:31:06 AM,11:31:16 AM,00:10,PR (Posterior repair),Yes,No,16,9,Right
18,11:31:16 AM,11:31:18 AM,00:02,PR (Posterior repair),Yes,No,16,9,Right
2,11:31:18 AM,11:32:45 AM,01:27,PR (Posterior repair),Yes,No,16,9,Right
18,11:32:45 AM,11:32:46 AM,00:01,PR (Posterior repair),Yes,No,16,9,Right
2,11:32:46 AM,11:44:12 AM,11:26,PR (Posterior repair),Yes,No,16,9,Right
1,11:44:12 AM,11:44:14 AM,00:02,PR (Posterior repair),Yes,No,17,9,Right
2,11:44:14 AM,11:44:41 AM,00:27,PR (Posterior repair),Yes,No,17,9,Right
1,11:44:41 AM,11:45:33 AM,00:52,PR (Posterior repair),Yes,No,17,9,Right
2,11:45:33 AM,11:45:58 AM,00:25,PR (Posterior repair),Yes,No,17,9,Right
1,11:45:58 AM,11:46:07 AM,00:09,PR (Posterior repair),Yes,No,17,9,Right
2,11:46:07 AM,11:46:31 AM,00:24,PR (Posterior repair),Yes,No,17,9,Right
1,11:46:31 AM,11:46:41 AM,00:10,PR (Posterior repair),Yes,No,17,9,Right
2,11:46:41 AM,11:47:41 AM,01:00,PR (Posterior repair),Yes,No,17,9,Right
1,11:47:41 AM,11:47:41 AM,00:00,PR (Posterior repair),Yes,No,17,9,Right
