Posture Code,Start ,End,Duration,Task Code,Stool Usage,Sitting,Bed Code,Patient Code,Location
1,8:15:31 AM,8:18:05 AM,02:34,TVH (Transvaginal hysterectomy),No,No,1,1,Center
17,8:18:05 AM,8:18:07 AM,00:02,TVH (Transvaginal hysterectomy),No,No,2,1,Center
1,8:18:07 AM,8:18:38 AM,00:31,TVH (Transvaginal hysterectomy),No,No,2,1,Center
17,8:18:38 AM,8:18:39 AM,00:01,TVH (Transvaginal hysterectomy),No,No,2,1,Center
1,8:18:39 AM,8:19:34 AM,00:55,TVH (Transvaginal hysterectomy),No,No,2,1,Center
17,8:19:34 AM,8:19:37 AM,00:03,TVH (Transvaginal hysterectomy),No,No,2,1,Center
1,8:19:37 AM,8:19:45 AM,00:08,TVH (Transvaginal hysterectomy),No,No,2,1,Center
17,8:19:45 AM,8:19:49 AM,00:04,TVH (Transvaginal hysterectomy),No,No,2,1,Center
1,8:19:49 AM,8:19:55 AM,00:06,TVH (Transvaginal hysterectomy),No,No,2,1,Center
17,8:19:55 AM,8:19:55 AM,00:00,TVH (Transvaginal hysterectomy),No,No,2,1,Center
1,8:19:55 AM,8:20:20 AM,00:25,TVH (Transvaginal hysterectomy),No,No,2,1,Center
9,8:20:20 AM,8:20:20 AM,00:00,TVH (Transvaginal hysterectomy),No,No,2,1,Center
1,8:20:20 AM,8:20:38 AM,00:18,TVH (Transvaginal hysterectomy),No,No,2,1,Center
9,8:20:38 AM,8:20:49 AM,00:11,TVH (Transvaginal hysterectomy),No,No,2,1,Center
1,8:20:49 AM,8:20:52 AM,00:03,TVH (Transvaginal hysterectomy),No,No,2,1,Center
17,8:20:52 AM,8:20:53 AM,00:01,TVH (Transvaginal hysterectomy),No,No,2,1,Center
1,8:20:53 AM,8:20:58 AM,00:05,TVH (Transvaginal hysterectomy),No,No,2,1,Center
17,8:20:58 AM,8:20:59 AM,00:01,TVH (Transvaginal hysterectomy),No,No,2,1,Center
1,8:20:59 AM,8:21:02 AM,00:03,TVH (Transvaginal hysterectomy),No,No,2,1,Center
2,8:21:02 AM,8:21:16 AM,00:14,TVH (Transvaginal hysterectomy),No,No,2,1,Center
1,8:21:16 AM,8:21:19 AM,00:03,TVH (Transvaginal hysterectomy),No,No,2,1,Center
9,8:21:19 AM,8:21:21 AM,00:02,TVH (Transvaginal hysterectomy),No,No,2,1,Center
25,8:21:21 AM,8:21:22 AM,00:01,TVH (Transvaginal hysterectomy),No,No,2,1,Center
9,8:21:22 AM,8:21:24 AM,00:02,TVH (Transvaginal hysterectomy),No,No,2,1,Center
1,8:21:24 AM,8:21:31 AM,00:07,TVH (Transvaginal hysterectomy),No,No,2,1,Center
9,8:21:31 AM,8:21:42 AM,00:11,TVH (Transvaginal hysterectomy),No,No,2,1,Center
1,8:21:42 AM,8:21:44 AM,00:02,TVH (Transvaginal hysterectomy),No,No,2,1,Center
9,8:21:44 AM,8:21:47 AM,00:03,TVH (Transvaginal hysterectomy),No,No,2,1,Center
1,8:21:47 AM,8:22:15 AM,00:28,TVH (Transvaginal hysterectomy),No,No,2,1,Center
17,8:22:15 AM,8:22:15 AM,00:00,TVH (Transvaginal hysterectomy),No,No,2,1,Center
1,8:22:15 AM,8:22:26 AM,00:11,TVH (Transvaginal hysterectomy),No,No,2,1,Center
3,8:22:26 AM,8:22:28 AM,00:02,TVH (Transvaginal hysterectomy),No,No,2,1,Center
1,8:22:28 AM,8:23:02 AM,00:34,TVH (Transvaginal hysterectomy),No,No,2,1,Center
3,8:23:02 AM,8:23:27 AM,00:25,TVH (Transvaginal hysterectomy),No,No,2,1,Center
19,8:23:27 AM,8:23:28 AM,00:01,TVH (Transvaginal hysterectomy),No,No,2,1,Center
3,8:23:28 AM,8:23:29 AM,00:01,TVH (Transvaginal hysterectomy),No,No,2,1,Center
1,8:23:29 AM,8:23:42 AM,00:13,TVH (Transvaginal hysterectomy),No,No,2,1,Center
2,8:23:42 AM,8:23:56 AM,00:14,TVH (Transvaginal hysterectomy),No,No,2,1,Center
1,8:23:56 AM,8:24:08 AM,00:12,TVH (Transvaginal hysterectomy),No,No,2,1,Center
17,8:24:08 AM,8:24:11 AM,00:03,TVH (Transvaginal hysterectomy),No,No,2,1,Center
1,8:24:11 AM,8:24:13 AM,00:02,TVH (Transvaginal hysterectomy),No,No,2,1,Center
17,8:24:13 AM,8:24:14 AM,00:01,TVH (Transvaginal hysterectomy),No,No,2,1,Center
1,8:24:14 AM,8:24:18 AM,00:04,TVH (Transvaginal hysterectomy),No,No,2,1,Center
17,8:24:18 AM,8:24:27 AM,00:09,TVH (Transvaginal hysterectomy),No,No,2,1,Center
18,8:24:27 AM,8:24:43 AM,00:16,TVH (Transvaginal hysterectomy),No,No,2,1,Center
17,8:24:43 AM,8:24:48 AM,00:05,TVH (Transvaginal hysterectomy),No,No,2,1,Center
1,8:24:48 AM,8:25:05 AM,00:17,TVH (Transvaginal hysterectomy),No,No,2,1,Center
9,8:25:05 AM,8:25:18 AM,00:13,TVH (Transvaginal hysterectomy),No,No,2,1,Center
1,8:25:18 AM,8:26:01 AM,00:43,TVH (Transvaginal hysterectomy),No,No,2,1,Center
17,8:26:01 AM,8:26:01 AM,00:00,TVH (Transvaginal hysterectomy),No,No,2,1,Center
1,8:26:01 AM,8:26:10 AM,00:09,TVH (Transvaginal hysterectomy),No,No,2,1,Center
17,8:26:10 AM,8:26:11 AM,00:01,TVH (Transvaginal hysterectomy),No,No,2,1,Center
1,8:26:11 AM,8:26:14 AM,00:03,TVH (Transvaginal hysterectomy),No,No,2,1,Center
17,8:26:14 AM,8:26:15 AM,00:01,TVH (Transvaginal hysterectomy),No,No,2,1,Center
1,8:26:15 AM,8:26:18 AM,00:03,TVH (Transvaginal hysterectomy),No,No,2,1,Center
2,8:26:18 AM,8:26:18 AM,00:00,TVH (Transvaginal hysterectomy),No,No,2,1,Center
1,8:26:18 AM,8:26:23 AM,00:05,TVH (Transvaginal hysterectomy),No,No,2,1,Center
17,8:26:23 AM,8:26:35 AM,00:12,TVH (Transvaginal hysterectomy),No,No,2,1,Center
1,8:26:35 AM,8:27:26 AM,00:51,TVH (Transvaginal hysterectomy),No,No,2,1,Center
17,8:27:26 AM,8:27:26 AM,00:00,TVH (Transvaginal hysterectomy),No,No,2,1,Center
1,8:27:26 AM,8:27:31 AM,00:05,TVH (Transvaginal hysterectomy),No,No,2,1,Center
17,8:27:31 AM,8:27:35 AM,00:04,TVH (Transvaginal hysterectomy),No,No,2,1,Center
1,8:27:35 AM,8:27:51 AM,00:16,TVH (Transvaginal hysterectomy),No,No,2,1,Center
17,8:27:51 AM,8:28:04 AM,00:13,TVH (Transvaginal hysterectomy),No,No,2,1,Center
1,8:28:04 AM,8:28:40 AM,00:36,TVH (Transvaginal hysterectomy),No,No,2,1,Center
17,8:28:40 AM,8:28:41 AM,00:01,TVH (Transvaginal hysterectomy),No,No,2,1,Center
1,8:28:41 AM,8:28:43 AM,00:02,TVH (Transvaginal hysterectomy),No,No,2,1,Center
17,8:28:43 AM,8:28:46 AM,00:03,TVH (Transvaginal hysterectomy),No,No,2,1,Center
1,8:28:46 AM,8:28:52 AM,00:06,TVH (Transvaginal hysterectomy),No,No,2,1,Center
17,8:28:52 AM,8:29:01 AM,00:09,TVH (Transvaginal hysterectomy),No,No,2,1,Center
1,8:29:01 AM,8:29:03 AM,00:02,TVH (Transvaginal hysterectomy),No,No,2,1,Center
17,8:29:03 AM,8:29:06 AM,00:03,TVH (Transvaginal hysterectomy),No,No,2,1,Center
1,8:29:06 AM,8:29:15 AM,00:09,TVH (Transvaginal hysterectomy),No,No,2,1,Center
17,8:29:15 AM,8:29:21 AM,00:06,TVH (Transvaginal hysterectomy),No,No,2,1,Center
18,8:29:21 AM,8:29:26 AM,00:05,TVH (Transvaginal hysterectomy),No,No,2,1,Center
17,8:29:26 AM,8:29:27 AM,00:01,TVH (Transvaginal hysterectomy),No,No,2,1,Center
1,8:29:27 AM,8:29:31 AM,00:04,TVH (Transvaginal hysterectomy),No,No,2,1,Center
17,8:29:31 AM,8:29:37 AM,00:06,TVH (Transvaginal hysterectomy),No,No,2,1,Center
18,8:29:37 AM,8:29:44 AM,00:07,TVH (Transvaginal hysterectomy),No,No,2,1,Center
17,8:29:44 AM,8:29:46 AM,00:02,TVH (Transvaginal hysterectomy),No,No,2,1,Center
1,8:29:46 AM,8:29:53 AM,00:07,TVH (Transvaginal hysterectomy),No,No,2,1,Center
17,8:29:53 AM,8:29:53 AM,00:00,TVH (Transvaginal hysterectomy),No,No,2,1,Center
1,8:29:53 AM,8:30:03 AM,00:10,TVH (Transvaginal hysterectomy),No,No,2,1,Center
9,8:30:03 AM,8:30:22 AM,00:19,TVH (Transvaginal hysterectomy),No,No,2,1,Center
25,8:30:22 AM,8:30:24 AM,00:02,TVH (Transvaginal hysterectomy),No,No,2,1,Center
9,8:30:24 AM,8:30:25 AM,00:01,TVH (Transvaginal hysterectomy),No,No,2,1,Center
1,8:30:25 AM,8:30:27 AM,00:02,TVH (Transvaginal hysterectomy),No,No,2,1,Center
9,8:30:27 AM,8:30:50 AM,00:23,TVH (Transvaginal hysterectomy),No,No,2,1,Center
11,8:30:50 AM,8:30:51 AM,00:01,TVH (Transvaginal hysterectomy),No,No,2,1,Center
3,8:30:51 AM,8:30:52 AM,00:01,TVH (Transvaginal hysterectomy),No,No,2,1,Center
1,8:30:52 AM,8:30:54 AM,00:02,TVH (Transvaginal hysterectomy),No,No,2,1,Center
17,8:30:54 AM,8:30:54 AM,00:00,TVH (Transvaginal hysterectomy),No,No,2,1,Center
1,8:30:54 AM,8:31:01 AM,00:07,TVH (Transvaginal hysterectomy),No,No,2,1,Center
17,8:31:01 AM,8:31:06 AM,00:05,TVH (Transvaginal hysterectomy),No,No,2,1,Center
1,8:31:06 AM,8:31:20 AM,00:14,TVH (Transvaginal hysterectomy),No,No,2,1,Center
17,8:31:20 AM,8:31:26 AM,00:06,TVH (Transvaginal hysterectomy),No,No,2,1,Center
1,8:31:26 AM,8:31:52 AM,00:26,TVH (Transvaginal hysterectomy),No,No,2,1,Center
9,8:31:52 AM,8:32:06 AM,00:14,TVH (Transvaginal hysterectomy),No,No,2,1,Center
1,8:32:06 AM,8:32:17 AM,00:11,TVH (Transvaginal hysterectomy),No,No,2,1,Center
17,8:32:17 AM,8:32:18 AM,00:01,TVH (Transvaginal hysterectomy),No,No,2,1,Center
1,8:32:18 AM,8:32:25 AM,00:07,TVH (Transvaginal hysterectomy),No,No,2,1,Center
17,8:32:25 AM,8:33:01 AM,00:36,TVH (Transvaginal hysterectomy),No,No,2,1,Center
1,8:33:01 AM,8:33:06 AM,00:05,TVH (Transvaginal hysterectomy),No,No,2,1,Center
17,8:33:06 AM,8:33:46 AM,00:40,TVH (Transvaginal hysterectomy),No,No,2,1,Center
25,8:33:46 AM,8:33:47 AM,00:01,TVH (Transvaginal hysterectomy),No,No,2,1,Center
9,8:33:47 AM,8:33:49 AM,00:02,TVH (Transvaginal hysterectomy),No,No,2,1,Center
1,8:33:49 AM,8:34:12 AM,00:23,TVH (Transvaginal hysterectomy),No,No,2,1,Center
9,8:34:12 AM,8:34:23 AM,00:11,TVH (Transvaginal hysterectomy),No,No,2,1,Center
1,8:34:23 AM,8:34:23 AM,00:00,TVH (Transvaginal hysterectomy),No,No,2,1,Center
17,8:34:23 AM,8:34:25 AM,00:02,TVH (Transvaginal hysterectomy),No,No,2,1,Center
1,8:34:25 AM,8:34:30 AM,00:05,TVH (Transvaginal hysterectomy),No,No,2,1,Center
17,8:34:30 AM,8:35:22 AM,00:52,TVH (Transvaginal hysterectomy),No,No,2,1,Center
1,8:35:22 AM,8:35:31 AM,00:09,TVH (Transvaginal hysterectomy),No,No,2,1,Center
9,8:35:31 AM,8:35:58 AM,00:27,TVH (Transvaginal hysterectomy),No,No,2,1,Center
1,8:35:58 AM,8:35:58 AM,00:00,TVH (Transvaginal hysterectomy),No,No,2,1,Center
17,8:35:58 AM,8:36:16 AM,00:18,TVH (Transvaginal hysterectomy),No,No,2,1,Center
1,8:36:16 AM,8:36:23 AM,00:07,TVH (Transvaginal hysterectomy),No,No,2,1,Center
9,8:36:23 AM,8:36:24 AM,00:01,TVH (Transvaginal hysterectomy),No,No,2,1,Center
1,8:36:24 AM,8:36:33 AM,00:09,TVH (Transvaginal hysterectomy),No,No,2,1,Center
9,8:36:33 AM,8:36:52 AM,00:19,TVH (Transvaginal hysterectomy),No,No,2,1,Center
1,8:36:52 AM,8:36:59 AM,00:07,TVH (Transvaginal hysterectomy),No,No,2,1,Center
9,8:36:59 AM,8:37:02 AM,00:03,TVH (Transvaginal hysterectomy),No,No,2,1,Center
25,8:37:02 AM,8:37:03 AM,00:01,TVH (Transvaginal hysterectomy),No,No,2,1,Center
9,8:37:03 AM,8:37:03 AM,00:00,TVH (Transvaginal hysterectomy),No,No,2,1,Center
25,8:37:03 AM,8:37:08 AM,00:05,TVH (Transvaginal hysterectomy),No,No,2,1,Center
9,8:37:08 AM,8:37:10 AM,00:02,TVH (Transvaginal hysterectomy),No,No,2,1,Center
25,8:37:10 AM,8:37:22 AM,00:12,TVH (Transvaginal hysterectomy),No,No,2,1,Center
9,8:37:22 AM,8:37:31 AM,00:09,TVH (Transvaginal hysterectomy),No,No,2,1,Center
11,8:37:31 AM,8:37:46 AM,00:15,TVH (Transvaginal hysterectomy),No,No,2,1,Center
9,8:37:46 AM,8:37:47 AM,00:01,TVH (Transvaginal hysterectomy),No,No,2,1,Center
25,8:37:47 AM,8:37:47 AM,00:00,TVH (Transvaginal hysterectomy),No,No,2,1,Center
17,8:37:47 AM,8:37:55 AM,00:08,TVH (Transvaginal hysterectomy),No,No,2,1,Center
25,8:37:55 AM,8:38:24 AM,00:29,TVH (Transvaginal hysterectomy),No,No,2,1,Center
9,8:38:24 AM,8:38:25 AM,00:01,TVH (Transvaginal hysterectomy),No,No,2,1,Center
11,8:38:25 AM,8:38:27 AM,00:02,TVH (Transvaginal hysterectomy),No,No,2,1,Center
3,8:38:27 AM,8:38:28 AM,00:01,TVH (Transvaginal hysterectomy),No,No,2,1,Center
1,8:38:28 AM,8:38:32 AM,00:04,TVH (Transvaginal hysterectomy),No,No,2,1,Center
5,8:38:32 AM,8:38:48 AM,00:16,TVH (Transvaginal hysterectomy),No,No,2,1,Center
21,8:38:48 AM,8:38:49 AM,00:01,TVH (Transvaginal hysterectomy),No,No,2,1,Center
17,8:38:49 AM,8:39:08 AM,00:19,TVH (Transvaginal hysterectomy),No,No,2,1,Center
25,8:39:08 AM,8:39:14 AM,00:06,TVH (Transvaginal hysterectomy),No,No,2,1,Center
9,8:39:14 AM,8:39:16 AM,00:02,TVH (Transvaginal hysterectomy),No,No,2,1,Center
25,8:39:16 AM,8:39:56 AM,00:40,TVH (Transvaginal hysterectomy),No,No,2,1,Center
17,8:39:56 AM,8:40:03 AM,00:07,TVH (Transvaginal hysterectomy),No,No,2,1,Center
1,8:40:03 AM,8:40:14 AM,00:11,TVH (Transvaginal hysterectomy),No,No,2,1,Center
17,8:40:14 AM,8:40:15 AM,00:01,TVH (Transvaginal hysterectomy),No,No,2,1,Center
1,8:40:15 AM,8:40:22 AM,00:07,TVH (Transvaginal hysterectomy),No,No,2,1,Center
17,8:40:22 AM,8:40:28 AM,00:06,TVH (Transvaginal hysterectomy),No,No,2,1,Center
1,8:40:28 AM,8:40:33 AM,00:05,TVH (Transvaginal hysterectomy),No,No,2,1,Center
5,8:40:33 AM,8:40:37 AM,00:04,TVH (Transvaginal hysterectomy),No,No,2,1,Center
21,8:40:37 AM,8:40:41 AM,00:04,TVH (Transvaginal hysterectomy),No,No,2,1,Center
5,8:40:41 AM,8:40:47 AM,00:06,TVH (Transvaginal hysterectomy),No,No,2,1,Center
21,8:40:47 AM,8:40:47 AM,00:00,TVH (Transvaginal hysterectomy),No,No,2,1,Center
17,8:40:47 AM,8:41:07 AM,00:20,TVH (Transvaginal hysterectomy),No,No,2,1,Center
25,8:41:07 AM,8:41:20 AM,00:13,TVH (Transvaginal hysterectomy),No,No,2,1,Center
17,8:41:20 AM,8:41:21 AM,00:01,TVH (Transvaginal hysterectomy),No,No,2,1,Center
1,8:41:21 AM,8:41:32 AM,00:11,TVH (Transvaginal hysterectomy),No,No,2,1,Center
9,8:41:32 AM,8:41:49 AM,00:17,TVH (Transvaginal hysterectomy),No,No,2,1,Center
25,8:41:49 AM,8:42:10 AM,00:21,TVH (Transvaginal hysterectomy),No,No,2,1,Center
9,8:42:10 AM,8:42:31 AM,00:21,TVH (Transvaginal hysterectomy),No,No,2,1,Center
25,8:42:31 AM,8:42:51 AM,00:20,TVH (Transvaginal hysterectomy),No,No,2,1,Center
17,8:42:51 AM,8:42:52 AM,00:01,TVH (Transvaginal hysterectomy),No,No,2,1,Center
1,8:42:52 AM,8:43:01 AM,00:09,TVH (Transvaginal hysterectomy),No,No,2,1,Center
17,8:43:01 AM,8:43:21 AM,00:20,TVH (Transvaginal hysterectomy),No,No,2,1,Center
1,8:43:21 AM,8:43:22 AM,00:01,TVH (Transvaginal hysterectomy),No,No,2,1,Center
9,8:43:22 AM,8:43:49 AM,00:27,TVH (Transvaginal hysterectomy),No,No,2,1,Center
25,8:43:49 AM,8:43:50 AM,00:01,TVH (Transvaginal hysterectomy),No,No,2,1,Center
17,8:43:50 AM,8:43:57 AM,00:07,TVH (Transvaginal hysterectomy),No,No,2,1,Center
25,8:43:57 AM,8:44:02 AM,00:05,TVH (Transvaginal hysterectomy),No,No,2,1,Center
17,8:44:02 AM,8:44:13 AM,00:11,TVH (Transvaginal hysterectomy),No,No,2,1,Center
1,8:44:13 AM,8:44:19 AM,00:06,TVH (Transvaginal hysterectomy),No,No,2,1,Center
17,8:44:19 AM,8:44:28 AM,00:09,TVH (Transvaginal hysterectomy),No,No,2,1,Center
25,8:44:28 AM,8:44:30 AM,00:02,TVH (Transvaginal hysterectomy),No,No,2,1,Center
17,8:44:30 AM,8:44:32 AM,00:02,TVH (Transvaginal hysterectomy),No,No,2,1,Center
25,8:44:32 AM,8:45:00 AM,00:28,TVH (Transvaginal hysterectomy),No,No,2,1,Center
9,8:45:00 AM,8:45:01 AM,00:01,TVH (Transvaginal hysterectomy),No,No,2,1,Center
1,8:45:01 AM,8:45:02 AM,00:01,TVH (Transvaginal hysterectomy),No,No,2,1,Center
9,8:45:59 AM,8:46:13 AM,00:14,Bilateral salpingectomy,No,No,3,2,Center
25,8:46:13 AM,8:46:17 AM,00:04,Bilateral salpingectomy,No,No,3,2,Center
27,8:46:17 AM,8:46:17 AM,00:00,Bilateral salpingectomy,No,No,3,2,Center
31,8:46:17 AM,8:46:22 AM,00:05,Bilateral salpingectomy,No,No,3,2,Center
29,8:46:22 AM,8:46:22 AM,00:00,Bilateral salpingectomy,No,No,3,2,Center
25,8:46:22 AM,8:46:23 AM,00:01,Bilateral salpingectomy,No,No,3,2,Center
27,8:46:23 AM,8:46:24 AM,00:01,Bilateral salpingectomy,No,No,3,2,Center
31,8:46:24 AM,8:46:27 AM,00:03,Bilateral salpingectomy,No,No,3,2,Center
32,8:46:27 AM,8:46:34 AM,00:07,Bilateral salpingectomy,No,No,3,2,Center
30,8:46:34 AM,8:46:36 AM,00:02,Bilateral salpingectomy,No,No,3,2,Center
26,8:46:36 AM,8:46:36 AM,00:00,Bilateral salpingectomy,No,No,3,2,Center
25,8:46:36 AM,8:46:38 AM,00:02,Bilateral salpingectomy,No,No,3,2,Center
17,8:46:38 AM,8:46:38 AM,00:00,Bilateral salpingectomy,No,No,3,2,Center
1,8:46:38 AM,8:46:58 AM,00:20,Bilateral salpingectomy,No,No,3,2,Center
17,8:46:58 AM,8:47:02 AM,00:04,Bilateral salpingectomy,No,No,3,2,Center
25,8:47:02 AM,8:47:13 AM,00:11,Bilateral salpingectomy,No,No,3,2,Center
27,8:47:13 AM,8:47:16 AM,00:03,Bilateral salpingectomy,No,No,3,2,Center
19,8:47:16 AM,8:47:17 AM,00:01,Bilateral salpingectomy,No,No,3,2,Center
3,8:47:17 AM,8:47:21 AM,00:04,Bilateral salpingectomy,No,No,3,2,Center
4,8:47:21 AM,8:47:24 AM,00:03,Bilateral salpingectomy,No,No,3,2,Center
3,8:47:24 AM,8:47:25 AM,00:01,Bilateral salpingectomy,No,No,3,2,Center
1,8:47:25 AM,8:47:26 AM,00:01,Bilateral salpingectomy,No,No,3,2,Center
17,8:47:26 AM,8:47:26 AM,00:00,Bilateral salpingectomy,No,No,3,2,Center
19,8:47:26 AM,8:47:28 AM,00:02,Bilateral salpingectomy,No,No,3,2,Center
27,8:47:28 AM,8:47:28 AM,00:00,Bilateral salpingectomy,No,No,3,2,Center
19,8:47:28 AM,8:47:29 AM,00:01,Bilateral salpingectomy,No,No,3,2,Center
20,8:47:29 AM,8:47:31 AM,00:02,Bilateral salpingectomy,No,No,3,2,Center
24,8:47:31 AM,8:47:35 AM,00:04,Bilateral salpingectomy,No,No,3,2,Center
32,8:47:35 AM,8:47:53 AM,00:18,Bilateral salpingectomy,No,No,3,2,Center
31,8:47:53 AM,8:47:54 AM,00:01,Bilateral salpingectomy,No,No,3,2,Center
23,8:47:54 AM,8:47:55 AM,00:01,Bilateral salpingectomy,No,No,3,2,Center
21,8:47:55 AM,8:47:55 AM,00:00,Bilateral salpingectomy,No,No,3,2,Center
17,8:47:55 AM,8:47:55 AM,00:00,Bilateral salpingectomy,No,No,3,2,Center
1,8:47:55 AM,8:48:13 AM,00:18,Bilateral salpingectomy,No,No,3,2,Center
9,8:48:13 AM,8:48:16 AM,00:03,Bilateral salpingectomy,No,No,3,2,Center
1,8:48:16 AM,8:48:16 AM,00:00,Bilateral salpingectomy,No,No,3,2,Center
17,8:48:16 AM,8:48:23 AM,00:07,Bilateral salpingectomy,No,No,3,2,Center
25,8:48:23 AM,8:48:23 AM,00:00,Bilateral salpingectomy,No,No,3,2,Center
26,8:48:23 AM,8:48:25 AM,00:02,Bilateral salpingectomy,No,No,3,2,Center
28,8:48:25 AM,8:48:27 AM,00:02,Bilateral salpingectomy,No,No,3,2,Center
26,8:48:27 AM,8:48:28 AM,00:01,Bilateral salpingectomy,No,No,3,2,Center
10,8:48:28 AM,8:48:29 AM,00:01,Bilateral salpingectomy,No,No,3,2,Center
2,8:48:29 AM,8:48:29 AM,00:00,Bilateral salpingectomy,No,No,3,2,Center
1,8:48:29 AM,8:48:41 AM,00:12,Bilateral salpingectomy,No,No,3,2,Center
3,8:48:41 AM,8:48:42 AM,00:01,Bilateral salpingectomy,No,No,3,2,Center
19,8:48:42 AM,8:48:45 AM,00:03,Bilateral salpingectomy,No,No,3,2,Center
23,8:48:45 AM,8:48:48 AM,00:03,Bilateral salpingectomy,No,No,3,2,Center
24,8:48:48 AM,8:48:55 AM,00:07,Bilateral salpingectomy,No,No,3,2,Center
32,8:48:55 AM,8:49:08 AM,00:13,Bilateral salpingectomy,No,No,3,2,Center
16,8:49:08 AM,8:49:14 AM,00:06,Bilateral salpingectomy,No,No,3,2,Center
32,8:49:14 AM,8:49:18 AM,00:04,Bilateral salpingectomy,No,No,3,2,Center
24,8:49:18 AM,8:49:22 AM,00:04,Bilateral salpingectomy,No,No,3,2,Center
23,8:49:22 AM,8:49:25 AM,00:03,Bilateral salpingectomy,No,No,3,2,Center
21,8:49:25 AM,8:49:26 AM,00:01,Bilateral salpingectomy,No,No,3,2,Center
5,8:49:26 AM,8:49:27 AM,00:01,Bilateral salpingectomy,No,No,3,2,Center
1,8:49:27 AM,8:49:32 AM,00:05,Bilateral salpingectomy,No,No,3,2,Center
5,8:49:32 AM,8:49:39 AM,00:07,Bilateral salpingectomy,No,No,3,2,Center
13,8:49:39 AM,8:49:40 AM,00:01,Bilateral salpingectomy,No,No,3,2,Center
5,8:49:40 AM,8:49:40 AM,00:00,Bilateral salpingectomy,No,No,3,2,Center
21,8:49:40 AM,8:49:41 AM,00:01,Bilateral salpingectomy,No,No,3,2,Center
5,8:49:41 AM,8:49:41 AM,00:00,Bilateral salpingectomy,No,No,3,2,Center
1,8:49:41 AM,8:49:44 AM,00:03,Bilateral salpingectomy,No,No,3,2,Center
5,8:49:44 AM,8:49:44 AM,00:00,Bilateral salpingectomy,No,No,3,2,Center
7,8:49:44 AM,8:49:47 AM,00:03,Bilateral salpingectomy,No,No,3,2,Center
23,8:49:47 AM,8:49:57 AM,00:10,Bilateral salpingectomy,No,No,3,2,Center
31,8:49:57 AM,8:50:11 AM,00:14,Bilateral salpingectomy,No,No,3,2,Center
23,8:50:11 AM,8:50:11 AM,00:00,Bilateral salpingectomy,No,No,3,2,Center
7,8:50:11 AM,8:50:28 AM,00:17,Bilateral salpingectomy,No,No,3,2,Center
15,8:50:28 AM,8:50:30 AM,00:02,Bilateral salpingectomy,No,No,3,2,Center
31,8:50:30 AM,8:50:32 AM,00:02,Bilateral salpingectomy,No,No,3,2,Center
23,8:50:32 AM,8:50:33 AM,00:01,Bilateral salpingectomy,No,No,3,2,Center
7,8:50:33 AM,8:50:34 AM,00:01,Bilateral salpingectomy,No,No,3,2,Center
5,8:50:34 AM,8:50:34 AM,00:00,Bilateral salpingectomy,No,No,3,2,Center
1,8:50:34 AM,8:50:36 AM,00:02,Bilateral salpingectomy,No,No,3,2,Center
17,8:50:36 AM,8:50:49 AM,00:13,Bilateral salpingectomy,No,No,3,2,Center
1,8:50:49 AM,8:51:02 AM,00:13,Bilateral salpingectomy,No,No,3,2,Center
9,8:51:02 AM,8:51:06 AM,00:04,Bilateral salpingectomy,No,No,3,2,Center
25,8:51:06 AM,8:51:13 AM,00:07,Bilateral salpingectomy,No,No,3,2,Center
26,8:51:13 AM,8:51:53 AM,00:40,Bilateral salpingectomy,No,No,3,2,Center
25,8:51:53 AM,8:52:05 AM,00:12,Bilateral salpingectomy,No,No,3,2,Center
26,8:52:05 AM,8:52:19 AM,00:14,Bilateral salpingectomy,No,No,3,2,Center
10,8:52:19 AM,8:52:32 AM,00:13,Bilateral salpingectomy,No,No,3,2,Center
2,8:52:32 AM,8:52:36 AM,00:04,Bilateral salpingectomy,No,No,3,2,Center
1,8:52:36 AM,8:52:37 AM,00:01,Bilateral salpingectomy,No,No,3,2,Center
17,8:52:37 AM,8:52:39 AM,00:02,Bilateral salpingectomy,No,No,3,2,Center
1,8:52:39 AM,8:52:43 AM,00:04,Bilateral salpingectomy,No,No,3,2,Center
9,8:52:43 AM,8:52:59 AM,00:16,Bilateral salpingectomy,No,No,3,2,Center
25,8:52:59 AM,8:53:19 AM,00:20,Bilateral salpingectomy,No,No,3,2,Center
27,8:53:19 AM,8:53:19 AM,00:00,Bilateral salpingectomy,No,No,3,2,Center
31,8:53:19 AM,8:53:21 AM,00:02,Bilateral salpingectomy,No,No,3,2,Center
23,8:53:21 AM,8:53:24 AM,00:03,Bilateral salpingectomy,No,No,3,2,Center
24,8:53:24 AM,8:53:27 AM,00:03,Bilateral salpingectomy,No,No,3,2,Center
23,8:53:27 AM,8:53:40 AM,00:13,Bilateral salpingectomy,No,No,3,2,Center
24,8:53:40 AM,8:53:42 AM,00:02,Bilateral salpingectomy,No,No,3,2,Center
32,8:53:42 AM,8:53:44 AM,00:02,Bilateral salpingectomy,No,No,3,2,Center
16,8:53:44 AM,8:53:51 AM,00:07,Bilateral salpingectomy,No,No,3,2,Center
32,8:53:51 AM,8:53:52 AM,00:01,Bilateral salpingectomy,No,No,3,2,Center
24,8:53:52 AM,8:54:02 AM,00:10,Bilateral salpingectomy,No,No,3,2,Center
23,8:54:02 AM,8:54:03 AM,00:01,Bilateral salpingectomy,No,No,3,2,Center
19,8:54:03 AM,8:54:03 AM,00:00,Bilateral salpingectomy,No,No,3,2,Center
17,8:54:03 AM,8:54:04 AM,00:01,Bilateral salpingectomy,No,No,3,2,Center
1,8:54:04 AM,8:54:28 AM,00:24,Bilateral salpingectomy,No,No,3,2,Center
5,8:54:28 AM,8:54:28 AM,00:00,Bilateral salpingectomy,No,No,3,2,Center
7,8:54:28 AM,8:54:32 AM,00:04,Bilateral salpingectomy,No,No,3,2,Center
15,8:54:32 AM,8:54:33 AM,00:01,Bilateral salpingectomy,No,No,3,2,Center
31,8:54:33 AM,8:54:34 AM,00:01,Bilateral salpingectomy,No,No,3,2,Center
15,8:54:34 AM,8:54:34 AM,00:00,Bilateral salpingectomy,No,No,3,2,Center
13,8:54:34 AM,8:54:34 AM,00:00,Bilateral salpingectomy,No,No,3,2,Center
9,8:54:34 AM,8:54:35 AM,00:01,Bilateral salpingectomy,No,No,3,2,Center
1,8:54:35 AM,8:54:42 AM,00:07,Bilateral salpingectomy,No,No,3,2,Center
3,8:54:42 AM,8:54:44 AM,00:02,Bilateral salpingectomy,No,No,3,2,Center
7,8:54:44 AM,8:54:49 AM,00:05,Bilateral salpingectomy,No,No,3,2,Center
15,8:54:49 AM,8:54:52 AM,00:03,Bilateral salpingectomy,No,No,3,2,Center
7,8:54:52 AM,8:54:53 AM,00:01,Bilateral salpingectomy,No,No,3,2,Center
23,8:54:53 AM,8:54:56 AM,00:03,Bilateral salpingectomy,No,No,3,2,Center
24,8:54:56 AM,8:54:59 AM,00:03,Bilateral salpingectomy,No,No,3,2,Center
23,8:54:59 AM,8:55:00 AM,00:01,Bilateral salpingectomy,No,No,3,2,Center
21,8:55:00 AM,8:55:00 AM,00:00,Bilateral salpingectomy,No,No,3,2,Center
17,8:55:00 AM,8:55:01 AM,00:01,Bilateral salpingectomy,No,No,3,2,Center
1,8:55:01 AM,8:55:04 AM,00:03,Bilateral salpingectomy,No,No,3,2,Center
17,8:55:04 AM,8:55:07 AM,00:03,Bilateral salpingectomy,No,No,3,2,Center
21,8:55:07 AM,8:55:09 AM,00:02,Bilateral salpingectomy,No,No,3,2,Center
23,8:55:09 AM,8:55:14 AM,00:05,Bilateral salpingectomy,No,No,3,2,Center
19,8:55:14 AM,8:55:15 AM,00:01,Bilateral salpingectomy,No,No,3,2,Center
3,8:55:15 AM,8:55:15 AM,00:00,Bilateral salpingectomy,No,No,3,2,Center
1,8:55:15 AM,8:55:17 AM,00:02,Bilateral salpingectomy,No,No,3,2,Center
3,8:55:17 AM,8:55:18 AM,00:01,Bilateral salpingectomy,No,No,3,2,Center
7,8:55:18 AM,8:55:18 AM,00:00,Bilateral salpingectomy,No,No,3,2,Center
23,8:55:18 AM,8:55:20 AM,00:02,Bilateral salpingectomy,No,No,3,2,Center
21,8:55:20 AM,8:55:20 AM,00:00,Bilateral salpingectomy,No,No,3,2,Center
17,8:55:20 AM,8:55:23 AM,00:03,Bilateral salpingectomy,No,No,3,2,Center
19,8:55:23 AM,8:55:24 AM,00:01,Bilateral salpingectomy,No,No,3,2,Center
23,8:55:24 AM,8:55:39 AM,00:15,Bilateral salpingectomy,No,No,3,2,Center
21,8:55:39 AM,8:55:39 AM,00:00,Bilateral salpingectomy,No,No,3,2,Center
17,8:55:39 AM,8:55:40 AM,00:01,Bilateral salpingectomy,No,No,3,2,Center
1,8:55:40 AM,8:56:42 AM,01:02,Bilateral salpingectomy,No,No,3,2,Center
17,8:56:42 AM,8:56:59 AM,00:17,Bilateral salpingectomy,No,No,3,2,Center
25,8:56:59 AM,8:57:07 AM,00:08,Bilateral salpingectomy,No,No,3,2,Center
17,8:57:07 AM,8:57:08 AM,00:01,Bilateral salpingectomy,No,No,3,2,Center
1,8:57:08 AM,8:57:15 AM,00:07,Bilateral salpingectomy,No,No,3,2,Center
2,8:58:28 AM,8:58:32 AM,00:04,USLS (Uterosacral ligament suspension),No,No,4,3,Center
10,8:58:32 AM,8:58:36 AM,00:04,USLS (Uterosacral ligament suspension),No,No,4,3,Center
9,8:58:36 AM,8:58:37 AM,00:01,USLS (Uterosacral ligament suspension),No,No,4,3,Center
1,8:58:37 AM,8:59:28 AM,00:51,USLS (Uterosacral ligament suspension),No,No,4,3,Center
9,8:59:28 AM,8:59:29 AM,00:01,USLS (Uterosacral ligament suspension),No,No,4,3,Center
11,8:59:29 AM,8:59:33 AM,00:04,USLS (Uterosacral ligament suspension),No,No,4,3,Center
12,8:59:33 AM,8:59:48 AM,00:15,USLS (Uterosacral ligament suspension),No,No,4,3,Center
10,8:59:48 AM,8:59:52 AM,00:04,USLS (Uterosacral ligament suspension),No,No,4,3,Center
12,8:59:52 AM,9:00:00 AM,00:08,USLS (Uterosacral ligament suspension),No,No,4,3,Center
10,9:00:00 AM,9:00:01 AM,00:01,USLS (Uterosacral ligament suspension),No,No,4,3,Center
9,9:00:01 AM,9:00:19 AM,00:18,USLS (Uterosacral ligament suspension),No,No,4,3,Center
1,9:00:19 AM,9:00:21 AM,00:02,USLS (Uterosacral ligament suspension),No,No,4,3,Center
3,9:00:21 AM,9:00:21 AM,00:00,USLS (Uterosacral ligament suspension),No,No,4,3,Center
1,9:00:21 AM,9:00:22 AM,00:01,USLS (Uterosacral ligament suspension),No,No,4,3,Center
5,9:00:22 AM,9:00:26 AM,00:04,USLS (Uterosacral ligament suspension),No,No,4,3,Center
21,9:00:26 AM,9:00:32 AM,00:06,USLS (Uterosacral ligament suspension),No,No,4,3,Center
22,9:00:32 AM,9:00:52 AM,00:20,USLS (Uterosacral ligament suspension),No,No,4,3,Center
18,9:00:52 AM,9:00:53 AM,00:01,USLS (Uterosacral ligament suspension),No,No,4,3,Center
17,9:00:53 AM,9:00:54 AM,00:01,USLS (Uterosacral ligament suspension),No,No,4,3,Center
1,9:00:54 AM,9:00:55 AM,00:01,USLS (Uterosacral ligament suspension),No,No,4,3,Center
17,9:00:55 AM,9:00:57 AM,00:02,USLS (Uterosacral ligament suspension),No,No,4,3,Center
21,9:00:57 AM,9:01:09 AM,00:12,USLS (Uterosacral ligament suspension),No,No,4,3,Center
22,9:01:09 AM,9:01:17 AM,00:08,USLS (Uterosacral ligament suspension),No,No,4,3,Center
21,9:01:17 AM,9:01:18 AM,00:01,USLS (Uterosacral ligament suspension),No,No,4,3,Center
5,9:01:18 AM,9:01:20 AM,00:02,USLS (Uterosacral ligament suspension),No,No,4,3,Center
1,9:01:20 AM,9:01:38 AM,00:18,USLS (Uterosacral ligament suspension),No,No,4,3,Center
9,9:01:38 AM,9:01:40 AM,00:02,USLS (Uterosacral ligament suspension),No,No,4,3,Center
25,9:01:40 AM,9:01:44 AM,00:04,USLS (Uterosacral ligament suspension),No,No,4,3,Center
29,9:01:44 AM,9:02:11 AM,00:27,USLS (Uterosacral ligament suspension),No,No,4,3,Center
21,9:02:11 AM,9:02:12 AM,00:01,USLS (Uterosacral ligament suspension),No,No,4,3,Center
17,9:02:12 AM,9:02:12 AM,00:00,USLS (Uterosacral ligament suspension),No,No,4,3,Center
1,9:02:12 AM,9:02:29 AM,00:17,USLS (Uterosacral ligament suspension),No,No,4,3,Center
9,9:02:29 AM,9:02:46 AM,00:17,USLS (Uterosacral ligament suspension),No,No,4,3,Center
25,9:02:46 AM,9:02:58 AM,00:12,USLS (Uterosacral ligament suspension),No,No,4,3,Center
9,9:02:58 AM,9:02:59 AM,00:01,USLS (Uterosacral ligament suspension),No,No,4,3,Center
1,9:02:59 AM,9:03:15 AM,00:16,USLS (Uterosacral ligament suspension),No,No,4,3,Center
9,9:03:15 AM,9:03:21 AM,00:06,USLS (Uterosacral ligament suspension),No,No,4,3,Center
1,9:03:21 AM,9:03:26 AM,00:05,USLS (Uterosacral ligament suspension),No,No,4,3,Center
9,9:03:26 AM,9:03:34 AM,00:08,USLS (Uterosacral ligament suspension),No,No,4,3,Center
11,9:03:34 AM,9:03:48 AM,00:14,USLS (Uterosacral ligament suspension),No,No,4,3,Center
27,9:03:48 AM,9:03:50 AM,00:02,USLS (Uterosacral ligament suspension),No,No,4,3,Center
28,9:03:50 AM,9:04:04 AM,00:14,USLS (Uterosacral ligament suspension),No,No,4,3,Center
26,9:04:04 AM,9:04:24 AM,00:20,USLS (Uterosacral ligament suspension),No,No,4,3,Center
25,9:04:24 AM,9:04:24 AM,00:00,USLS (Uterosacral ligament suspension),No,No,4,3,Center
9,9:04:24 AM,9:04:25 AM,00:01,USLS (Uterosacral ligament suspension),No,No,4,3,Center
1,9:04:25 AM,9:04:49 AM,00:24,USLS (Uterosacral ligament suspension),No,No,4,3,Center
9,9:04:49 AM,9:04:52 AM,00:03,USLS (Uterosacral ligament suspension),No,No,4,3,Center
25,9:04:52 AM,9:05:15 AM,00:23,USLS (Uterosacral ligament suspension),No,No,4,3,Center
26,9:05:15 AM,9:05:25 AM,00:10,USLS (Uterosacral ligament suspension),No,No,4,3,Center
18,9:05:25 AM,9:05:26 AM,00:01,USLS (Uterosacral ligament suspension),No,No,4,3,Center
17,9:05:26 AM,9:05:27 AM,00:01,USLS (Uterosacral ligament suspension),No,No,4,3,Center
1,9:05:27 AM,9:05:28 AM,00:01,USLS (Uterosacral ligament suspension),No,No,4,3,Center
9,9:05:28 AM,9:05:37 AM,00:09,USLS (Uterosacral ligament suspension),No,No,4,3,Center
1,9:05:37 AM,9:05:49 AM,00:12,USLS (Uterosacral ligament suspension),No,No,4,3,Center
17,9:05:49 AM,9:05:52 AM,00:03,USLS (Uterosacral ligament suspension),No,No,4,3,Center
1,9:05:52 AM,9:05:54 AM,00:02,USLS (Uterosacral ligament suspension),No,No,4,3,Center
17,9:05:54 AM,9:06:35 AM,00:41,USLS (Uterosacral ligament suspension),No,No,4,3,Center
1,9:06:35 AM,9:06:49 AM,00:14,USLS (Uterosacral ligament suspension),No,No,4,3,Center
17,9:06:49 AM,9:06:51 AM,00:02,USLS (Uterosacral ligament suspension),No,No,4,3,Center
18,9:06:51 AM,9:07:13 AM,00:22,USLS (Uterosacral ligament suspension),No,No,4,3,Center
26,9:07:13 AM,9:07:17 AM,00:04,USLS (Uterosacral ligament suspension),No,No,4,3,Center
10,9:07:17 AM,9:07:22 AM,00:05,USLS (Uterosacral ligament suspension),No,No,4,3,Center
12,9:07:22 AM,9:07:23 AM,00:01,USLS (Uterosacral ligament suspension),No,No,4,3,Center
4,9:07:23 AM,9:07:24 AM,00:01,USLS (Uterosacral ligament suspension),No,No,4,3,Center
3,9:07:24 AM,9:07:25 AM,00:01,USLS (Uterosacral ligament suspension),No,No,4,3,Center
1,9:07:25 AM,9:07:46 AM,00:21,USLS (Uterosacral ligament suspension),No,No,4,3,Center
9,9:07:46 AM,9:07:57 AM,00:11,USLS (Uterosacral ligament suspension),No,No,4,3,Center
25,9:07:57 AM,9:08:00 AM,00:03,USLS (Uterosacral ligament suspension),No,No,4,3,Center
26,9:08:00 AM,9:08:14 AM,00:14,USLS (Uterosacral ligament suspension),No,No,4,3,Center
10,9:08:14 AM,9:08:19 AM,00:05,USLS (Uterosacral ligament suspension),No,No,4,3,Center
2,9:08:19 AM,9:08:20 AM,00:01,USLS (Uterosacral ligament suspension),No,No,4,3,Center
4,9:08:20 AM,9:08:22 AM,00:02,USLS (Uterosacral ligament suspension),No,No,4,3,Center
3,9:08:22 AM,9:08:23 AM,00:01,USLS (Uterosacral ligament suspension),No,No,4,3,Center
1,9:08:23 AM,9:08:42 AM,00:19,USLS (Uterosacral ligament suspension),No,No,4,3,Center
17,9:08:42 AM,9:08:45 AM,00:03,USLS (Uterosacral ligament suspension),No,No,4,3,Center
25,9:08:45 AM,9:08:47 AM,00:02,USLS (Uterosacral ligament suspension),No,No,4,3,Center
26,9:08:47 AM,9:09:03 AM,00:16,USLS (Uterosacral ligament suspension),No,No,4,3,Center
10,9:09:03 AM,9:09:04 AM,00:01,USLS (Uterosacral ligament suspension),No,No,4,3,Center
2,9:09:04 AM,9:09:04 AM,00:00,USLS (Uterosacral ligament suspension),No,No,4,3,Center
1,9:09:04 AM,9:09:14 AM,00:10,USLS (Uterosacral ligament suspension),No,No,4,3,Center
17,9:09:14 AM,9:09:20 AM,00:06,USLS (Uterosacral ligament suspension),No,No,4,3,Center
1,9:09:20 AM,9:09:21 AM,00:01,USLS (Uterosacral ligament suspension),No,No,4,3,Center
9,9:09:21 AM,9:09:28 AM,00:07,USLS (Uterosacral ligament suspension),No,No,4,3,Center
1,9:09:28 AM,9:09:28 AM,00:00,USLS (Uterosacral ligament suspension),No,No,4,3,Center
17,9:09:28 AM,9:09:52 AM,00:24,USLS (Uterosacral ligament suspension),No,No,4,3,Center
1,9:09:52 AM,9:10:13 AM,00:21,USLS (Uterosacral ligament suspension),No,No,4,3,Center
17,9:10:13 AM,9:10:14 AM,00:01,USLS (Uterosacral ligament suspension),No,No,4,3,Center
25,9:10:14 AM,9:10:18 AM,00:04,USLS (Uterosacral ligament suspension),No,No,4,3,Center
17,9:10:18 AM,9:10:19 AM,00:01,USLS (Uterosacral ligament suspension),No,No,4,3,Center
1,9:10:19 AM,9:10:36 AM,00:17,USLS (Uterosacral ligament suspension),No,No,4,3,Center
17,9:10:36 AM,9:10:38 AM,00:02,USLS (Uterosacral ligament suspension),No,No,4,3,Center
1,9:10:38 AM,9:10:54 AM,00:16,USLS (Uterosacral ligament suspension),No,No,4,3,Center
9,9:10:54 AM,9:11:00 AM,00:06,USLS (Uterosacral ligament suspension),No,No,4,3,Center
13,9:11:00 AM,9:11:02 AM,00:02,USLS (Uterosacral ligament suspension),No,No,4,3,Center
14,9:11:02 AM,9:11:04 AM,00:02,USLS (Uterosacral ligament suspension),No,No,4,3,Center
30,9:11:04 AM,9:11:09 AM,00:05,USLS (Uterosacral ligament suspension),No,No,4,3,Center
32,9:11:09 AM,9:11:39 AM,00:30,USLS (Uterosacral ligament suspension),No,No,4,3,Center
30,9:11:39 AM,9:11:39 AM,00:00,USLS (Uterosacral ligament suspension),No,No,4,3,Center
26,9:11:39 AM,9:11:40 AM,00:01,USLS (Uterosacral ligament suspension),No,No,4,3,Center
18,9:11:40 AM,9:11:41 AM,00:01,USLS (Uterosacral ligament suspension),No,No,4,3,Center
17,9:11:41 AM,9:11:43 AM,00:02,USLS (Uterosacral ligament suspension),No,No,4,3,Center
1,9:11:43 AM,9:11:47 AM,00:04,USLS (Uterosacral ligament suspension),No,No,4,3,Center
9,9:11:47 AM,9:11:52 AM,00:05,USLS (Uterosacral ligament suspension),No,No,4,3,Center
11,9:11:52 AM,9:12:12 AM,00:20,USLS (Uterosacral ligament suspension),No,No,4,3,Center
27,9:12:12 AM,9:12:20 AM,00:08,USLS (Uterosacral ligament suspension),No,No,4,3,Center
19,9:12:20 AM,9:12:21 AM,00:01,USLS (Uterosacral ligament suspension),No,No,4,3,Center
17,9:12:21 AM,9:12:21 AM,00:00,USLS (Uterosacral ligament suspension),No,No,4,3,Center
1,9:12:21 AM,9:12:45 AM,00:24,USLS (Uterosacral ligament suspension),No,No,4,3,Center
17,9:12:45 AM,9:13:11 AM,00:26,USLS (Uterosacral ligament suspension),No,No,4,3,Center
25,9:13:11 AM,9:13:26 AM,00:15,USLS (Uterosacral ligament suspension),No,No,4,3,Center
17,9:13:26 AM,9:13:41 AM,00:15,USLS (Uterosacral ligament suspension),No,No,4,3,Center
19,9:13:41 AM,9:13:53 AM,00:12,USLS (Uterosacral ligament suspension),No,No,4,3,Center
20,9:13:53 AM,9:14:02 AM,00:09,USLS (Uterosacral ligament suspension),No,No,4,3,Center
19,9:14:02 AM,9:14:03 AM,00:01,USLS (Uterosacral ligament suspension),No,No,4,3,Center
3,9:14:03 AM,9:14:04 AM,00:01,USLS (Uterosacral ligament suspension),No,No,4,3,Center
1,9:14:04 AM,9:14:25 AM,00:21,USLS (Uterosacral ligament suspension),No,No,4,3,Center
17,9:14:25 AM,9:14:28 AM,00:03,USLS (Uterosacral ligament suspension),No,No,4,3,Center
1,9:14:28 AM,9:14:35 AM,00:07,USLS (Uterosacral ligament suspension),No,No,4,3,Center
9,9:14:35 AM,9:15:16 AM,00:41,USLS (Uterosacral ligament suspension),No,No,4,3,Center
1,9:15:16 AM,9:15:20 AM,00:04,USLS (Uterosacral ligament suspension),No,No,4,3,Center
9,9:15:20 AM,9:15:36 AM,00:16,USLS (Uterosacral ligament suspension),No,No,4,3,Center
1,9:15:36 AM,9:15:47 AM,00:11,USLS (Uterosacral ligament suspension),No,No,4,3,Center
17,9:15:47 AM,9:15:47 AM,00:00,USLS (Uterosacral ligament suspension),No,No,4,3,Center
1,9:15:47 AM,9:15:51 AM,00:04,USLS (Uterosacral ligament suspension),No,No,4,3,Center
17,9:15:51 AM,9:15:59 AM,00:08,USLS (Uterosacral ligament suspension),No,No,4,3,Center
19,9:15:59 AM,9:16:00 AM,00:01,USLS (Uterosacral ligament suspension),No,No,4,3,Center
23,9:16:00 AM,9:16:01 AM,00:01,USLS (Uterosacral ligament suspension),No,No,4,3,Center
21,9:16:01 AM,9:16:02 AM,00:01,USLS (Uterosacral ligament suspension),No,No,4,3,Center
17,9:16:02 AM,9:16:04 AM,00:02,USLS (Uterosacral ligament suspension),No,No,4,3,Center
1,9:16:04 AM,9:16:11 AM,00:07,USLS (Uterosacral ligament suspension),No,No,4,3,Center
9,9:16:11 AM,9:16:11 AM,00:00,USLS (Uterosacral ligament suspension),No,No,4,3,Center
1,9:16:11 AM,9:16:12 AM,00:01,USLS (Uterosacral ligament suspension),No,No,4,3,Center
9,9:16:12 AM,9:16:14 AM,00:02,USLS (Uterosacral ligament suspension),No,No,4,3,Center
25,9:16:14 AM,9:16:16 AM,00:02,USLS (Uterosacral ligament suspension),No,No,4,3,Center
27,9:16:16 AM,9:16:18 AM,00:02,USLS (Uterosacral ligament suspension),No,No,4,3,Center
31,9:16:18 AM,9:16:19 AM,00:01,USLS (Uterosacral ligament suspension),No,No,4,3,Center
32,9:16:19 AM,9:16:42 AM,00:23,USLS (Uterosacral ligament suspension),No,No,4,3,Center
16,9:16:42 AM,9:16:45 AM,00:03,USLS (Uterosacral ligament suspension),No,No,4,3,Center
32,9:16:45 AM,9:17:00 AM,00:15,USLS (Uterosacral ligament suspension),No,No,4,3,Center
16,9:17:00 AM,9:17:03 AM,00:03,USLS (Uterosacral ligament suspension),No,No,4,3,Center
15,9:17:03 AM,9:17:07 AM,00:04,USLS (Uterosacral ligament suspension),No,No,4,3,Center
13,9:17:07 AM,9:17:07 AM,00:00,USLS (Uterosacral ligament suspension),No,No,4,3,Center
9,9:17:07 AM,9:17:08 AM,00:01,USLS (Uterosacral ligament suspension),No,No,4,3,Center
1,9:17:08 AM,9:17:18 AM,00:10,USLS (Uterosacral ligament suspension),No,No,4,3,Center
9,9:17:18 AM,9:17:32 AM,00:14,USLS (Uterosacral ligament suspension),No,No,4,3,Center
1,9:17:32 AM,9:17:42 AM,00:10,USLS (Uterosacral ligament suspension),No,No,4,3,Center
17,9:17:42 AM,9:17:47 AM,00:05,USLS (Uterosacral ligament suspension),No,No,4,3,Center
25,9:17:47 AM,9:17:57 AM,00:10,USLS (Uterosacral ligament suspension),No,No,4,3,Center
29,9:17:57 AM,9:17:58 AM,00:01,USLS (Uterosacral ligament suspension),No,No,4,3,Center
31,9:17:58 AM,9:18:00 AM,00:02,USLS (Uterosacral ligament suspension),No,No,4,3,Center
32,9:18:00 AM,9:18:11 AM,00:11,USLS (Uterosacral ligament suspension),No,No,4,3,Center
31,9:18:11 AM,9:18:13 AM,00:02,USLS (Uterosacral ligament suspension),No,No,4,3,Center
27,9:18:13 AM,9:18:14 AM,00:01,USLS (Uterosacral ligament suspension),No,No,4,3,Center
25,9:18:14 AM,9:18:16 AM,00:02,USLS (Uterosacral ligament suspension),No,No,4,3,Center
17,9:18:16 AM,9:18:16 AM,00:00,USLS (Uterosacral ligament suspension),No,No,4,3,Center
1,9:18:16 AM,9:18:22 AM,00:06,USLS (Uterosacral ligament suspension),No,No,4,3,Center
17,9:18:22 AM,9:18:22 AM,00:00,USLS (Uterosacral ligament suspension),No,No,4,3,Center
25,9:18:22 AM,9:18:25 AM,00:03,USLS (Uterosacral ligament suspension),No,No,4,3,Center
9,9:18:25 AM,9:18:26 AM,00:01,USLS (Uterosacral ligament suspension),No,No,4,3,Center
1,9:18:26 AM,9:18:35 AM,00:09,USLS (Uterosacral ligament suspension),No,No,4,3,Center
9,9:18:35 AM,9:18:38 AM,00:03,USLS (Uterosacral ligament suspension),No,No,4,3,Center
25,9:18:38 AM,9:18:40 AM,00:02,USLS (Uterosacral ligament suspension),No,No,4,3,Center
29,9:18:40 AM,9:18:46 AM,00:06,USLS (Uterosacral ligament suspension),No,No,4,3,Center
31,9:18:46 AM,9:18:48 AM,00:02,USLS (Uterosacral ligament suspension),No,No,4,3,Center
32,9:18:48 AM,9:19:05 AM,00:17,USLS (Uterosacral ligament suspension),No,No,4,3,Center
31,9:19:05 AM,9:19:08 AM,00:03,USLS (Uterosacral ligament suspension),No,No,4,3,Center
27,9:19:08 AM,9:19:11 AM,00:03,USLS (Uterosacral ligament suspension),No,No,4,3,Center
25,9:19:11 AM,9:19:12 AM,00:01,USLS (Uterosacral ligament suspension),No,No,4,3,Center
17,9:19:12 AM,9:19:13 AM,00:01,USLS (Uterosacral ligament suspension),No,No,4,3,Center
1,9:19:13 AM,9:19:15 AM,00:02,USLS (Uterosacral ligament suspension),No,No,4,3,Center
9,9:19:15 AM,9:19:22 AM,00:07,USLS (Uterosacral ligament suspension),No,No,4,3,Center
25,9:19:22 AM,9:19:23 AM,00:01,USLS (Uterosacral ligament suspension),No,No,4,3,Center
17,9:19:23 AM,9:19:24 AM,00:01,USLS (Uterosacral ligament suspension),No,No,4,3,Center
1,9:19:24 AM,9:19:25 AM,00:01,USLS (Uterosacral ligament suspension),No,No,4,3,Center
17,9:19:25 AM,9:19:44 AM,00:19,USLS (Uterosacral ligament suspension),No,No,4,3,Center
1,9:19:44 AM,9:19:58 AM,00:14,USLS (Uterosacral ligament suspension),No,No,4,3,Center
17,9:19:58 AM,9:20:01 AM,00:03,USLS (Uterosacral ligament suspension),No,No,4,3,Center
1,9:20:01 AM,9:20:18 AM,00:17,USLS (Uterosacral ligament suspension),No,No,4,3,Center
17,9:21:49 AM,9:21:55 AM,00:06,AR (Anterior repair),No,No,5,4,Center
1,9:21:55 AM,9:22:06 AM,00:11,AR (Anterior repair),No,No,5,4,Center
17,9:22:06 AM,9:22:15 AM,00:09,AR (Anterior repair),No,No,5,4,Center
1,9:22:15 AM,9:22:18 AM,00:03,AR (Anterior repair),No,No,5,4,Center
17,9:22:18 AM,9:22:24 AM,00:06,AR (Anterior repair),No,No,5,4,Center
21,9:22:24 AM,9:22:26 AM,00:02,AR (Anterior repair),No,No,5,4,Center
17,9:22:26 AM,9:22:26 AM,00:00,AR (Anterior repair),No,No,5,4,Center
1,9:22:26 AM,9:22:33 AM,00:07,AR (Anterior repair),No,No,5,4,Center
5,9:22:33 AM,9:22:45 AM,00:12,AR (Anterior repair),No,No,5,4,Center
21,9:22:45 AM,9:22:46 AM,00:01,AR (Anterior repair),No,No,5,4,Center
5,9:22:46 AM,9:22:47 AM,00:01,AR (Anterior repair),No,No,5,4,Center
1,9:22:47 AM,9:22:49 AM,00:02,AR (Anterior repair),No,No,5,4,Center
17,9:22:49 AM,9:22:50 AM,00:01,AR (Anterior repair),No,No,5,4,Center
25,9:22:50 AM,9:23:04 AM,00:14,AR (Anterior repair),No,No,5,4,Center
9,9:23:04 AM,9:23:04 AM,00:00,AR (Anterior repair),No,No,5,4,Center
1,9:23:04 AM,9:23:37 AM,00:33,AR (Anterior repair),No,No,5,4,Center
5,9:23:37 AM,9:25:11 AM,01:34,AR (Anterior repair),No,No,5,4,Center
21,9:25:11 AM,9:25:13 AM,00:02,AR (Anterior repair),No,No,5,4,Center
29,9:25:13 AM,9:25:14 AM,00:01,AR (Anterior repair),No,No,5,4,Center
21,9:25:14 AM,9:25:49 AM,00:35,AR (Anterior repair),No,No,5,4,Center
5,9:25:49 AM,9:25:52 AM,00:03,AR (Anterior repair),No,No,5,4,Center
21,9:25:52 AM,9:25:54 AM,00:02,AR (Anterior repair),No,No,5,4,Center
29,9:25:54 AM,9:26:13 AM,00:19,AR (Anterior repair),No,No,5,4,Center
25,9:26:13 AM,9:26:27 AM,00:14,AR (Anterior repair),No,No,5,4,Center
9,9:26:27 AM,9:26:55 AM,00:28,AR (Anterior repair),No,No,5,4,Center
1,9:26:55 AM,9:27:25 AM,00:30,AR (Anterior repair),No,No,5,4,Center
9,9:27:25 AM,9:27:45 AM,00:20,AR (Anterior repair),No,No,5,4,Center
1,9:27:45 AM,9:27:45 AM,00:00,AR (Anterior repair),No,No,5,4,Center
17,9:27:45 AM,9:28:25 AM,00:40,AR (Anterior repair),No,No,5,4,Center
25,9:28:25 AM,9:28:42 AM,00:17,AR (Anterior repair),No,No,5,4,Center
9,9:28:42 AM,9:28:44 AM,00:02,AR (Anterior repair),No,No,5,4,Center
1,9:28:44 AM,9:28:46 AM,00:02,AR (Anterior repair),No,No,5,4,Center
9,9:28:46 AM,9:29:15 AM,00:29,AR (Anterior repair),No,No,5,4,Center
13,9:29:15 AM,9:29:19 AM,00:04,AR (Anterior repair),No,No,5,4,Center
14,9:29:19 AM,9:29:37 AM,00:18,AR (Anterior repair),No,No,5,4,Center
30,9:29:37 AM,9:29:38 AM,00:01,AR (Anterior repair),No,No,5,4,Center
26,9:29:38 AM,9:29:39 AM,00:01,AR (Anterior repair),No,No,5,4,Center
18,9:29:39 AM,9:29:42 AM,00:03,AR (Anterior repair),No,No,5,4,Center
17,9:29:42 AM,9:30:18 AM,00:36,AR (Anterior repair),No,No,5,4,Center
1,9:30:18 AM,9:31:26 AM,01:08,AR (Anterior repair),No,No,5,4,Center
5,9:31:26 AM,9:31:45 AM,00:19,AR (Anterior repair),No,No,5,4,Center
1,9:31:45 AM,9:32:06 AM,00:21,AR (Anterior repair),No,No,5,4,Center
9,9:32:06 AM,9:32:08 AM,00:02,AR (Anterior repair),No,No,5,4,Center
25,9:32:08 AM,9:32:10 AM,00:02,AR (Anterior repair),No,No,5,4,Center
17,9:32:10 AM,9:32:20 AM,00:10,AR (Anterior repair),No,No,5,4,Center
25,9:32:20 AM,9:32:39 AM,00:19,AR (Anterior repair),No,No,5,4,Center
17,9:32:39 AM,9:32:50 AM,00:11,AR (Anterior repair),No,No,5,4,Center
1,9:32:50 AM,9:32:55 AM,00:05,AR (Anterior repair),No,No,5,4,Center
17,9:32:55 AM,9:33:03 AM,00:08,AR (Anterior repair),No,No,5,4,Center
25,9:33:03 AM,9:33:11 AM,00:08,AR (Anterior repair),No,No,5,4,Center
9,9:33:11 AM,9:33:39 AM,00:28,AR (Anterior repair),No,No,5,4,Center
1,9:33:39 AM,9:34:15 AM,00:36,AR (Anterior repair),No,No,5,4,Center
9,9:34:15 AM,9:34:33 AM,00:18,AR (Anterior repair),No,No,5,4,Center
1,9:34:33 AM,9:35:11 AM,00:38,AR (Anterior repair),No,No,5,4,Center
9,9:35:11 AM,9:35:12 AM,00:01,AR (Anterior repair),No,No,5,4,Center
1,9:35:12 AM,9:35:15 AM,00:03,AR (Anterior repair),No,No,5,4,Center
9,9:35:15 AM,9:35:16 AM,00:01,AR (Anterior repair),No,No,5,4,Center
1,9:35:16 AM,9:35:17 AM,00:01,AR (Anterior repair),No,No,5,4,Center
9,9:35:17 AM,9:35:17 AM,00:00,AR (Anterior repair),No,No,5,4,Center
1,9:35:17 AM,9:35:30 AM,00:13,AR (Anterior repair),No,No,5,4,Center
9,9:35:30 AM,9:35:55 AM,00:25,AR (Anterior repair),No,No,5,4,Center
1,9:35:55 AM,9:35:57 AM,00:02,AR (Anterior repair),No,No,5,4,Center
17,9:35:57 AM,9:35:58 AM,00:01,AR (Anterior repair),No,No,5,4,Center
25,9:35:58 AM,9:36:01 AM,00:03,AR (Anterior repair),No,No,5,4,Center
17,9:36:01 AM,9:36:01 AM,00:00,AR (Anterior repair),No,No,5,4,Center
1,9:36:01 AM,9:36:11 AM,00:10,AR (Anterior repair),No,No,5,4,Center
9,9:36:11 AM,9:36:22 AM,00:11,AR (Anterior repair),No,No,5,4,Center
1,9:36:22 AM,9:36:25 AM,00:03,AR (Anterior repair),No,No,5,4,Center
9,9:36:25 AM,9:36:34 AM,00:09,AR (Anterior repair),No,No,5,4,Center
1,9:36:34 AM,9:37:19 AM,00:45,AR (Anterior repair),No,No,5,4,Center
9,9:37:19 AM,9:37:22 AM,00:03,AR (Anterior repair),No,No,5,4,Center
25,9:37:22 AM,9:37:55 AM,00:33,AR (Anterior repair),No,No,5,4,Center
9,9:37:55 AM,9:38:02 AM,00:07,AR (Anterior repair),No,No,5,4,Center
1,9:38:02 AM,9:38:11 AM,00:09,AR (Anterior repair),No,No,5,4,Center
9,9:38:11 AM,9:38:13 AM,00:02,AR (Anterior repair),No,No,5,4,Center
1,9:38:13 AM,9:39:00 AM,00:47,AR (Anterior repair),No,No,5,4,Center
17,9:39:00 AM,9:39:03 AM,00:03,AR (Anterior repair),No,No,5,4,Center
1,9:39:03 AM,9:39:08 AM,00:05,AR (Anterior repair),No,No,5,4,Center
17,9:39:08 AM,9:39:09 AM,00:01,AR (Anterior repair),No,No,5,4,Center
1,9:39:09 AM,9:39:20 AM,00:11,AR (Anterior repair),No,No,5,4,Center
17,9:39:20 AM,9:39:55 AM,00:35,AR (Anterior repair),No,No,5,4,Center
1,9:39:55 AM,9:40:08 AM,00:13,AR (Anterior repair),No,No,5,4,Center
9,9:41:46 AM,9:41:48 AM,00:02,USLS (Uterosacral ligament suspension),No,No,6,5,Center
1,9:41:48 AM,9:41:50 AM,00:02,USLS (Uterosacral ligament suspension),No,No,6,5,Center
9,9:41:50 AM,9:42:04 AM,00:14,USLS (Uterosacral ligament suspension),No,No,6,5,Center
25,9:42:04 AM,9:42:07 AM,00:03,USLS (Uterosacral ligament suspension),No,No,6,5,Center
26,9:42:07 AM,9:42:10 AM,00:03,USLS (Uterosacral ligament suspension),No,No,6,5,Center
28,9:42:10 AM,9:42:18 AM,00:08,USLS (Uterosacral ligament suspension),No,No,6,5,Center
27,9:42:18 AM,9:42:19 AM,00:01,USLS (Uterosacral ligament suspension),No,No,6,5,Center
19,9:42:19 AM,9:42:20 AM,00:01,USLS (Uterosacral ligament suspension),No,No,6,5,Center
17,9:42:20 AM,9:42:20 AM,00:00,USLS (Uterosacral ligament suspension),No,No,6,5,Center
1,9:42:20 AM,9:42:23 AM,00:03,USLS (Uterosacral ligament suspension),No,No,6,5,Center
9,9:42:23 AM,9:42:27 AM,00:04,USLS (Uterosacral ligament suspension),No,No,6,5,Center
25,9:42:27 AM,9:42:51 AM,00:24,USLS (Uterosacral ligament suspension),No,No,6,5,Center
27,9:42:51 AM,9:43:03 AM,00:12,USLS (Uterosacral ligament suspension),No,No,6,5,Center
25,9:43:03 AM,9:43:13 AM,00:10,USLS (Uterosacral ligament suspension),No,No,6,5,Center
26,9:43:13 AM,9:43:42 AM,00:29,USLS (Uterosacral ligament suspension),No,No,6,5,Center
30,9:43:42 AM,9:43:54 AM,00:12,USLS (Uterosacral ligament suspension),No,No,6,5,Center
26,9:43:54 AM,9:43:55 AM,00:01,USLS (Uterosacral ligament suspension),No,No,6,5,Center
25,9:43:55 AM,9:43:59 AM,00:04,USLS (Uterosacral ligament suspension),No,No,6,5,Center
17,9:43:59 AM,9:44:00 AM,00:01,USLS (Uterosacral ligament suspension),No,No,6,5,Center
1,9:44:00 AM,9:44:30 AM,00:30,USLS (Uterosacral ligament suspension),No,No,6,5,Center
3,9:44:30 AM,9:44:31 AM,00:01,USLS (Uterosacral ligament suspension),No,No,6,5,Center
11,9:44:31 AM,9:44:54 AM,00:23,USLS (Uterosacral ligament suspension),No,No,6,5,Center
9,9:44:54 AM,9:44:55 AM,00:01,USLS (Uterosacral ligament suspension),No,No,6,5,Center
1,9:44:55 AM,9:45:02 AM,00:07,USLS (Uterosacral ligament suspension),No,No,6,5,Center
17,9:45:02 AM,9:45:25 AM,00:23,USLS (Uterosacral ligament suspension),No,No,6,5,Center
21,9:45:25 AM,9:45:49 AM,00:24,USLS (Uterosacral ligament suspension),No,No,6,5,Center
5,9:45:49 AM,9:45:50 AM,00:01,USLS (Uterosacral ligament suspension),No,No,6,5,Center
1,9:45:50 AM,9:46:20 AM,00:30,USLS (Uterosacral ligament suspension),No,No,6,5,Center
9,9:46:20 AM,9:46:27 AM,00:07,USLS (Uterosacral ligament suspension),No,No,6,5,Center
25,9:46:27 AM,9:46:28 AM,00:01,USLS (Uterosacral ligament suspension),No,No,6,5,Center
17,9:46:28 AM,9:46:47 AM,00:19,USLS (Uterosacral ligament suspension),No,No,6,5,Center
1,9:46:47 AM,9:46:55 AM,00:08,USLS (Uterosacral ligament suspension),No,No,6,5,Center
5,9:46:55 AM,9:47:01 AM,00:06,USLS (Uterosacral ligament suspension),No,No,6,5,Center
21,9:47:01 AM,9:47:03 AM,00:02,USLS (Uterosacral ligament suspension),No,No,6,5,Center
17,9:47:03 AM,9:47:37 AM,00:34,USLS (Uterosacral ligament suspension),No,No,6,5,Center
21,9:47:37 AM,9:47:38 AM,00:01,USLS (Uterosacral ligament suspension),No,No,6,5,Center
23,9:47:38 AM,9:47:58 AM,00:20,USLS (Uterosacral ligament suspension),No,No,6,5,Center
21,9:47:58 AM,9:47:58 AM,00:00,USLS (Uterosacral ligament suspension),No,No,6,5,Center
17,9:47:58 AM,9:48:00 AM,00:02,USLS (Uterosacral ligament suspension),No,No,6,5,Center
1,9:48:00 AM,9:48:10 AM,00:10,USLS (Uterosacral ligament suspension),No,No,6,5,Center
9,9:48:10 AM,9:48:15 AM,00:05,USLS (Uterosacral ligament suspension),No,No,6,5,Center
1,9:48:15 AM,9:48:33 AM,00:18,USLS (Uterosacral ligament suspension),No,No,6,5,Center
9,9:48:33 AM,9:49:05 AM,00:32,USLS (Uterosacral ligament suspension),No,No,6,5,Center
1,9:49:05 AM,9:49:30 AM,00:25,USLS (Uterosacral ligament suspension),No,No,6,5,Center
9,9:49:30 AM,9:49:42 AM,00:12,USLS (Uterosacral ligament suspension),No,No,6,5,Center
1,9:49:42 AM,9:49:44 AM,00:02,USLS (Uterosacral ligament suspension),No,No,6,5,Center
17,9:49:44 AM,9:49:47 AM,00:03,USLS (Uterosacral ligament suspension),No,No,6,5,Center
1,9:49:47 AM,9:49:56 AM,00:09,USLS (Uterosacral ligament suspension),No,No,6,5,Center
9,9:49:56 AM,9:50:14 AM,00:18,USLS (Uterosacral ligament suspension),No,No,6,5,Center
13,9:50:14 AM,9:50:53 AM,00:39,USLS (Uterosacral ligament suspension),No,No,6,5,Center
5,9:50:53 AM,9:50:55 AM,00:02,USLS (Uterosacral ligament suspension),No,No,6,5,Center
1,9:50:55 AM,9:51:16 AM,00:21,USLS (Uterosacral ligament suspension),No,No,6,5,Center
17,9:51:16 AM,9:51:19 AM,00:03,USLS (Uterosacral ligament suspension),No,No,6,5,Center
1,9:51:19 AM,9:51:24 AM,00:05,USLS (Uterosacral ligament suspension),No,No,6,5,Center
9,9:51:24 AM,9:51:26 AM,00:02,USLS (Uterosacral ligament suspension),No,No,6,5,Center
1,9:51:26 AM,9:52:09 AM,00:43,USLS (Uterosacral ligament suspension),No,No,6,5,Center
9,9:52:09 AM,9:52:15 AM,00:06,USLS (Uterosacral ligament suspension),No,No,6,5,Center
1,9:52:15 AM,9:52:30 AM,00:15,USLS (Uterosacral ligament suspension),No,No,6,5,Center
17,9:52:30 AM,9:52:51 AM,00:21,USLS (Uterosacral ligament suspension),No,No,6,5,Center
1,9:52:51 AM,9:53:05 AM,00:14,USLS (Uterosacral ligament suspension),No,No,6,5,Center
9,9:53:05 AM,9:53:20 AM,00:15,USLS (Uterosacral ligament suspension),No,No,6,5,Center
1,9:53:20 AM,9:53:56 AM,00:36,USLS (Uterosacral ligament suspension),No,No,6,5,Center
9,9:53:56 AM,9:53:58 AM,00:02,USLS (Uterosacral ligament suspension),No,No,6,5,Center
25,9:53:58 AM,9:54:04 AM,00:06,USLS (Uterosacral ligament suspension),No,No,6,5,Center
17,9:54:04 AM,9:54:15 AM,00:11,USLS (Uterosacral ligament suspension),No,No,6,5,Center
1,9:54:15 AM,9:54:35 AM,00:20,USLS (Uterosacral ligament suspension),No,No,6,5,Center
17,9:54:35 AM,9:54:40 AM,00:05,USLS (Uterosacral ligament suspension),No,No,6,5,Center
1,9:54:40 AM,9:55:14 AM,00:34,USLS (Uterosacral ligament suspension),No,No,6,5,Center
17,9:55:14 AM,9:55:16 AM,00:02,USLS (Uterosacral ligament suspension),No,No,6,5,Center
1,9:55:16 AM,9:55:51 AM,00:35,USLS (Uterosacral ligament suspension),No,No,6,5,Center
17,9:55:51 AM,9:55:56 AM,00:05,USLS (Uterosacral ligament suspension),No,No,6,5,Center
25,9:55:56 AM,9:55:57 AM,00:01,USLS (Uterosacral ligament suspension),No,No,6,5,Center
9,9:55:57 AM,9:56:00 AM,00:03,USLS (Uterosacral ligament suspension),No,No,6,5,Center
1,9:56:00 AM,9:56:02 AM,00:02,USLS (Uterosacral ligament suspension),No,No,6,5,Center
17,9:56:02 AM,9:56:04 AM,00:02,USLS (Uterosacral ligament suspension),No,No,6,5,Center
1,9:56:04 AM,9:56:16 AM,00:12,USLS (Uterosacral ligament suspension),No,No,6,5,Center
17,9:56:16 AM,9:56:17 AM,00:01,USLS (Uterosacral ligament suspension),No,No,6,5,Center
25,9:56:17 AM,9:57:09 AM,00:52,USLS (Uterosacral ligament suspension),No,No,6,5,Center
9,9:57:09 AM,9:57:10 AM,00:01,USLS (Uterosacral ligament suspension),No,No,6,5,Center
1,9:57:10 AM,9:57:12 AM,00:02,USLS (Uterosacral ligament suspension),No,No,6,5,Center
17,9:57:12 AM,9:57:16 AM,00:04,USLS (Uterosacral ligament suspension),No,No,6,5,Center
1,9:57:16 AM,9:57:34 AM,00:18,USLS (Uterosacral ligament suspension),No,No,6,5,Center
9,9:57:34 AM,9:57:46 AM,00:12,USLS (Uterosacral ligament suspension),No,No,6,5,Center
25,9:57:46 AM,9:58:06 AM,00:20,USLS (Uterosacral ligament suspension),No,No,6,5,Center
9,9:58:06 AM,9:58:07 AM,00:01,USLS (Uterosacral ligament suspension),No,No,6,5,Center
1,9:58:07 AM,9:58:36 AM,00:29,USLS (Uterosacral ligament suspension),No,No,6,5,Center
9,9:58:36 AM,9:58:37 AM,00:01,USLS (Uterosacral ligament suspension),No,No,6,5,Center
25,9:58:37 AM,9:58:44 AM,00:07,USLS (Uterosacral ligament suspension),No,No,6,5,Center
27,9:58:44 AM,9:59:48 AM,01:04,USLS (Uterosacral ligament suspension),No,No,6,5,Center
25,9:59:48 AM,10:01:57 AM,02:09,USLS (Uterosacral ligament suspension),No,No,6,5,Center
17,10:01:57 AM,10:02:01 AM,00:04,USLS (Uterosacral ligament suspension),No,No,6,5,Center
1,10:02:01 AM,10:02:23 AM,00:22,USLS (Uterosacral ligament suspension),No,No,6,5,Center
17,10:02:23 AM,10:02:27 AM,00:04,USLS (Uterosacral ligament suspension),No,No,6,5,Center
25,10:02:27 AM,10:02:41 AM,00:14,USLS (Uterosacral ligament suspension),No,No,6,5,Center
17,10:02:41 AM,10:02:45 AM,00:04,USLS (Uterosacral ligament suspension),No,No,6,5,Center
25,10:02:45 AM,10:02:48 AM,00:03,USLS (Uterosacral ligament suspension),No,No,6,5,Center
9,10:02:48 AM,10:03:06 AM,00:18,USLS (Uterosacral ligament suspension),No,No,6,5,Center
1,10:03:06 AM,10:03:08 AM,00:02,USLS (Uterosacral ligament suspension),No,No,6,5,Center
9,10:12:47 AM,10:13:23 AM,00:36,TVH (Transvaginal hysterectomy),No,No,9,9,Center
25,10:13:23 AM,10:13:25 AM,00:02,TVH (Transvaginal hysterectomy),No,No,9,9,Center
26,10:13:25 AM,10:13:25 AM,00:00,TVH (Transvaginal hysterectomy),No,No,9,9,Center
25,10:13:25 AM,10:13:32 AM,00:07,TVH (Transvaginal hysterectomy),No,No,9,9,Center
9,10:13:32 AM,10:13:59 AM,00:27,TVH (Transvaginal hysterectomy),No,No,9,9,Center
25,10:13:59 AM,10:14:04 AM,00:05,TVH (Transvaginal hysterectomy),No,No,9,9,Center
17,10:14:04 AM,10:15:26 AM,01:22,TVH (Transvaginal hysterectomy),No,No,9,9,Center
25,10:15:26 AM,10:15:31 AM,00:05,TVH (Transvaginal hysterectomy),No,No,9,9,Center
17,10:15:31 AM,10:16:32 AM,01:01,TVH (Transvaginal hysterectomy),No,No,9,9,Center
1,10:16:32 AM,10:16:34 AM,00:02,TVH (Transvaginal hysterectomy),No,No,9,9,Center
9,10:16:34 AM,10:16:48 AM,00:14,TVH (Transvaginal hysterectomy),No,No,9,9,Center
1,10:16:48 AM,10:16:52 AM,00:04,TVH (Transvaginal hysterectomy),No,No,9,9,Center
9,10:16:52 AM,10:17:04 AM,00:12,TVH (Transvaginal hysterectomy),No,No,9,9,Center
25,10:17:04 AM,10:17:16 AM,00:12,TVH (Transvaginal hysterectomy),No,No,9,9,Center
9,10:17:16 AM,10:17:21 AM,00:05,TVH (Transvaginal hysterectomy),No,No,9,9,Center
1,10:17:21 AM,10:17:50 AM,00:29,TVH (Transvaginal hysterectomy),No,No,9,9,Center
3,10:20:08 AM,10:20:10 AM,00:02,PR (Posterior repair),No,No,10,10,Center
19,10:20:10 AM,10:20:19 AM,00:09,PR (Posterior repair),No,No,10,10,Center
3,10:20:19 AM,10:20:19 AM,00:00,PR (Posterior repair),No,No,10,10,Center
1,10:20:19 AM,10:21:55 AM,01:36,PR (Posterior repair),No,No,10,10,Center
17,10:21:55 AM,10:22:28 AM,00:33,PR (Posterior repair),No,No,10,10,Center
1,10:22:28 AM,10:22:48 AM,00:20,PR (Posterior repair),No,No,10,10,Center
9,10:22:48 AM,10:22:58 AM,00:10,PR (Posterior repair),No,No,10,10,Center
25,10:22:58 AM,10:23:26 AM,00:28,PR (Posterior repair),No,No,10,10,Center
9,10:23:26 AM,10:23:27 AM,00:01,PR (Posterior repair),No,No,10,10,Center
1,10:23:27 AM,10:25:03 AM,01:36,PR (Posterior repair),No,No,10,10,Center
17,10:25:03 AM,10:25:12 AM,00:09,PR (Posterior repair),No,No,10,10,Center
21,10:25:12 AM,10:25:55 AM,00:43,PR (Posterior repair),No,No,10,10,Center
17,10:25:55 AM,10:26:05 AM,00:10,PR (Posterior repair),No,No,10,10,Center
1,10:26:05 AM,10:26:30 AM,00:25,PR (Posterior repair),No,No,10,10,Center
5,10:26:30 AM,10:26:34 AM,00:04,PR (Posterior repair),No,No,10,10,Center
1,10:26:34 AM,10:26:56 AM,00:22,PR (Posterior repair),No,No,10,10,Center
9,10:26:56 AM,10:27:07 AM,00:11,PR (Posterior repair),No,No,10,10,Center
1,10:27:07 AM,10:27:10 AM,00:03,PR (Posterior repair),No,No,10,10,Center
9,10:27:10 AM,10:28:22 AM,01:12,PR (Posterior repair),No,No,10,10,Center
1,10:28:22 AM,10:28:28 AM,00:06,PR (Posterior repair),No,No,10,10,Center
17,10:28:28 AM,10:28:40 AM,00:12,PR (Posterior repair),No,No,10,10,Center
1,10:28:40 AM,10:29:23 AM,00:43,PR (Posterior repair),No,No,10,10,Center
9,10:29:23 AM,10:29:25 AM,00:02,PR (Posterior repair),No,No,10,10,Center
1,10:29:25 AM,10:29:35 AM,00:10,PR (Posterior repair),No,No,10,10,Center
9,10:29:35 AM,10:29:48 AM,00:13,PR (Posterior repair),No,No,10,10,Center
1,10:29:48 AM,10:30:40 AM,00:52,PR (Posterior repair),No,No,10,10,Center
9,10:30:40 AM,10:31:10 AM,00:30,PR (Posterior repair),No,No,10,10,Center
1,10:31:10 AM,10:31:12 AM,00:02,PR (Posterior repair),No,No,10,10,Center
3,10:31:12 AM,10:31:15 AM,00:03,PR (Posterior repair),No,No,10,10,Center
1,10:31:15 AM,10:31:35 AM,00:20,PR (Posterior repair),No,No,10,10,Center
3,10:31:35 AM,10:31:38 AM,00:03,PR (Posterior repair),No,No,10,10,Center
1,10:31:38 AM,10:33:05 AM,01:27,PR (Posterior repair),No,No,10,10,Center
17,10:33:05 AM,10:33:32 AM,00:27,PR (Posterior repair),No,No,10,10,Center
25,10:33:32 AM,10:33:50 AM,00:18,PR (Posterior repair),No,No,10,10,Center
9,10:33:50 AM,10:33:51 AM,00:01,PR (Posterior repair),No,No,10,10,Center
1,10:33:51 AM,10:34:30 AM,00:39,PR (Posterior repair),No,No,10,10,Center
17,10:34:30 AM,10:34:34 AM,00:04,PR (Posterior repair),No,No,10,10,Center
1,10:34:34 AM,10:34:39 AM,00:05,PR (Posterior repair),No,No,10,10,Center
9,10:34:39 AM,10:34:40 AM,00:01,PR (Posterior repair),No,No,10,10,Center
1,10:34:40 AM,10:34:44 AM,00:04,PR (Posterior repair),No,No,10,10,Center
17,10:34:44 AM,10:34:45 AM,00:01,PR (Posterior repair),No,No,10,10,Center
19,10:34:45 AM,10:35:00 AM,00:15,PR (Posterior repair),No,No,10,10,Center
17,10:35:00 AM,10:35:08 AM,00:08,PR (Posterior repair),No,No,10,10,Center
19,10:35:08 AM,10:35:09 AM,00:01,PR (Posterior repair),No,No,10,10,Center
3,10:35:09 AM,10:35:12 AM,00:03,PR (Posterior repair),No,No,10,10,Center
1,10:35:12 AM,10:35:14 AM,00:02,PR (Posterior repair),No,No,10,10,Center
3,10:35:14 AM,10:35:21 AM,00:07,PR (Posterior repair),No,No,10,10,Center
1,10:35:21 AM,10:35:27 AM,00:06,PR (Posterior repair),No,No,10,10,Center
3,10:35:27 AM,10:35:55 AM,00:28,PR (Posterior repair),No,No,10,10,Center
1,10:35:55 AM,10:36:03 AM,00:08,PR (Posterior repair),No,No,10,10,Center
3,10:36:03 AM,10:36:05 AM,00:02,PR (Posterior repair),No,No,10,10,Center
1,10:36:05 AM,10:36:08 AM,00:03,PR (Posterior repair),No,No,10,10,Center
3,10:36:08 AM,10:36:14 AM,00:06,PR (Posterior repair),No,No,10,10,Center
1,10:36:14 AM,10:36:15 AM,00:01,PR (Posterior repair),No,No,10,10,Center
17,10:36:15 AM,10:36:16 AM,00:01,PR (Posterior repair),No,No,10,10,Center
1,10:36:16 AM,10:36:26 AM,00:10,PR (Posterior repair),No,No,10,10,Center
3,10:36:26 AM,10:36:28 AM,00:02,PR (Posterior repair),No,No,10,10,Center
19,10:36:28 AM,10:36:29 AM,00:01,PR (Posterior repair),No,No,10,10,Center
3,10:36:29 AM,10:36:30 AM,00:01,PR (Posterior repair),No,No,10,10,Center
1,10:36:30 AM,10:36:47 AM,00:17,PR (Posterior repair),No,No,10,10,Center
17,10:36:47 AM,10:36:50 AM,00:03,PR (Posterior repair),No,No,10,10,Center
1,10:36:50 AM,10:37:28 AM,00:38,PR (Posterior repair),No,No,10,10,Center
17,10:37:28 AM,10:38:02 AM,00:34,PR (Posterior repair),No,No,10,10,Center
1,10:38:02 AM,10:38:21 AM,00:19,PR (Posterior repair),No,No,10,10,Center
17,10:38:21 AM,10:38:26 AM,00:05,PR (Posterior repair),No,No,10,10,Center
19,10:38:26 AM,10:38:27 AM,00:01,PR (Posterior repair),No,No,10,10,Center
27,10:38:27 AM,10:38:27 AM,00:00,PR (Posterior repair),No,No,10,10,Center
25,10:38:27 AM,10:39:18 AM,00:51,PR (Posterior repair),No,No,10,10,Center
9,10:39:18 AM,10:39:21 AM,00:03,PR (Posterior repair),No,No,10,10,Center
1,10:39:21 AM,10:40:25 AM,01:04,PR (Posterior repair),No,No,10,10,Center
9,10:40:25 AM,10:40:31 AM,00:06,PR (Posterior repair),No,No,10,10,Center
1,10:40:31 AM,10:41:27 AM,00:56,PR (Posterior repair),No,No,10,10,Center
9,10:41:27 AM,10:41:28 AM,00:01,PR (Posterior repair),No,No,11,10,Center
1,10:41:28 AM,10:41:55 AM,00:27,PR (Posterior repair),No,No,11,10,Center
9,10:41:55 AM,10:42:05 AM,00:10,PR (Posterior repair),No,No,11,10,Center
25,10:42:05 AM,10:42:34 AM,00:29,PR (Posterior repair),No,No,11,10,Center
17,10:42:34 AM,10:42:34 AM,00:00,PR (Posterior repair),No,No,11,10,Center
1,10:42:34 AM,10:42:54 AM,00:20,PR (Posterior repair),No,No,11,10,Center
17,10:42:54 AM,10:43:06 AM,00:12,PR (Posterior repair),No,No,11,10,Center
1,10:43:06 AM,10:43:06 AM,00:00,PR (Posterior repair),No,No,11,10,Center
