Posture Code,Start ,End,Duration,Task Code,Stool Usage,Sitting,Bed Code,Patient Code,Location
1,8:15:31 AM,8:15:58 AM,00:27,TVH (Transvaginal hysterectomy),No,Yes,1,1,Center
2,8:15:58 AM,8:16:04 AM,00:06,TVH (Transvaginal hysterectomy),No,Yes,1,1,Center
1,8:16:04 AM,8:16:35 AM,00:31,TVH (Transvaginal hysterectomy),No,Yes,1,1,Center
17,8:16:35 AM,8:16:48 AM,00:13,TVH (Transvaginal hysterectomy),No,Yes,1,1,Center
1,8:16:48 AM,8:16:56 AM,00:08,TVH (Transvaginal hysterectomy),No,Yes,2,1,Center
2,8:16:56 AM,8:16:57 AM,00:01,TVH (Transvaginal hysterectomy),No,Yes,2,1,Center
1,8:16:57 AM,8:17:49 AM,00:52,TVH (Transvaginal hysterectomy),No,Yes,2,1,Center
17,8:17:49 AM,8:17:52 AM,00:03,TVH (Transvaginal hysterectomy),No,Yes,2,1,Center
1,8:17:52 AM,8:18:26 AM,00:34,TVH (Transvaginal hysterectomy),No,Yes,2,1,Center
17,8:18:26 AM,8:18:30 AM,00:04,TVH (Transvaginal hysterectomy),No,Yes,2,1,Center
1,8:18:30 AM,8:18:34 AM,00:04,TVH (Transvaginal hysterectomy),No,Yes,2,1,Center
17,8:18:34 AM,8:18:48 AM,00:14,TVH (Transvaginal hysterectomy),No,Yes,2,1,Center
25,8:18:48 AM,8:18:56 AM,00:08,TVH (Transvaginal hysterectomy),No,Yes,2,1,Center
9,8:18:56 AM,8:19:03 AM,00:07,TVH (Transvaginal hysterectomy),No,Yes,2,1,Center
25,8:19:03 AM,8:19:15 AM,00:12,TVH (Transvaginal hysterectomy),No,Yes,2,1,Center
17,8:19:15 AM,8:19:19 AM,00:04,TVH (Transvaginal hysterectomy),No,Yes,2,1,Center
1,8:19:19 AM,8:19:27 AM,00:08,TVH (Transvaginal hysterectomy),No,Yes,2,1,Center
17,8:19:27 AM,8:19:33 AM,00:06,TVH (Transvaginal hysterectomy),No,Yes,2,1,Center
1,8:19:33 AM,8:19:57 AM,00:24,TVH (Transvaginal hysterectomy),No,Yes,2,1,Center
17,8:19:57 AM,8:20:05 AM,00:08,TVH (Transvaginal hysterectomy),No,Yes,2,1,Center
25,8:20:05 AM,8:20:18 AM,00:13,TVH (Transvaginal hysterectomy),No,Yes,2,1,Center
17,8:20:18 AM,8:20:23 AM,00:05,TVH (Transvaginal hysterectomy),No,Yes,2,1,Center
1,8:20:23 AM,8:21:01 AM,00:38,TVH (Transvaginal hysterectomy),No,Yes,2,1,Center
17,8:21:01 AM,8:21:04 AM,00:03,TVH (Transvaginal hysterectomy),No,Yes,2,1,Center
1,8:21:04 AM,8:21:11 AM,00:07,TVH (Transvaginal hysterectomy),No,Yes,2,1,Center
17,8:21:11 AM,8:21:13 AM,00:02,TVH (Transvaginal hysterectomy),No,Yes,2,1,Center
1,8:21:13 AM,8:21:28 AM,00:15,TVH (Transvaginal hysterectomy),No,Yes,2,1,Center
17,8:21:28 AM,8:21:34 AM,00:06,TVH (Transvaginal hysterectomy),No,Yes,2,1,Center
1,8:21:34 AM,8:21:49 AM,00:15,TVH (Transvaginal hysterectomy),No,Yes,2,1,Center
9,8:21:49 AM,8:21:52 AM,00:03,TVH (Transvaginal hysterectomy),No,Yes,2,1,Center
25,8:21:52 AM,8:22:02 AM,00:10,TVH (Transvaginal hysterectomy),No,Yes,2,1,Center
17,8:22:02 AM,8:22:14 AM,00:12,TVH (Transvaginal hysterectomy),No,Yes,2,1,Center
1,8:22:14 AM,8:22:24 AM,00:10,TVH (Transvaginal hysterectomy),No,Yes,2,1,Center
17,8:22:24 AM,8:23:10 AM,00:46,TVH (Transvaginal hysterectomy),No,Yes,2,1,Center
1,8:23:10 AM,8:25:06 AM,01:56,TVH (Transvaginal hysterectomy),No,Yes,2,1,Center
17,8:25:06 AM,8:25:18 AM,00:12,TVH (Transvaginal hysterectomy),No,Yes,2,1,Center
1,8:25:18 AM,8:25:43 AM,00:25,TVH (Transvaginal hysterectomy),No,Yes,2,1,Center
17,8:25:43 AM,8:25:45 AM,00:02,TVH (Transvaginal hysterectomy),No,Yes,2,1,Center
1,8:25:45 AM,8:25:58 AM,00:13,TVH (Transvaginal hysterectomy),No,Yes,2,1,Center
17,8:25:58 AM,8:26:10 AM,00:12,TVH (Transvaginal hysterectomy),No,Yes,2,1,Center
1,8:26:10 AM,8:27:09 AM,00:59,TVH (Transvaginal hysterectomy),No,Yes,2,1,Center
17,8:27:09 AM,8:27:24 AM,00:15,TVH (Transvaginal hysterectomy),No,Yes,2,1,Center
1,8:27:24 AM,8:27:30 AM,00:06,TVH (Transvaginal hysterectomy),No,Yes,2,1,Center
17,8:27:30 AM,8:27:33 AM,00:03,TVH (Transvaginal hysterectomy),No,Yes,2,1,Center
1,8:27:33 AM,8:28:22 AM,00:49,TVH (Transvaginal hysterectomy),No,Yes,2,1,Center
17,8:28:22 AM,8:28:23 AM,00:01,TVH (Transvaginal hysterectomy),No,Yes,2,1,Center
25,8:28:23 AM,8:28:27 AM,00:04,TVH (Transvaginal hysterectomy),No,Yes,2,1,Center
17,8:28:27 AM,8:28:29 AM,00:02,TVH (Transvaginal hysterectomy),No,Yes,2,1,Center
1,8:28:29 AM,8:28:32 AM,00:03,TVH (Transvaginal hysterectomy),No,Yes,2,1,Center
17,8:28:32 AM,8:28:37 AM,00:05,TVH (Transvaginal hysterectomy),No,Yes,2,1,Center
1,8:28:37 AM,8:28:54 AM,00:17,TVH (Transvaginal hysterectomy),No,Yes,2,1,Center
17,8:28:54 AM,8:28:55 AM,00:01,TVH (Transvaginal hysterectomy),No,Yes,2,1,Center
1,8:28:55 AM,8:29:13 AM,00:18,TVH (Transvaginal hysterectomy),No,Yes,2,1,Center
2,8:29:13 AM,8:29:26 AM,00:13,TVH (Transvaginal hysterectomy),No,Yes,2,1,Center
1,8:29:26 AM,8:29:38 AM,00:12,TVH (Transvaginal hysterectomy),No,Yes,2,1,Center
5,8:29:38 AM,8:29:42 AM,00:04,TVH (Transvaginal hysterectomy),No,Yes,2,1,Center
6,8:29:42 AM,8:29:53 AM,00:11,TVH (Transvaginal hysterectomy),No,Yes,2,1,Center
2,8:29:53 AM,8:29:58 AM,00:05,TVH (Transvaginal hysterectomy),No,Yes,2,1,Center
1,8:29:58 AM,8:29:59 AM,00:01,TVH (Transvaginal hysterectomy),No,Yes,2,1,Center
17,8:29:59 AM,8:30:01 AM,00:02,TVH (Transvaginal hysterectomy),No,Yes,2,1,Center
1,8:30:01 AM,8:30:39 AM,00:38,TVH (Transvaginal hysterectomy),No,Yes,2,1,Center
17,8:30:39 AM,8:30:41 AM,00:02,TVH (Transvaginal hysterectomy),No,Yes,2,1,Center
1,8:30:41 AM,8:30:46 AM,00:05,TVH (Transvaginal hysterectomy),No,Yes,2,1,Center
2,8:30:46 AM,8:30:48 AM,00:02,TVH (Transvaginal hysterectomy),No,Yes,2,1,Center
1,8:30:48 AM,8:31:00 AM,00:12,TVH (Transvaginal hysterectomy),No,Yes,2,1,Center
2,8:31:00 AM,8:31:03 AM,00:03,TVH (Transvaginal hysterectomy),No,Yes,2,1,Center
1,8:31:03 AM,8:31:47 AM,00:44,TVH (Transvaginal hysterectomy),No,Yes,2,1,Center
17,8:31:47 AM,8:31:50 AM,00:03,TVH (Transvaginal hysterectomy),No,Yes,2,1,Center
25,8:31:50 AM,8:31:53 AM,00:03,TVH (Transvaginal hysterectomy),No,Yes,2,1,Center
9,8:31:53 AM,8:31:59 AM,00:06,TVH (Transvaginal hysterectomy),No,Yes,2,1,Center
25,8:31:59 AM,8:32:02 AM,00:03,TVH (Transvaginal hysterectomy),No,Yes,2,1,Center
17,8:32:02 AM,8:32:07 AM,00:05,TVH (Transvaginal hysterectomy),No,Yes,2,1,Center
1,8:32:07 AM,8:33:00 AM,00:53,TVH (Transvaginal hysterectomy),No,Yes,2,1,Center
17,8:33:00 AM,8:33:10 AM,00:10,TVH (Transvaginal hysterectomy),No,Yes,2,1,Center
1,8:33:10 AM,8:33:13 AM,00:03,TVH (Transvaginal hysterectomy),No,Yes,2,1,Center
17,8:33:13 AM,8:33:16 AM,00:03,TVH (Transvaginal hysterectomy),No,Yes,2,1,Center
1,8:33:16 AM,8:34:04 AM,00:48,TVH (Transvaginal hysterectomy),No,Yes,2,1,Center
2,8:34:04 AM,8:34:07 AM,00:03,TVH (Transvaginal hysterectomy),No,Yes,2,1,Center
1,8:34:07 AM,8:34:10 AM,00:03,TVH (Transvaginal hysterectomy),No,Yes,2,1,Center
2,8:34:10 AM,8:34:15 AM,00:05,TVH (Transvaginal hysterectomy),No,Yes,2,1,Center
18,8:34:15 AM,8:34:22 AM,00:07,TVH (Transvaginal hysterectomy),No,Yes,2,1,Center
17,8:34:22 AM,8:34:26 AM,00:04,TVH (Transvaginal hysterectomy),No,Yes,2,1,Center
1,8:34:26 AM,8:34:28 AM,00:02,TVH (Transvaginal hysterectomy),No,Yes,2,1,Center
17,8:34:28 AM,8:34:34 AM,00:06,TVH (Transvaginal hysterectomy),No,Yes,2,1,Center
25,8:34:34 AM,8:34:36 AM,00:02,TVH (Transvaginal hysterectomy),No,Yes,2,1,Center
9,8:34:36 AM,8:34:37 AM,00:01,TVH (Transvaginal hysterectomy),No,Yes,2,1,Center
1,8:34:37 AM,8:35:04 AM,00:27,TVH (Transvaginal hysterectomy),No,Yes,2,1,Center
17,8:35:04 AM,8:35:08 AM,00:04,TVH (Transvaginal hysterectomy),No,Yes,2,1,Center
1,8:35:08 AM,8:35:28 AM,00:20,TVH (Transvaginal hysterectomy),No,Yes,2,1,Center
2,8:35:28 AM,8:35:34 AM,00:06,TVH (Transvaginal hysterectomy),No,Yes,2,1,Center
1,8:35:34 AM,8:35:37 AM,00:03,TVH (Transvaginal hysterectomy),No,Yes,2,1,Center
2,8:35:37 AM,8:35:40 AM,00:03,TVH (Transvaginal hysterectomy),No,Yes,2,1,Center
1,8:35:40 AM,8:35:50 AM,00:10,TVH (Transvaginal hysterectomy),No,Yes,2,1,Center
5,8:35:50 AM,8:35:55 AM,00:05,TVH (Transvaginal hysterectomy),No,Yes,2,1,Center
21,8:35:55 AM,8:35:58 AM,00:03,TVH (Transvaginal hysterectomy),No,Yes,2,1,Center
17,8:35:58 AM,8:35:59 AM,00:01,TVH (Transvaginal hysterectomy),No,Yes,2,1,Center
1,8:35:59 AM,8:36:05 AM,00:06,TVH (Transvaginal hysterectomy),No,Yes,2,1,Center
17,8:36:05 AM,8:36:09 AM,00:04,TVH (Transvaginal hysterectomy),No,Yes,2,1,Center
25,8:36:09 AM,8:36:15 AM,00:06,TVH (Transvaginal hysterectomy),No,Yes,2,1,Center
9,8:36:15 AM,8:36:17 AM,00:02,TVH (Transvaginal hysterectomy),No,Yes,2,1,Center
1,8:36:17 AM,8:36:21 AM,00:04,TVH (Transvaginal hysterectomy),No,Yes,2,1,Center
17,8:36:21 AM,8:36:28 AM,00:07,TVH (Transvaginal hysterectomy),No,Yes,2,1,Center
25,8:36:28 AM,8:36:31 AM,00:03,TVH (Transvaginal hysterectomy),No,Yes,2,1,Center
9,8:36:31 AM,8:36:33 AM,00:02,TVH (Transvaginal hysterectomy),No,Yes,2,1,Center
1,8:36:33 AM,8:37:24 AM,00:51,TVH (Transvaginal hysterectomy),No,Yes,2,1,Center
17,8:37:24 AM,8:37:52 AM,00:28,TVH (Transvaginal hysterectomy),No,Yes,2,1,Center
25,8:37:52 AM,8:37:54 AM,00:02,TVH (Transvaginal hysterectomy),No,Yes,2,1,Center
17,8:37:54 AM,8:38:11 AM,00:17,TVH (Transvaginal hysterectomy),No,Yes,2,1,Center
1,8:38:11 AM,8:38:13 AM,00:02,TVH (Transvaginal hysterectomy),No,Yes,2,1,Center
17,8:38:13 AM,8:38:24 AM,00:11,TVH (Transvaginal hysterectomy),No,Yes,2,1,Center
1,8:38:24 AM,8:38:30 AM,00:06,TVH (Transvaginal hysterectomy),No,Yes,2,1,Center
17,8:38:30 AM,8:38:40 AM,00:10,TVH (Transvaginal hysterectomy),No,Yes,2,1,Center
1,8:38:40 AM,8:39:22 AM,00:42,TVH (Transvaginal hysterectomy),No,Yes,2,1,Center
17,8:39:22 AM,8:39:28 AM,00:06,TVH (Transvaginal hysterectomy),No,Yes,2,1,Center
1,8:39:28 AM,8:39:29 AM,00:01,TVH (Transvaginal hysterectomy),No,Yes,2,1,Center
17,8:39:29 AM,8:39:38 AM,00:09,TVH (Transvaginal hysterectomy),No,Yes,2,1,Center
1,8:39:38 AM,8:39:46 AM,00:08,TVH (Transvaginal hysterectomy),No,Yes,2,1,Center
17,8:39:46 AM,8:39:53 AM,00:07,TVH (Transvaginal hysterectomy),No,Yes,2,1,Center
1,8:39:53 AM,8:39:56 AM,00:03,TVH (Transvaginal hysterectomy),No,Yes,2,1,Center
17,8:39:56 AM,8:39:58 AM,00:02,TVH (Transvaginal hysterectomy),No,Yes,2,1,Center
1,8:39:58 AM,8:40:10 AM,00:12,TVH (Transvaginal hysterectomy),No,Yes,2,1,Center
17,8:40:10 AM,8:40:24 AM,00:14,TVH (Transvaginal hysterectomy),No,Yes,2,1,Center
1,8:40:24 AM,8:40:37 AM,00:13,TVH (Transvaginal hysterectomy),No,Yes,2,1,Center
17,8:40:37 AM,8:40:50 AM,00:13,TVH (Transvaginal hysterectomy),No,Yes,2,1,Center
1,8:40:50 AM,8:40:56 AM,00:06,TVH (Transvaginal hysterectomy),No,Yes,2,1,Center
2,8:40:56 AM,8:40:58 AM,00:02,TVH (Transvaginal hysterectomy),No,Yes,2,1,Center
1,8:40:58 AM,8:41:53 AM,00:55,TVH (Transvaginal hysterectomy),No,Yes,2,1,Center
2,8:41:53 AM,8:42:02 AM,00:09,TVH (Transvaginal hysterectomy),No,Yes,2,1,Center
1,8:42:02 AM,8:42:04 AM,00:02,TVH (Transvaginal hysterectomy),No,Yes,2,1,Center
2,8:42:04 AM,8:42:09 AM,00:05,TVH (Transvaginal hysterectomy),No,Yes,2,1,Center
1,8:42:09 AM,8:42:22 AM,00:13,TVH (Transvaginal hysterectomy),No,Yes,2,1,Center
2,8:42:22 AM,8:42:29 AM,00:07,TVH (Transvaginal hysterectomy),No,Yes,2,1,Center
1,8:42:29 AM,8:43:46 AM,01:17,TVH (Transvaginal hysterectomy),No,Yes,2,1,Center
17,8:43:46 AM,8:43:51 AM,00:05,TVH (Transvaginal hysterectomy),No,Yes,2,1,Center
1,8:43:51 AM,8:44:05 AM,00:14,TVH (Transvaginal hysterectomy),No,Yes,2,1,Center
9,8:44:05 AM,8:44:21 AM,00:16,TVH (Transvaginal hysterectomy),No,Yes,2,1,Center
25,8:44:21 AM,8:44:32 AM,00:11,TVH (Transvaginal hysterectomy),No,Yes,2,1,Center
17,8:44:32 AM,8:44:37 AM,00:05,TVH (Transvaginal hysterectomy),No,Yes,2,1,Center
1,8:44:37 AM,8:44:56 AM,00:19,TVH (Transvaginal hysterectomy),No,Yes,2,1,Center
2,8:44:56 AM,8:45:41 AM,00:45,TVH (Transvaginal hysterectomy),No,Yes,2,1,Center
18,8:45:41 AM,8:45:51 AM,00:10,TVH (Transvaginal hysterectomy),No,Yes,2,1,Center
2,8:45:51 AM,8:46:14 AM,00:23,TVH (Transvaginal hysterectomy),No,Yes,2,1,Center
18,8:46:14 AM,8:46:16 AM,00:02,TVH (Transvaginal hysterectomy),No,Yes,2,1,Center
17,8:46:16 AM,8:46:29 AM,00:13,TVH (Transvaginal hysterectomy),No,Yes,2,1,Center
1,8:46:29 AM,8:46:42 AM,00:13,TVH (Transvaginal hysterectomy),No,Yes,2,1,Center
17,8:46:42 AM,8:46:51 AM,00:09,TVH (Transvaginal hysterectomy),No,Yes,2,1,Center
1,8:46:51 AM,8:46:59 AM,00:08,TVH (Transvaginal hysterectomy),No,Yes,2,1,Center
17,8:46:59 AM,8:47:36 AM,00:37,TVH (Transvaginal hysterectomy),No,Yes,2,1,Center
25,8:47:36 AM,8:47:49 AM,00:13,TVH (Transvaginal hysterectomy),No,Yes,2,1,Center
17,8:47:49 AM,8:47:58 AM,00:09,TVH (Transvaginal hysterectomy),No,Yes,2,1,Center
25,8:47:58 AM,8:48:15 AM,00:17,TVH (Transvaginal hysterectomy),No,Yes,2,1,Center
17,8:48:15 AM,8:48:18 AM,00:03,TVH (Transvaginal hysterectomy),No,Yes,2,1,Center
1,8:48:18 AM,8:48:22 AM,00:04,TVH (Transvaginal hysterectomy),No,Yes,2,1,Center
17,8:48:22 AM,8:48:27 AM,00:05,TVH (Transvaginal hysterectomy),No,Yes,2,1,Center
25,8:48:27 AM,8:48:28 AM,00:01,TVH (Transvaginal hysterectomy),No,Yes,2,1,Center
17,8:48:28 AM,8:48:30 AM,00:02,TVH (Transvaginal hysterectomy),No,Yes,2,1,Center
1,8:48:30 AM,8:48:36 AM,00:06,TVH (Transvaginal hysterectomy),No,Yes,2,1,Center
17,8:48:36 AM,8:48:51 AM,00:15,TVH (Transvaginal hysterectomy),No,Yes,2,1,Center
25,8:48:51 AM,8:49:09 AM,00:18,TVH (Transvaginal hysterectomy),No,Yes,2,1,Center
17,8:49:09 AM,8:49:10 AM,00:01,TVH (Transvaginal hysterectomy),No,Yes,2,1,Center
1,8:49:10 AM,8:49:14 AM,00:04,TVH (Transvaginal hysterectomy),No,Yes,2,1,Center
17,8:49:14 AM,8:49:24 AM,00:10,TVH (Transvaginal hysterectomy),No,Yes,2,1,Center
25,8:49:24 AM,8:49:30 AM,00:06,TVH (Transvaginal hysterectomy),No,Yes,2,1,Center
17,8:49:30 AM,8:49:36 AM,00:06,TVH (Transvaginal hysterectomy),No,Yes,2,1,Center
25,8:49:36 AM,8:49:43 AM,00:07,TVH (Transvaginal hysterectomy),No,Yes,2,1,Center
17,8:49:43 AM,8:49:46 AM,00:03,TVH (Transvaginal hysterectomy),No,Yes,2,1,Center
1,8:49:46 AM,8:49:54 AM,00:08,TVH (Transvaginal hysterectomy),No,Yes,2,1,Center
17,8:49:54 AM,8:49:56 AM,00:02,TVH (Transvaginal hysterectomy),No,Yes,2,1,Center
25,8:49:56 AM,8:50:00 AM,00:04,TVH (Transvaginal hysterectomy),No,Yes,2,1,Center
17,8:50:00 AM,8:50:16 AM,00:16,TVH (Transvaginal hysterectomy),No,Yes,2,1,Center
25,8:50:16 AM,8:50:37 AM,00:21,TVH (Transvaginal hysterectomy),No,Yes,2,1,Center
17,8:50:37 AM,8:50:39 AM,00:02,TVH (Transvaginal hysterectomy),No,Yes,2,1,Center
1,8:50:39 AM,8:50:48 AM,00:09,TVH (Transvaginal hysterectomy),No,Yes,2,1,Center
17,8:50:48 AM,8:50:58 AM,00:10,TVH (Transvaginal hysterectomy),No,Yes,2,1,Center
25,8:50:58 AM,8:51:05 AM,00:07,TVH (Transvaginal hysterectomy),No,Yes,2,1,Center
9,8:51:05 AM,8:51:06 AM,00:01,TVH (Transvaginal hysterectomy),No,Yes,2,1,Center
1,8:51:06 AM,8:51:15 AM,00:09,TVH (Transvaginal hysterectomy),No,Yes,2,1,Center
2,8:51:15 AM,8:51:17 AM,00:02,TVH (Transvaginal hysterectomy),No,Yes,2,1,Center
1,8:51:17 AM,8:51:22 AM,00:05,TVH (Transvaginal hysterectomy),No,Yes,2,1,Center
17,8:51:22 AM,8:51:40 AM,00:18,TVH (Transvaginal hysterectomy),No,Yes,2,1,Center
21,8:51:40 AM,8:51:48 AM,00:08,TVH (Transvaginal hysterectomy),No,Yes,2,1,Center
17,8:51:48 AM,8:51:52 AM,00:04,TVH (Transvaginal hysterectomy),No,Yes,2,1,Center
1,8:51:52 AM,8:51:55 AM,00:03,TVH (Transvaginal hysterectomy),No,Yes,2,1,Center
17,8:51:55 AM,8:51:56 AM,00:01,TVH (Transvaginal hysterectomy),No,Yes,2,1,Center
1,8:51:56 AM,8:52:35 AM,00:39,TVH (Transvaginal hysterectomy),No,Yes,2,1,Center
5,8:52:35 AM,8:52:39 AM,00:04,TVH (Transvaginal hysterectomy),No,Yes,2,1,Center
1,8:52:39 AM,8:52:47 AM,00:08,TVH (Transvaginal hysterectomy),No,Yes,2,1,Center
9,8:52:47 AM,8:52:48 AM,00:01,TVH (Transvaginal hysterectomy),No,Yes,2,1,Center
25,8:52:48 AM,8:52:53 AM,00:05,TVH (Transvaginal hysterectomy),No,Yes,2,1,Center
17,8:52:53 AM,8:53:03 AM,00:10,TVH (Transvaginal hysterectomy),No,Yes,2,1,Center
1,8:53:03 AM,8:53:51 AM,00:48,TVH (Transvaginal hysterectomy),No,Yes,2,1,Center
17,8:53:51 AM,8:53:58 AM,00:07,TVH (Transvaginal hysterectomy),No,Yes,2,1,Center
1,8:53:58 AM,8:55:02 AM,01:04,TVH (Transvaginal hysterectomy),No,Yes,2,1,Center
17,8:55:02 AM,8:55:17 AM,00:15,TVH (Transvaginal hysterectomy),No,Yes,2,1,Center
1,8:55:17 AM,8:56:10 AM,00:53,TVH (Transvaginal hysterectomy),No,Yes,2,1,Center
9,8:56:10 AM,8:56:13 AM,00:03,TVH (Transvaginal hysterectomy),No,Yes,2,1,Center
1,8:56:13 AM,8:56:40 AM,00:27,TVH (Transvaginal hysterectomy),No,Yes,2,1,Center
17,8:56:40 AM,8:56:43 AM,00:03,TVH (Transvaginal hysterectomy),No,Yes,2,1,Center
1,8:56:43 AM,8:57:20 AM,00:37,TVH (Transvaginal hysterectomy),No,Yes,2,1,Center
9,8:57:20 AM,8:57:21 AM,00:01,TVH (Transvaginal hysterectomy),No,Yes,2,1,Center
1,8:57:21 AM,9:00:27 AM,03:06,TVH (Transvaginal hysterectomy),No,Yes,2,1,Center
17,9:00:27 AM,9:00:33 AM,00:06,TVH (Transvaginal hysterectomy),No,Yes,2,1,Center
1,9:00:33 AM,9:00:38 AM,00:05,TVH (Transvaginal hysterectomy),No,Yes,2,1,Center
17,9:00:38 AM,9:00:44 AM,00:06,TVH (Transvaginal hysterectomy),No,Yes,2,1,Center
21,9:00:44 AM,9:00:47 AM,00:03,TVH (Transvaginal hysterectomy),No,Yes,2,1,Center
17,9:00:47 AM,9:00:51 AM,00:04,TVH (Transvaginal hysterectomy),No,Yes,2,1,Center
1,9:00:51 AM,9:01:18 AM,00:27,TVH (Transvaginal hysterectomy),No,Yes,2,1,Center
17,9:01:18 AM,9:01:23 AM,00:05,TVH (Transvaginal hysterectomy),No,Yes,2,1,Center
1,9:01:23 AM,9:01:51 AM,00:28,TVH (Transvaginal hysterectomy),No,Yes,2,1,Center
17,9:01:51 AM,9:01:56 AM,00:05,TVH (Transvaginal hysterectomy),No,Yes,2,1,Center
1,9:01:56 AM,9:02:37 AM,00:41,TVH (Transvaginal hysterectomy),No,Yes,2,1,Center
17,9:02:37 AM,9:02:46 AM,00:09,TVH (Transvaginal hysterectomy),No,Yes,2,1,Center
18,9:02:46 AM,9:03:09 AM,00:23,TVH (Transvaginal hysterectomy),No,Yes,2,1,Center
22,9:03:09 AM,9:03:15 AM,00:06,TVH (Transvaginal hysterectomy),No,Yes,2,1,Center
18,9:03:15 AM,9:03:17 AM,00:02,TVH (Transvaginal hysterectomy),No,Yes,2,1,Center
17,9:03:17 AM,9:03:21 AM,00:04,TVH (Transvaginal hysterectomy),No,Yes,2,1,Center
18,9:03:21 AM,9:03:45 AM,00:24,TVH (Transvaginal hysterectomy),No,Yes,2,1,Center
2,9:03:45 AM,9:03:47 AM,00:02,TVH (Transvaginal hysterectomy),No,Yes,2,1,Center
1,9:03:47 AM,9:04:04 AM,00:17,TVH (Transvaginal hysterectomy),No,Yes,2,1,Center
5,9:04:04 AM,9:04:13 AM,00:09,TVH (Transvaginal hysterectomy),No,Yes,2,1,Center
21,9:04:13 AM,9:04:27 AM,00:14,TVH (Transvaginal hysterectomy),No,Yes,2,1,Center
5,9:04:27 AM,9:04:32 AM,00:05,TVH (Transvaginal hysterectomy),No,Yes,2,1,Center
1,9:04:32 AM,9:04:53 AM,00:21,TVH (Transvaginal hysterectomy),No,Yes,2,1,Center
5,9:04:53 AM,9:05:00 AM,00:07,TVH (Transvaginal hysterectomy),No,Yes,2,1,Center
21,9:05:00 AM,9:05:04 AM,00:04,TVH (Transvaginal hysterectomy),No,Yes,2,1,Center
5,9:05:04 AM,9:05:08 AM,00:04,TVH (Transvaginal hysterectomy),No,Yes,2,1,Center
1,9:05:08 AM,9:05:14 AM,00:06,TVH (Transvaginal hysterectomy),No,Yes,2,1,Center
17,9:05:14 AM,9:05:19 AM,00:05,TVH (Transvaginal hysterectomy),No,Yes,2,1,Center
18,9:05:19 AM,9:05:25 AM,00:06,TVH (Transvaginal hysterectomy),No,Yes,2,1,Center
2,9:05:25 AM,9:05:29 AM,00:04,TVH (Transvaginal hysterectomy),No,Yes,2,1,Center
1,9:05:29 AM,9:05:46 AM,00:17,TVH (Transvaginal hysterectomy),No,Yes,2,1,Center
17,9:05:46 AM,9:05:48 AM,00:02,TVH (Transvaginal hysterectomy),No,Yes,2,1,Center
1,9:05:48 AM,9:05:56 AM,00:08,TVH (Transvaginal hysterectomy),No,Yes,2,1,Center
9,9:05:56 AM,9:05:57 AM,00:01,TVH (Transvaginal hysterectomy),No,Yes,2,1,Center
1,9:05:57 AM,9:06:03 AM,00:06,TVH (Transvaginal hysterectomy),No,Yes,2,1,Center
17,9:06:03 AM,9:06:07 AM,00:04,TVH (Transvaginal hysterectomy),No,Yes,2,1,Center
25,9:06:07 AM,9:06:11 AM,00:04,TVH (Transvaginal hysterectomy),No,Yes,2,1,Center
9,9:06:11 AM,9:06:12 AM,00:01,TVH (Transvaginal hysterectomy),No,Yes,2,1,Center
1,9:06:12 AM,9:06:31 AM,00:19,TVH (Transvaginal hysterectomy),No,Yes,2,1,Center
17,9:06:31 AM,9:06:37 AM,00:06,TVH (Transvaginal hysterectomy),No,Yes,2,1,Center
1,9:06:37 AM,9:07:14 AM,00:37,TVH (Transvaginal hysterectomy),No,Yes,2,1,Center
9,9:07:14 AM,9:07:25 AM,00:11,TVH (Transvaginal hysterectomy),No,Yes,2,1,Center
1,9:07:25 AM,9:07:32 AM,00:07,TVH (Transvaginal hysterectomy),No,Yes,2,1,Center
17,9:07:32 AM,9:07:36 AM,00:04,TVH (Transvaginal hysterectomy),No,Yes,2,1,Center
1,9:07:36 AM,9:08:18 AM,00:42,TVH (Transvaginal hysterectomy),No,Yes,2,1,Center
2,9:08:18 AM,9:08:32 AM,00:14,TVH (Transvaginal hysterectomy),No,Yes,2,1,Center
1,9:08:32 AM,9:08:47 AM,00:15,TVH (Transvaginal hysterectomy),No,Yes,2,1,Center
2,9:08:47 AM,9:08:49 AM,00:02,TVH (Transvaginal hysterectomy),No,Yes,2,1,Center
1,9:08:49 AM,9:09:15 AM,00:26,TVH (Transvaginal hysterectomy),No,Yes,2,1,Center
17,9:09:15 AM,9:09:17 AM,00:02,TVH (Transvaginal hysterectomy),No,Yes,2,1,Center
1,9:09:17 AM,9:09:36 AM,00:19,TVH (Transvaginal hysterectomy),No,Yes,2,1,Center
2,9:09:36 AM,9:09:38 AM,00:02,TVH (Transvaginal hysterectomy),No,Yes,2,1,Center
1,9:09:38 AM,9:09:53 AM,00:15,TVH (Transvaginal hysterectomy),No,Yes,2,1,Center
17,9:09:53 AM,9:09:54 AM,00:01,TVH (Transvaginal hysterectomy),No,Yes,2,1,Center
1,9:09:54 AM,9:09:55 AM,00:01,TVH (Transvaginal hysterectomy),No,Yes,2,1,Center
17,9:09:55 AM,9:09:59 AM,00:04,TVH (Transvaginal hysterectomy),No,Yes,2,1,Center
25,9:09:59 AM,9:10:09 AM,00:10,TVH (Transvaginal hysterectomy),No,Yes,2,1,Center
9,9:10:09 AM,9:10:11 AM,00:02,TVH (Transvaginal hysterectomy),No,Yes,2,1,Center
1,9:10:11 AM,9:10:20 AM,00:09,TVH (Transvaginal hysterectomy),No,Yes,2,1,Center
17,9:10:20 AM,9:10:24 AM,00:04,TVH (Transvaginal hysterectomy),No,Yes,2,1,Center
1,9:10:24 AM,9:10:58 AM,00:34,TVH (Transvaginal hysterectomy),No,Yes,2,1,Center
9,9:14:20 AM,9:14:22 AM,00:02,Bilateral salpingectomy,No,Yes,3,2,Center
25,9:14:22 AM,9:14:24 AM,00:02,Bilateral salpingectomy,No,Yes,3,2,Center
9,9:14:24 AM,9:14:25 AM,00:01,Bilateral salpingectomy,No,Yes,3,2,Center
1,9:14:25 AM,9:14:46 AM,00:21,Bilateral salpingectomy,No,Yes,3,2,Center
17,9:14:46 AM,9:14:47 AM,00:01,Bilateral salpingectomy,No,Yes,3,2,Center
1,9:14:47 AM,9:14:50 AM,00:03,Bilateral salpingectomy,No,Yes,3,2,Center
17,9:14:50 AM,9:14:53 AM,00:03,Bilateral salpingectomy,No,Yes,3,2,Center
25,9:14:53 AM,9:14:55 AM,00:02,Bilateral salpingectomy,No,Yes,3,2,Center
9,9:14:55 AM,9:14:57 AM,00:02,Bilateral salpingectomy,No,Yes,3,2,Center
1,9:14:57 AM,9:15:53 AM,00:56,Bilateral salpingectomy,No,Yes,3,2,Center
17,9:15:53 AM,9:15:54 AM,00:01,Bilateral salpingectomy,No,Yes,3,2,Center
1,9:15:54 AM,9:16:18 AM,00:24,Bilateral salpingectomy,No,Yes,3,2,Center
17,9:26:23 AM,9:26:29 AM,00:06,USLS (Uterosacral ligament suspension),No,No,5,4,Right
21,9:26:29 AM,9:26:42 AM,00:13,USLS (Uterosacral ligament suspension),No,No,5,4,Right
5,9:26:42 AM,9:26:46 AM,00:04,USLS (Uterosacral ligament suspension),No,No,5,4,Right
13,9:26:46 AM,9:26:48 AM,00:02,USLS (Uterosacral ligament suspension),No,No,5,4,Right
9,9:26:48 AM,9:27:07 AM,00:19,USLS (Uterosacral ligament suspension),No,No,5,4,Right
1,9:27:07 AM,9:27:08 AM,00:01,USLS (Uterosacral ligament suspension),No,No,5,4,Right
17,9:27:08 AM,9:27:17 AM,00:09,USLS (Uterosacral ligament suspension),No,No,5,4,Right
21,9:27:17 AM,9:28:12 AM,00:55,USLS (Uterosacral ligament suspension),No,No,5,4,Right
5,9:28:12 AM,9:28:27 AM,00:15,USLS (Uterosacral ligament suspension),No,No,5,4,Right
1,9:28:27 AM,9:28:46 AM,00:19,USLS (Uterosacral ligament suspension),No,No,5,4,Right
17,9:28:46 AM,9:28:51 AM,00:05,USLS (Uterosacral ligament suspension),No,No,5,4,Right
21,9:28:51 AM,9:28:55 AM,00:04,USLS (Uterosacral ligament suspension),No,No,5,4,Right
22,9:28:55 AM,9:29:56 AM,01:01,USLS (Uterosacral ligament suspension),No,No,5,4,Right
6,9:29:56 AM,9:29:57 AM,00:01,USLS (Uterosacral ligament suspension),No,No,5,4,Right
2,9:29:57 AM,9:29:59 AM,00:02,USLS (Uterosacral ligament suspension),No,No,5,4,Right
10,9:29:59 AM,9:30:01 AM,00:02,USLS (Uterosacral ligament suspension),No,No,5,4,Right
2,9:30:01 AM,9:30:06 AM,00:05,USLS (Uterosacral ligament suspension),No,No,5,4,Right
1,9:30:06 AM,9:30:42 AM,00:36,USLS (Uterosacral ligament suspension),No,No,5,4,Right
17,9:30:42 AM,9:30:48 AM,00:06,USLS (Uterosacral ligament suspension),No,No,5,4,Right
21,9:30:48 AM,9:30:53 AM,00:05,USLS (Uterosacral ligament suspension),No,No,5,4,Right
5,9:30:53 AM,9:30:58 AM,00:05,USLS (Uterosacral ligament suspension),No,No,5,4,Right
21,9:30:58 AM,9:31:17 AM,00:19,USLS (Uterosacral ligament suspension),No,No,5,4,Right
5,9:31:17 AM,9:31:18 AM,00:01,USLS (Uterosacral ligament suspension),No,No,5,4,Right
13,9:31:18 AM,9:31:20 AM,00:02,USLS (Uterosacral ligament suspension),No,No,5,4,Right
9,9:31:20 AM,9:31:22 AM,00:02,USLS (Uterosacral ligament suspension),No,No,5,4,Right
1,9:31:22 AM,9:31:29 AM,00:07,USLS (Uterosacral ligament suspension),No,No,5,4,Right
17,9:31:29 AM,9:31:32 AM,00:03,USLS (Uterosacral ligament suspension),No,No,5,4,Right
21,9:31:32 AM,9:31:54 AM,00:22,USLS (Uterosacral ligament suspension),No,No,5,4,Right
17,9:31:54 AM,9:31:59 AM,00:05,USLS (Uterosacral ligament suspension),No,No,5,4,Right
25,9:31:59 AM,9:32:03 AM,00:04,USLS (Uterosacral ligament suspension),No,No,5,4,Right
29,9:32:03 AM,9:32:08 AM,00:05,USLS (Uterosacral ligament suspension),No,No,5,4,Right
31,9:32:08 AM,9:32:13 AM,00:05,USLS (Uterosacral ligament suspension),No,No,5,4,Right
29,9:32:13 AM,9:32:13 AM,00:00,USLS (Uterosacral ligament suspension),No,No,5,4,Right
31,9:32:13 AM,9:32:49 AM,00:36,USLS (Uterosacral ligament suspension),No,No,5,4,Right
15,9:32:49 AM,9:32:50 AM,00:01,USLS (Uterosacral ligament suspension),No,No,6,4,Right
7,9:32:50 AM,9:32:51 AM,00:01,USLS (Uterosacral ligament suspension),No,No,6,4,Right
5,9:32:51 AM,9:32:52 AM,00:01,USLS (Uterosacral ligament suspension),No,No,6,4,Right
1,9:32:52 AM,9:33:02 AM,00:10,USLS (Uterosacral ligament suspension),No,No,6,4,Right
3,9:33:02 AM,9:33:04 AM,00:02,USLS (Uterosacral ligament suspension),No,No,6,4,Right
1,9:33:04 AM,9:33:23 AM,00:19,USLS (Uterosacral ligament suspension),No,No,6,4,Right
17,9:33:23 AM,9:33:24 AM,00:01,USLS (Uterosacral ligament suspension),No,No,6,4,Right
1,9:33:24 AM,9:40:16 AM,06:52,USLS (Uterosacral ligament suspension),No,No,6,4,Right
5,9:40:16 AM,9:40:25 AM,00:09,USLS (Uterosacral ligament suspension),No,No,6,4,Right
21,9:40:25 AM,9:41:03 AM,00:38,USLS (Uterosacral ligament suspension),No,No,6,4,Center
17,9:41:03 AM,9:41:10 AM,00:07,USLS (Uterosacral ligament suspension),No,No,6,4,Center
21,9:41:10 AM,9:41:21 AM,00:11,USLS (Uterosacral ligament suspension),No,No,6,4,Center
29,9:41:21 AM,9:41:25 AM,00:04,USLS (Uterosacral ligament suspension),No,No,6,4,Center
30,9:41:25 AM,9:41:28 AM,00:03,USLS (Uterosacral ligament suspension),No,No,6,4,Center
29,9:41:28 AM,9:41:31 AM,00:03,USLS (Uterosacral ligament suspension),No,No,6,4,Center
21,9:41:31 AM,9:41:32 AM,00:01,USLS (Uterosacral ligament suspension),No,No,6,4,Center
17,9:41:32 AM,9:41:34 AM,00:02,USLS (Uterosacral ligament suspension),No,No,6,4,Center
1,9:41:34 AM,9:41:53 AM,00:19,USLS (Uterosacral ligament suspension),No,No,6,4,Center
17,9:41:53 AM,9:41:58 AM,00:05,USLS (Uterosacral ligament suspension),No,No,6,4,Center
21,9:41:58 AM,9:42:21 AM,00:23,USLS (Uterosacral ligament suspension),No,No,6,4,Center
22,9:42:21 AM,9:43:00 AM,00:39,USLS (Uterosacral ligament suspension),No,No,6,4,Center
6,9:43:00 AM,9:43:01 AM,00:01,USLS (Uterosacral ligament suspension),No,No,6,4,Center
2,9:43:01 AM,9:43:25 AM,00:24,USLS (Uterosacral ligament suspension),No,No,6,4,Center
18,9:43:25 AM,9:43:36 AM,00:11,USLS (Uterosacral ligament suspension),No,No,6,4,Center
22,9:43:36 AM,9:43:43 AM,00:07,USLS (Uterosacral ligament suspension),No,No,6,4,Center
18,9:43:43 AM,9:43:45 AM,00:02,USLS (Uterosacral ligament suspension),No,No,6,4,Center
2,9:43:45 AM,9:43:46 AM,00:01,USLS (Uterosacral ligament suspension),No,No,6,4,Center
1,9:43:46 AM,9:45:27 AM,01:41,USLS (Uterosacral ligament suspension),No,No,6,4,Center
17,9:45:27 AM,9:45:30 AM,00:03,USLS (Uterosacral ligament suspension),No,No,6,4,Center
1,9:45:30 AM,9:46:24 AM,00:54,USLS (Uterosacral ligament suspension),No,No,6,4,Center
2,9:46:24 AM,9:46:28 AM,00:04,USLS (Uterosacral ligament suspension),No,No,6,4,Center
10,9:46:28 AM,9:46:30 AM,00:02,USLS (Uterosacral ligament suspension),No,No,6,4,Center
26,9:46:30 AM,9:47:03 AM,00:33,USLS (Uterosacral ligament suspension),No,No,6,4,Center
10,9:47:03 AM,9:47:04 AM,00:01,USLS (Uterosacral ligament suspension),No,No,6,4,Center
2,9:47:04 AM,9:47:20 AM,00:16,USLS (Uterosacral ligament suspension),No,No,6,4,Center
10,9:47:20 AM,9:47:26 AM,00:06,USLS (Uterosacral ligament suspension),No,No,6,4,Center
26,9:47:26 AM,9:47:57 AM,00:31,USLS (Uterosacral ligament suspension),No,No,6,4,Center
30,9:47:57 AM,9:48:01 AM,00:04,USLS (Uterosacral ligament suspension),No,No,6,4,Center
26,9:48:01 AM,9:48:04 AM,00:03,USLS (Uterosacral ligament suspension),No,No,6,4,Center
18,9:48:04 AM,9:48:09 AM,00:05,USLS (Uterosacral ligament suspension),No,No,6,4,Center
2,9:48:09 AM,9:49:00 AM,00:51,USLS (Uterosacral ligament suspension),No,No,6,4,Center
1,9:49:00 AM,9:49:28 AM,00:28,USLS (Uterosacral ligament suspension),No,No,6,4,Center
2,9:49:28 AM,9:50:36 AM,01:08,USLS (Uterosacral ligament suspension),No,No,6,4,Center
18,9:50:36 AM,9:51:50 AM,01:14,USLS (Uterosacral ligament suspension),No,No,6,4,Center
26,9:51:50 AM,9:51:53 AM,00:03,USLS (Uterosacral ligament suspension),No,No,6,4,Center
18,9:51:53 AM,9:51:54 AM,00:01,USLS (Uterosacral ligament suspension),No,No,6,4,Center
2,9:51:54 AM,9:52:08 AM,00:14,USLS (Uterosacral ligament suspension),No,No,6,4,Center
1,9:52:08 AM,9:55:23 AM,03:15,USLS (Uterosacral ligament suspension),No,No,6,4,Left
2,9:55:23 AM,9:55:27 AM,00:04,USLS (Uterosacral ligament suspension),No,No,6,4,Center
18,9:55:27 AM,9:55:30 AM,00:03,USLS (Uterosacral ligament suspension),No,No,6,4,Center
22,9:55:30 AM,9:56:09 AM,00:39,USLS (Uterosacral ligament suspension),No,No,6,4,Center
6,9:56:09 AM,9:56:11 AM,00:02,USLS (Uterosacral ligament suspension),No,No,6,4,Center
2,9:56:11 AM,9:56:12 AM,00:01,USLS (Uterosacral ligament suspension),No,No,6,4,Center
1,9:56:12 AM,9:56:16 AM,00:04,USLS (Uterosacral ligament suspension),No,No,6,4,Center
2,10:00:20 AM,10:00:45 AM,00:25,Cysto (Cystoscopy),No,No,7,5,Left
18,10:00:45 AM,10:00:46 AM,00:01,Cysto (Cystoscopy),No,No,7,5,Left
2,10:00:46 AM,10:00:49 AM,00:03,Cysto (Cystoscopy),No,No,7,5,Left
18,10:00:49 AM,10:01:02 AM,00:13,Cysto (Cystoscopy),No,No,7,5,Left
17,10:01:02 AM,10:01:43 AM,00:41,Cysto (Cystoscopy),No,No,7,5,Left
1,10:01:43 AM,10:01:44 AM,00:01,Cysto (Cystoscopy),No,No,7,5,Center
9,10:01:44 AM,10:03:53 AM,02:09,Cysto (Cystoscopy),No,No,7,5,Center
1,10:03:53 AM,10:03:56 AM,00:03,Cysto (Cystoscopy),No,No,7,5,Center
9,10:03:56 AM,10:04:01 AM,00:05,Cysto (Cystoscopy),No,No,7,5,Center
1,10:04:01 AM,10:10:59 AM,06:58,Cysto (Cystoscopy),No,No,7,5,Center
3,10:10:59 AM,10:11:11 AM,00:12,Cysto (Cystoscopy),No,No,7,5,Center
1,10:11:11 AM,10:13:01 AM,01:50,Cysto (Cystoscopy),No,No,7,5,Center
17,10:29:29 AM,10:29:30 AM,00:01,USLS (Uterosacral ligament suspension),No,No,12,8,Center
1,10:29:30 AM,10:29:37 AM,00:07,USLS (Uterosacral ligament suspension),No,No,12,8,Center
5,10:29:37 AM,10:29:48 AM,00:11,USLS (Uterosacral ligament suspension),No,No,12,8,Center
1,10:29:48 AM,10:29:59 AM,00:11,USLS (Uterosacral ligament suspension),No,No,12,8,Center
2,10:29:59 AM,10:30:01 AM,00:02,USLS (Uterosacral ligament suspension),No,No,12,8,Center
1,10:30:01 AM,10:30:04 AM,00:03,USLS (Uterosacral ligament suspension),No,No,12,8,Center
9,10:30:04 AM,10:30:05 AM,00:01,USLS (Uterosacral ligament suspension),No,No,12,8,Center
1,10:30:05 AM,10:30:25 AM,00:20,USLS (Uterosacral ligament suspension),No,No,12,8,Center
17,10:30:25 AM,10:30:31 AM,00:06,USLS (Uterosacral ligament suspension),No,No,12,8,Center
1,10:30:31 AM,10:31:18 AM,00:47,USLS (Uterosacral ligament suspension),No,No,12,8,Center
9,10:31:18 AM,10:31:20 AM,00:02,USLS (Uterosacral ligament suspension),No,No,12,8,Center
1,10:31:20 AM,10:31:23 AM,00:03,USLS (Uterosacral ligament suspension),No,No,12,8,Center
2,10:31:23 AM,10:31:43 AM,00:20,USLS (Uterosacral ligament suspension),No,No,12,8,Center
18,10:31:43 AM,10:31:50 AM,00:07,USLS (Uterosacral ligament suspension),No,No,12,8,Center
22,10:31:50 AM,10:31:52 AM,00:02,USLS (Uterosacral ligament suspension),No,No,12,8,Center
18,10:31:52 AM,10:31:53 AM,00:01,USLS (Uterosacral ligament suspension),No,No,12,8,Center
2,10:31:53 AM,10:32:12 AM,00:19,USLS (Uterosacral ligament suspension),No,No,12,8,Center
1,10:32:12 AM,10:32:31 AM,00:19,USLS (Uterosacral ligament suspension),No,No,12,8,Center
9,10:32:31 AM,10:32:35 AM,00:04,USLS (Uterosacral ligament suspension),No,No,12,8,Center
11,10:32:35 AM,10:32:38 AM,00:03,USLS (Uterosacral ligament suspension),No,No,12,8,Center
12,10:32:38 AM,10:32:46 AM,00:08,USLS (Uterosacral ligament suspension),No,No,12,8,Center
11,10:32:46 AM,10:32:47 AM,00:01,USLS (Uterosacral ligament suspension),No,No,12,8,Center
9,10:32:47 AM,10:32:54 AM,00:07,USLS (Uterosacral ligament suspension),No,No,12,8,Center
25,10:32:54 AM,10:33:13 AM,00:19,USLS (Uterosacral ligament suspension),No,No,12,8,Center
17,10:33:13 AM,10:33:15 AM,00:02,USLS (Uterosacral ligament suspension),No,No,12,8,Center
1,10:33:15 AM,10:33:39 AM,00:24,USLS (Uterosacral ligament suspension),No,No,12,8,Center
2,10:33:39 AM,10:34:06 AM,00:27,USLS (Uterosacral ligament suspension),No,No,12,8,Center
1,10:34:06 AM,10:34:19 AM,00:13,USLS (Uterosacral ligament suspension),No,No,12,8,Center
2,10:34:19 AM,10:34:27 AM,00:08,USLS (Uterosacral ligament suspension),No,No,12,8,Center
10,10:34:27 AM,10:34:38 AM,00:11,USLS (Uterosacral ligament suspension),No,No,12,8,Center
9,10:34:38 AM,10:34:40 AM,00:02,USLS (Uterosacral ligament suspension),No,No,12,8,Center
1,10:34:40 AM,10:34:50 AM,00:10,USLS (Uterosacral ligament suspension),No,No,12,8,Center
5,10:34:50 AM,10:34:51 AM,00:01,USLS (Uterosacral ligament suspension),No,No,12,8,Center
1,10:34:51 AM,10:34:56 AM,00:05,USLS (Uterosacral ligament suspension),No,No,12,8,Center
17,10:34:56 AM,10:34:58 AM,00:02,USLS (Uterosacral ligament suspension),No,No,12,8,Center
21,10:34:58 AM,10:35:06 AM,00:08,USLS (Uterosacral ligament suspension),No,No,12,8,Center
22,10:35:06 AM,10:35:10 AM,00:04,USLS (Uterosacral ligament suspension),No,No,12,8,Center
30,10:35:10 AM,10:35:27 AM,00:17,USLS (Uterosacral ligament suspension),No,No,12,8,Center
26,10:35:27 AM,10:35:28 AM,00:01,USLS (Uterosacral ligament suspension),No,No,12,8,Center
10,10:35:28 AM,10:35:29 AM,00:01,USLS (Uterosacral ligament suspension),No,No,12,8,Center
2,10:35:29 AM,10:36:10 AM,00:41,USLS (Uterosacral ligament suspension),No,No,12,8,Center
1,10:36:10 AM,10:36:11 AM,00:01,USLS (Uterosacral ligament suspension),No,No,12,8,Center
9,10:36:11 AM,10:36:15 AM,00:04,USLS (Uterosacral ligament suspension),No,No,12,8,Center
10,10:36:15 AM,10:36:29 AM,00:14,USLS (Uterosacral ligament suspension),No,No,12,8,Center
2,10:36:29 AM,10:36:47 AM,00:18,USLS (Uterosacral ligament suspension),No,No,12,8,Center
18,10:36:47 AM,10:36:48 AM,00:01,USLS (Uterosacral ligament suspension),No,No,12,8,Center
2,10:36:48 AM,10:37:28 AM,00:40,USLS (Uterosacral ligament suspension),No,No,12,8,Center
10,10:37:28 AM,10:37:30 AM,00:02,USLS (Uterosacral ligament suspension),No,No,12,8,Center
2,10:37:30 AM,10:37:32 AM,00:02,USLS (Uterosacral ligament suspension),No,No,12,8,Center
1,10:37:32 AM,10:37:34 AM,00:02,USLS (Uterosacral ligament suspension),No,No,12,8,Center
2,10:37:34 AM,10:37:38 AM,00:04,USLS (Uterosacral ligament suspension),No,No,12,8,Center
4,10:37:38 AM,10:37:40 AM,00:02,USLS (Uterosacral ligament suspension),No,No,12,8,Center
2,10:37:40 AM,10:37:41 AM,00:01,USLS (Uterosacral ligament suspension),No,No,12,8,Center
10,10:37:41 AM,10:37:42 AM,00:01,USLS (Uterosacral ligament suspension),No,No,12,8,Center
2,10:37:42 AM,10:37:44 AM,00:02,USLS (Uterosacral ligament suspension),No,No,12,8,Center
4,10:37:44 AM,10:37:50 AM,00:06,USLS (Uterosacral ligament suspension),No,No,12,8,Center
2,10:37:50 AM,10:39:52 AM,02:02,USLS (Uterosacral ligament suspension),No,No,12,8,Center
1,10:39:52 AM,10:40:17 AM,00:25,USLS (Uterosacral ligament suspension),No,No,12,8,Center
2,10:40:17 AM,10:40:36 AM,00:19,USLS (Uterosacral ligament suspension),No,No,12,8,Center
1,10:40:36 AM,10:40:56 AM,00:20,USLS (Uterosacral ligament suspension),No,No,12,8,Center
9,10:40:56 AM,10:41:01 AM,00:05,USLS (Uterosacral ligament suspension),No,No,12,8,Center
10,10:41:01 AM,10:41:18 AM,00:17,USLS (Uterosacral ligament suspension),No,No,12,8,Center
2,10:41:18 AM,10:41:20 AM,00:02,USLS (Uterosacral ligament suspension),No,No,12,8,Center
1,10:41:20 AM,10:41:55 AM,00:35,USLS (Uterosacral ligament suspension),No,No,12,8,Center
2,10:41:55 AM,10:41:57 AM,00:02,USLS (Uterosacral ligament suspension),No,No,12,8,Center
4,10:41:57 AM,10:41:58 AM,00:01,USLS (Uterosacral ligament suspension),No,No,12,8,Center
2,10:41:58 AM,10:42:05 AM,00:07,USLS (Uterosacral ligament suspension),No,No,12,8,Center
10,10:42:05 AM,10:42:06 AM,00:01,USLS (Uterosacral ligament suspension),No,No,12,8,Center
26,10:42:06 AM,10:42:11 AM,00:05,USLS (Uterosacral ligament suspension),No,No,12,8,Center
18,10:42:11 AM,10:42:12 AM,00:01,USLS (Uterosacral ligament suspension),No,No,12,8,Center
2,10:42:12 AM,10:42:14 AM,00:02,USLS (Uterosacral ligament suspension),No,No,12,8,Center
10,10:42:14 AM,10:42:16 AM,00:02,USLS (Uterosacral ligament suspension),No,No,12,8,Center
26,10:42:16 AM,10:42:18 AM,00:02,USLS (Uterosacral ligament suspension),No,No,12,8,Center
28,10:42:18 AM,10:42:19 AM,00:01,USLS (Uterosacral ligament suspension),No,No,12,8,Center
26,10:42:19 AM,10:42:22 AM,00:03,USLS (Uterosacral ligament suspension),No,No,12,8,Center
18,10:42:22 AM,10:42:23 AM,00:01,USLS (Uterosacral ligament suspension),No,No,12,8,Center
2,10:42:23 AM,10:42:29 AM,00:06,USLS (Uterosacral ligament suspension),No,No,12,8,Center
1,10:42:29 AM,10:42:37 AM,00:08,USLS (Uterosacral ligament suspension),No,No,12,8,Center
3,10:42:37 AM,10:42:51 AM,00:14,USLS (Uterosacral ligament suspension),No,No,12,8,Center
1,10:42:51 AM,10:43:06 AM,00:15,USLS (Uterosacral ligament suspension),No,No,12,8,Center
9,10:43:06 AM,10:43:08 AM,00:02,USLS (Uterosacral ligament suspension),No,No,12,8,Center
25,10:43:08 AM,10:43:09 AM,00:01,USLS (Uterosacral ligament suspension),No,No,12,8,Center
9,10:43:09 AM,10:43:10 AM,00:01,USLS (Uterosacral ligament suspension),No,No,12,8,Center
1,10:43:10 AM,10:43:44 AM,00:34,USLS (Uterosacral ligament suspension),No,No,12,8,Center
17,10:43:44 AM,10:43:48 AM,00:04,USLS (Uterosacral ligament suspension),No,No,12,8,Center
25,10:43:48 AM,10:44:36 AM,00:48,USLS (Uterosacral ligament suspension),No,No,12,8,Center
17,10:44:36 AM,10:44:39 AM,00:03,USLS (Uterosacral ligament suspension),No,No,12,8,Center
18,10:44:39 AM,10:44:48 AM,00:09,USLS (Uterosacral ligament suspension),No,No,12,8,Center
17,10:44:48 AM,10:44:49 AM,00:01,USLS (Uterosacral ligament suspension),No,No,12,8,Center
1,10:44:49 AM,10:44:53 AM,00:04,USLS (Uterosacral ligament suspension),No,No,12,8,Center
17,10:44:53 AM,10:44:57 AM,00:04,USLS (Uterosacral ligament suspension),No,No,12,8,Center
25,10:44:57 AM,10:45:00 AM,00:03,USLS (Uterosacral ligament suspension),No,No,12,8,Center
26,10:45:00 AM,10:46:16 AM,01:16,USLS (Uterosacral ligament suspension),No,No,12,8,Center
18,10:46:16 AM,10:46:23 AM,00:07,USLS (Uterosacral ligament suspension),No,No,12,8,Center
2,10:46:23 AM,10:46:44 AM,00:21,USLS (Uterosacral ligament suspension),No,No,12,8,Center
1,10:46:44 AM,10:46:47 AM,00:03,USLS (Uterosacral ligament suspension),No,No,12,8,Center
17,10:46:47 AM,10:47:13 AM,00:26,USLS (Uterosacral ligament suspension),No,No,12,8,Center
25,10:47:13 AM,10:47:15 AM,00:02,USLS (Uterosacral ligament suspension),No,No,12,8,Center
17,10:47:15 AM,10:47:16 AM,00:01,USLS (Uterosacral ligament suspension),No,No,12,8,Center
1,10:47:16 AM,10:47:32 AM,00:16,USLS (Uterosacral ligament suspension),No,No,12,8,Center
2,10:47:32 AM,10:47:36 AM,00:04,USLS (Uterosacral ligament suspension),No,No,12,8,Center
10,10:47:36 AM,10:47:37 AM,00:01,USLS (Uterosacral ligament suspension),No,No,12,8,Center
26,10:47:37 AM,10:48:06 AM,00:29,USLS (Uterosacral ligament suspension),No,No,12,8,Center
18,10:48:06 AM,10:48:09 AM,00:03,USLS (Uterosacral ligament suspension),No,No,12,8,Center
2,10:48:09 AM,10:48:42 AM,00:33,USLS (Uterosacral ligament suspension),No,No,12,8,Center
10,10:48:42 AM,10:48:43 AM,00:01,USLS (Uterosacral ligament suspension),No,No,12,8,Center
26,10:48:43 AM,10:48:59 AM,00:16,USLS (Uterosacral ligament suspension),No,No,12,8,Center
10,10:48:59 AM,10:49:01 AM,00:02,USLS (Uterosacral ligament suspension),No,No,12,8,Center
2,10:49:01 AM,10:49:02 AM,00:01,USLS (Uterosacral ligament suspension),No,No,12,8,Center
1,10:49:02 AM,10:49:03 AM,00:01,USLS (Uterosacral ligament suspension),No,No,12,8,Center
2,10:49:03 AM,10:49:06 AM,00:03,USLS (Uterosacral ligament suspension),No,No,12,8,Center
1,10:49:06 AM,10:49:06 AM,00:00,USLS (Uterosacral ligament suspension),No,No,12,8,Center
5,10:55:01 AM,10:55:11 AM,00:10,USLS (Uterosacral ligament suspension),No,No,14,10,Center
6,10:55:11 AM,10:55:14 AM,00:03,USLS (Uterosacral ligament suspension),No,No,14,10,Center
22,10:55:14 AM,10:55:20 AM,00:06,USLS (Uterosacral ligament suspension),No,No,14,10,Center
24,10:55:20 AM,10:55:28 AM,00:08,USLS (Uterosacral ligament suspension),No,No,14,10,Center
22,10:55:28 AM,10:55:29 AM,00:01,USLS (Uterosacral ligament suspension),No,No,14,10,Center
6,10:55:29 AM,10:55:30 AM,00:01,USLS (Uterosacral ligament suspension),No,No,14,10,Center
5,10:55:30 AM,10:55:32 AM,00:02,USLS (Uterosacral ligament suspension),No,No,14,10,Center
1,10:55:32 AM,10:56:34 AM,01:02,USLS (Uterosacral ligament suspension),No,No,14,10,Center
17,10:56:34 AM,10:56:36 AM,00:02,USLS (Uterosacral ligament suspension),No,No,14,10,Center
1,10:56:36 AM,10:56:41 AM,00:05,USLS (Uterosacral ligament suspension),No,No,14,10,Center
17,10:56:41 AM,10:56:45 AM,00:04,USLS (Uterosacral ligament suspension),No,No,14,10,Center
18,10:56:45 AM,10:56:46 AM,00:01,USLS (Uterosacral ligament suspension),No,No,14,10,Center
17,10:56:46 AM,10:56:50 AM,00:04,USLS (Uterosacral ligament suspension),No,No,14,10,Center
25,10:56:50 AM,10:56:51 AM,00:01,USLS (Uterosacral ligament suspension),No,No,14,10,Center
9,10:56:51 AM,10:56:52 AM,00:01,USLS (Uterosacral ligament suspension),No,No,14,10,Center
1,10:56:52 AM,10:56:59 AM,00:07,USLS (Uterosacral ligament suspension),No,No,14,10,Center
2,10:56:59 AM,10:57:00 AM,00:01,USLS (Uterosacral ligament suspension),No,No,14,10,Center
18,10:57:00 AM,10:57:14 AM,00:14,USLS (Uterosacral ligament suspension),No,No,14,10,Center
17,10:57:14 AM,10:57:23 AM,00:09,USLS (Uterosacral ligament suspension),No,No,14,10,Center
1,10:57:23 AM,10:57:30 AM,00:07,USLS (Uterosacral ligament suspension),No,No,14,10,Center
17,10:57:30 AM,10:57:36 AM,00:06,USLS (Uterosacral ligament suspension),No,No,14,10,Center
1,10:57:36 AM,10:57:43 AM,00:07,USLS (Uterosacral ligament suspension),No,No,14,10,Center
17,10:57:43 AM,10:57:43 AM,00:00,USLS (Uterosacral ligament suspension),No,No,14,10,Center
1,10:57:43 AM,10:57:45 AM,00:02,USLS (Uterosacral ligament suspension),No,No,14,10,Center
17,10:57:45 AM,10:57:46 AM,00:01,USLS (Uterosacral ligament suspension),No,No,14,10,Center
1,10:57:46 AM,10:58:20 AM,00:34,USLS (Uterosacral ligament suspension),No,No,14,10,Center
2,10:58:20 AM,10:58:21 AM,00:01,USLS (Uterosacral ligament suspension),No,No,14,10,Center
1,10:58:21 AM,10:58:23 AM,00:02,USLS (Uterosacral ligament suspension),No,No,14,10,Center
2,10:58:23 AM,10:58:24 AM,00:01,USLS (Uterosacral ligament suspension),No,No,14,10,Center
18,10:58:24 AM,10:58:27 AM,00:03,USLS (Uterosacral ligament suspension),No,No,14,10,Center
17,10:58:27 AM,10:58:30 AM,00:03,USLS (Uterosacral ligament suspension),No,No,14,10,Center
25,10:58:30 AM,10:58:31 AM,00:01,USLS (Uterosacral ligament suspension),No,No,14,10,Center
9,10:58:31 AM,10:58:34 AM,00:03,USLS (Uterosacral ligament suspension),No,No,14,10,Center
25,10:58:34 AM,10:58:35 AM,00:01,USLS (Uterosacral ligament suspension),No,No,14,10,Center
17,10:58:35 AM,10:58:38 AM,00:03,USLS (Uterosacral ligament suspension),No,No,14,10,Center
19,10:58:38 AM,10:58:45 AM,00:07,USLS (Uterosacral ligament suspension),No,No,14,10,Center
20,10:58:45 AM,10:58:50 AM,00:05,USLS (Uterosacral ligament suspension),No,No,14,10,Center
18,10:58:50 AM,10:59:40 AM,00:50,USLS (Uterosacral ligament suspension),No,No,14,10,Center
2,10:59:40 AM,10:59:42 AM,00:02,USLS (Uterosacral ligament suspension),No,No,14,10,Center
18,10:59:42 AM,10:59:53 AM,00:11,USLS (Uterosacral ligament suspension),No,No,14,10,Center
2,10:59:53 AM,11:00:01 AM,00:08,USLS (Uterosacral ligament suspension),No,No,14,10,Center
1,11:00:01 AM,11:00:19 AM,00:18,USLS (Uterosacral ligament suspension),No,No,14,10,Center
9,11:04:22 AM,11:04:25 AM,00:03,PR (Posterior repair),No,No,16,11,Right
10,11:04:25 AM,11:04:37 AM,00:12,PR (Posterior repair),No,No,16,11,Right
9,11:04:37 AM,11:04:37 AM,00:00,PR (Posterior repair),No,No,16,11,Right
1,11:04:37 AM,11:06:02 AM,01:25,PR (Posterior repair),No,No,16,11,Right
